State Score,Education Score,Geography Score,Age (normalized),Career Advancement Opportunity Score,Job Satisfaction Score,Health and Wellness Program Quality Score,Job Demand Score,Work Experience (normalized),Company Size (normalized)
-0.4984511635170964,-0.8547688299341984,-1.391965200956299,-2.811930534302328,-0.0105560899747137,-1.145179305324838,,1.1755616408643623,-1.0172017504970103,-0.5497
0.5469875760875882,0.556143975606469,-1.1349679203557963,-0.495889278674922,1.1022054826180605,1.2246035023791666,-1.1546291771604351,0.1804263721285476,0.071080479036684,0.8540
-0.6788463283289723,,-0.6198993857872469,-0.1760975528101417,0.4135249091490019,2.03145435741527,0.6483062506395186,0.0595647156103035,0.0594383889289565,-0.2552
0.6262495660395715,-1.5520941119746696,-0.7395041613146427,-0.3057125308972626,-0.9799189393007686,-1.3496355555655402,0.3491346098941931,,-0.0935663535591719,0.1648
0.3928212353977708,0.96203277666694,-0.1144148179061928,0.5145944175200027,-0.0143357120210293,-0.5021669038189724,-1.42699522642932,-0.4704452253065944,0.2988605456186454,1.4253
0.3654906067112288,-0.0250845013438957,-2.001771035282013,1.0755465918513518,0.1096062024323699,0.2729523025814473,-1.3526021327644824,-0.852113851122456,0.4779849811416543,1.4669
-0.3573271604870131,-1.5568454031607826,-0.8504374728258176,,0.3894911157933758,0.854145648545629,-0.1985439040232297,-0.0306346776173374,-0.0625268915631037,0.0771
-0.5776432334649036,0.0760608543405809,-0.8157350886424062,1.4498079140390616,0.9422235027662068,-0.3905451987920783,0.0832409753201393,0.362328981533541,1.8255386918496423,-1.2197
-2.23266293440212,0.1622604540778537,0.8446498065623149,-2.009041225432282,-0.8127092742363023,-1.1725328753221618,0.9992071224433566,-0.1224690141949716,1.0403229275487258,0.1850
-0.7723981361581054,0.7012083912278786,-1.878064945936244,-1.442554193737906,-0.6027405750165098,0.3883899885948373,1.15352128858788,0.2140129347656912,,N/A 
0.2090881037731489,0.616529108868892,1.1157919091134012,-0.0121516967593806,-0.6658956843285577,-0.4405253723029234,1.1139829618421215,0.6334394199185337,-2.335651843862413,-1.4090
-0.0973132308878083,1.2519387871630825,-0.628585150796513,-0.6259811652702991,0.8646992255501832,0.0043138204391923,-1.0909101824300782,1.0336700193067545,-0.3809989259235579,1.3435
0.0481549536519524,-0.0886948183495211,-0.5835401830884459,0.2391826771560724,0.3558409749371303,1.0801505654615458,-0.393863170402053,-0.5464977804227372,-0.5954525590890424,-0.6640
-0.9180695191380656,1.1185599869501806,-0.316139942476727,0.7060197447470097,1.3497985450119674,-0.4833539172404554,1.5701790356965457,-0.9568079523854576,0.6894275125500071,-0.4417
-1.7088850844026575,0.084735828330923,-1.094935986304464,2.206561866039534,0.0711853704398664,-0.6407329431134003,-1.5463850064170817,0.5691462432017582,0.9386680926903428,-0.0267
0.38699569271427,2.19115082069743,2.01019087925276,-0.8400646965173699,-0.5096356352659577,2.3968997694042757,0.4342277243414673,-0.9528641415841832,-1.5170229458992166,1.6599
0.1326792643514795,0.7899349806675996,0.4323958609571292,-1.3234630223637374,0.083304753453608,-0.9415602804846968,1.4477484301343555,0.3567466542426923,-0.1585698313594723,0.6170
-0.5796874459824022,-1.1396507477121147,0.5289967465370781,-0.0375166680780626,1.091102209928508,0.9338774855332108,,0.0726067434747101,-0.3270096322272774,1.1658
1.7287561376055116,-0.5089684018025672,-1.355999034884667,-0.1833512862495093,0.6059028931251373,0.5583669913869411,-0.8467850847621307,0.8783271190493693,0.3724102625937663,-0.6148
1.5727830318909857,-0.6326990960739014,-1.5038260554389185,,0.6146766161649327,-1.1741398291593586,-1.4209742324517451,0.2988324742270175,-1.7134535696630655,-1.2148
-0.7683209295944589,-1.0447265802215535,-0.0184837521688681,-1.5284010056595785,1.6499116917339287,-0.953002225222944,-0.0229224619268978,0.1180535294599518,0.0606282131730676,-0.0586
0.8439611920885812,-1.5558726934387044,-0.1384095757389871,-0.0113285954299243,2.3282217513118866,-1.6739982652248382,2.0551193105206265,-1.714720572817629,0.0522840313877161,1.0614
0.0419516890937521,-1.0397317839332458,0.7615460811737638,0.0015148844566584,0.295679397705466,-1.6962425623467985,1.043167969627856,-1.367004212138851,2.830119416123314,-0.6799
-0.1286192771730181,1.2762419779595504,0.570638576659345,-1.1058202551443626,-0.9234514413669076,1.141262262205766,-0.2732525679432156,0.7529621658728879,0.9111215074167972,-0.2834
-0.0678734793792043,2.1434365933068538,0.3277348361623241,-0.2493387742442751,0.318962870061833,,-1.6081572801602984,-0.0674791343928714,0.6847022512744229,1.5479
0.753971538212971,0.6055144004774345,0.6320565706621901,0.6937678519173159,0.1839525150288699,0.2569313420085716,-1.3056689120879512,1.4608593225397513,0.4006005926061872,0.2265
2.158328885122979,0.6627693270402222,0.688694238766147,2.5700927489980243,0.3453151244942423,-0.7403135433268859,-0.1324117188237351,3.142284866130276,-0.777036004257169,N/A 
0.061046712757877,0.0844929070846913,-0.6617812412973414,-0.4106936075477672,-1.6347335350356598,1.2622021558567011,0.4243256988246588,-0.2036758367525035,-1.9311094044041504,-0.8658
0.6527629806144772,-0.0547455323294323,-0.651490844804025,-0.1710287169772359,-0.5898392456468694,0.0694816710792276,1.8714009949728447,0.569975869276106,-0.5313486421335918,-0.9069
-0.6304310230488428,-0.8744418001439227,1.199309209304115,0.2298030019503606,2.287148929619806,-0.6683471440218763,1.0103293291751505,0.213272922932217,-0.6839647256425432,-1.2342
-1.2136152900100272,0.0745817427085926,1.8363227686844452,-0.1001355229542176,-1.070044755797088,1.3169072435066629,-1.47011710396559,-0.3835373466696483,-0.0480794540398417,-1.2021
0.3935582265045722,-0.8580565743142635,0.4595189543416235,-0.3544671699029399,-1.897548111058984,0.0404839386258485,1.924662263268477,-0.6688965584132355,1.2711362018782009,-0.5470
0.0746608219774325,-0.3818724841418118,1.167464000804479,1.114624443052549,-0.4355048099917245,0.317730151596703,1.0531994660801145,-1.2363718019992025,0.165438146986427,0.1700
-1.355091992841429,1.1761864986063442,0.8361388599592492,-1.161593114607222,-1.5087041296218824,2.2526086715596456,-0.6541115654656499,-0.914581817498094,-0.7003786536205615,-1.7191
0.2593114472041286,-1.9929333490031709,-0.4944260201784016,-0.0127665882001172,0.0757007776529666,-0.2206888365430404,-0.012454715157831,-0.3341452946418846,0.2332317649529856,0.2545
-0.376401733693525,-0.9463444409118328,-0.8369515090362654,-0.4578476047997064,-0.1801650752210489,1.4112276384449205,-2.0370487129719663,-0.0070856716784202,0.2265336210340484,-0.1428
-0.6298335569894118,-0.1807320424332909,-0.4929007944569418,1.1599913279605147,-1.1623098118558486,-0.4240610764898077,1.1532127770796017,1.0640618776125963,0.0934879449544142,-0.3034
-0.7473979929966541,-1.9952818854801733,-1.16552361065372,-0.1598821548141909,-0.3250740911351846,1.2020361676936289,0.3983009766048986,0.2741400151776332,-0.0842369711002102,-2.0142
-2.177736476243184,0.7901654946136156,-1.0708984733376237,0.5168396825921612,-0.8778526571886156,-0.3865892705633327,0.6705849450883086,-0.6261708313057647,-2.084791179366688,1.1835
0.5395828121469676,0.8063645014309678,-0.6054496418155383,-0.8528111652819329,1.481227219176109,0.2633435210113288,0.6949006480435211,1.153629974838783,0.7851827109044424,0.7011
2.0749821463059286,-0.492379908264564,-0.1014364305107817,0.604963538274994,0.2937343613708719,0.1324734920962963,-0.6639399677458938,1.932223528374256,0.0326164353349066,1.6433
-0.7569574610411438,0.3380704247316821,0.0093609115885884,0.6381175257451662,-2.3916884024827603,-0.013413387778917,1.677714969016112,1.6736338283846437,0.8789481161447495,-0.7371
0.9762280720292992,-0.0831256127840444,-0.0031468453233856,,0.5101615178872605,1.1707330090443142,0.9270442571043012,1.620382392524829,1.531448252810857,-0.8782
0.3133638703704047,0.6823965945994904,-1.8048261848370395,,-0.9734887179953092,-1.4178547973996214,0.8099645947898988,1.1712620728899046,0.1759879136744281,-0.6685
-1.8678976043246287,1.7675069490223163,2.5113817118670325,1.8956405705735533,-1.0674172123012302,-0.1412339791267488,-0.0635168959836741,-0.3840137639969022,-0.9106812507998688,0.3204
1.4397093778391008,-0.4438789657569333,-1.9619623488125293,0.8823246757133141,1.010742421957079,-0.5509272793069497,0.0476984586021004,-0.6114449318032043,,-0.5297
1.2518303596979112,-0.4329713975176061,0.3486415271026883,0.3070566377445343,,1.1287455428491655,0.3464337648432112,-0.653701495766745,0.5214277062254423,0.2961
0.4303004438938884,0.1691207736984607,-2.017973975270935,-0.8231930599685219,-1.4874784799650185,-0.2269425755372736,0.946052004167115,1.8601324394247616,1.0359642425175757,0.6233
0.772055478313238,0.6962153134336287,0.2085201073390031,0.4435774051958603,0.5187282006277302,-0.3777303417910563,-0.1422500543652289,,0.2361461206288398,1.1479
0.8049854140764472,-1.2596385436418955,1.1309312838159684,-1.647549449185187,-0.9347330153726208,-1.667498956288629,2.109197924044824,0.1761324721632441,-0.8595422639749796,-0.2148
0.5917542340009738,0.3440755646882579,-1.0651755904773783,-1.226818887034106,0.1237427360991386,-0.4480643882497054,0.7741017059245482,0.9888536111372288,-0.1557115781476335,-1.2586
1.2965584663650198,-1.088924907510069,0.3683304353409899,-0.1190468479300563,-1.1237514801667223,0.268240219420891,1.4219850225975426,-0.7465670363997469,,-0.5978
-0.2192123424826564,-1.5325527625661044,0.0325712367985762,-0.0176862697250281,-0.069561054972744,0.2933553045111396,-1.92807093675462,0.3844595839271518,,-1.1916
0.3634562770876183,-2.3080659185789183,0.1613734252121994,-0.9537283388205978,-0.6819394346269946,0.8925890696191106,1.0327225940480358,-0.5878849451113172,-1.7240391436862594,0.2188
1.7270970660945495,-0.2889349101307289,-0.6468841695828915,-1.0664039073379703,1.345630230419813,-0.3671141030797286,0.0172170340274046,-0.7000660921537414,0.0950230698852535,1.2184
0.3048662829138306,-0.9358019844003554,-3.3529004005402583,-0.0620369155474861,,-0.1391655108690162,-2.066391547611548,-1.313401574881507,0.4700512129938266,2.5110
-0.6154960209801876,0.5191399938914472,-0.9138257464767644,1.4770481360018808,-2.127290825424679,-0.0673619112661221,0.7738683206292037,0.286497948663844,-0.29506927323715,0.5895
-0.3382059490152546,0.428646665493091,-0.1741770839054965,1.950677271636952,-0.6367733410855665,-0.8396736957894161,-1.8464961302336576,-0.3838704750497145,0.2597394620290406,0.9767
0.6612949039183489,,-0.1624394604382195,0.9741907950627672,-0.0401822974491374,-0.511450150590359,-0.4891542028781733,1.4466262421542284,-1.7652547111417047,1.2815
-0.9333916614753,0.4758317588187317,-2.212346313084764,,1.4745295744792215,-0.2338213600410473,0.3961756370499272,1.514662758203282,-0.2310400249157616,-0.7585
-1.7095655146191675,-1.8318914877427577,-0.213064799366938,-0.805856746333962,2.0318273581112707,-1.135786475932122,-0.9710439480255152,-0.8897375881994153,-0.3506402554762777,1.1052
-0.8403082956605931,1.0642155013410666,0.6241410493481004,0.3599615252267266,0.9044775591713125,2.166747213972828,0.3309433601166102,-0.1651633754182694,,-0.4861
-0.969618351717035,0.9323744145029412,-0.0250339762836039,1.1075521024823352,-0.4391135086085438,1.1478350104148138,0.7393260291374181,0.4055642422248046,0.8270581943726137,0.2484
-0.6047414084013265,-0.6444627167699369,-0.1091786031652041,0.1415575308266607,1.290990423757775,-0.0592318973795621,-0.4863204748536305,0.5380414996112902,-1.0446133519741616,N/A 
-1.0063129690178527,2.1003810561308245,,1.3740851199679849,-0.9460428332599078,-0.1043437890634272,,-2.3818288070151645,0.6651721549450683,N/A 
0.7131233797974043,-0.7970769538660255,-0.2641756709045859,-0.4624475214492091,1.079008489778585,-0.8733565174475522,-0.1528502444021331,1.9902251779416216,0.96135940766747,2.4949
-0.5195150369289963,-0.1076740728613719,0.2748046779290197,1.086362414253561,,1.228414125492693,-0.6760537055539682,1.7133520302899568,0.1746728257458644,-0.8658
1.4956259239545322,-1.023142267778269,-0.2223635037950798,-0.7979460012277162,0.9240814507080136,0.1637057944625146,-0.6862738687959793,0.0781780713112487,-0.0138354186119283,-0.4737
0.1054225933810231,2.0793736004393684,1.3234832552358091,1.018392223932504,0.249010721905385,-0.7973980364627571,-2.25795324898866,-1.1131007066888112,-0.7092389075811493,0.9449
0.9392628380948018,0.7942687135472309,0.0582441239989073,0.6684507805060182,0.7235683973689322,-1.1042982124550664,-1.3711914564718408,-0.1391607683446033,-0.0969234160001425,2.4361
-0.2096941811913887,-0.1301745007969912,-1.3731852010497656,0.9193647658296422,0.8749472636845954,0.2441168891482389,1.8515652946122128,0.8087311787101006,0.244423805742951,-0.7174
0.0382503733059595,1.6866897597304698,-1.2471712895744975,2.143339345527443,0.96590769550068,-2.68719669882902,0.2045847362221566,0.8427124054414502,1.120151251353884,-0.7171
0.1579827981442304,0.6107304763521677,-1.2555383972721663,-2.2851398743796607,0.5585398461638494,,0.3165181357455472,,0.769058880220851,0.0871
-0.7301844733887053,0.9525144190542286,-1.1768318780943698,,1.1759560086500738,-0.8241426829128964,0.2861210124661787,0.3361259917706871,-0.4899725877748713,0.9900
-0.7198804874631304,-0.0179404576801113,-2.2552618512918325,-2.0919496109112234,2.3201710064288386,-1.2822558837882936,0.5573187785544265,0.4015941488794581,-0.2056026219906444,0.1925
0.3733254878567578,1.2509433113327006,0.2389612839872542,-0.2361218033958325,0.9812831410765388,0.2618028677756728,-0.1333668462131076,0.4649059708098843,0.7265008439178957,N/A 
-0.2424699706781217,1.3254245942293004,-1.173045695241901,-0.0103973730250035,0.7806023842089447,,0.343574663435326,-1.9756280053727824,0.0340761142581331,-0.7015
-1.2734303626896262,0.0806550292824175,-0.2510910708140424,,0.083006366358411,-0.6451767526551067,-0.6194627460720419,-1.4045016312189686,1.5566389889323229,-0.8814
-0.6531594419641737,0.2050751443234921,-0.3229203872795899,-1.0325307863261513,1.01147788769443,-1.2149731202931469,-1.579706754144959,0.0053577548228498,-1.3715088249751268,-0.2142
-1.099329956411341,-0.4212842090616346,-0.1552129298009215,,-0.3540041696481397,1.6339743428477134,1.3313909312655996,1.1291150968786807,-0.5857735117917382,1.7289
0.3131937096077858,1.2014859827396212,0.7197127006677727,0.6050067826022395,1.100945155196705,-0.7965673940682566,-1.363102124425538,0.8873939713780156,-0.0675117768264221,0.3608
0.1407877894304477,-0.3071728093119377,2.1411955118956736,-0.5515638631617132,-0.0238021354492951,0.3047986791328289,0.8948728355429585,0.0617896420128575,-0.5802189445746134,N/A 
0.3247470412016018,1.2241112946633756,1.6246999677172205,2.101915261424148,-2.2183838836282868,-0.6395108416412865,-0.6199486359562673,0.1004984569945918,-1.9609352992402616,0.4241
0.5990588921887409,-1.0484413431509163,1.8236075975680888,0.8408540469630423,-0.4749072654553556,0.7573187033419063,-0.109187510545213,1.6025379267425106,0.5652999268182367,-1.7696
-2.315923150218236,,0.6336654004704706,-1.7394376590741745,1.0725362836493346,-0.4629596658387571,0.7693756173739932,-0.4146098260760527,-1.695976453532036,0.9553
1.8201239869764392,2.2380428092745683,0.9363711279398302,0.5325939354692072,-2.0243148131157174,1.6047068731687726,-0.0517370705223022,-1.600660678562861,-0.8709088905441448,-0.3190
-0.2785210116947498,0.413463444827525,-0.114488874366438,,0.2212206832175481,0.6015518773294872,0.6164949940674731,-0.1074496612417046,1.871691147778887,1.0589
0.4515942083522903,-0.6401658418910444,-0.3197055278587123,-0.2003538987463697,-1.1285967010926128,1.3373055074969609,0.1479497721653458,0.4899593728712045,1.386791548465025,-0.8659
-2.706930335465915,0.583892033135524,-0.6573019791942373,-0.4781689984729237,-0.2546460150420047,,,1.596443469380028,-1.3924585830380558,0.3951
-0.7690831203157518,,-0.5712013269220679,-0.0386139613354854,0.858405210554699,-1.299052364678169,0.3639972042516739,1.4381610722401643,-0.9203601064639718,N/A 
-0.1420167371933759,-0.3950568256847425,0.963400857380456,-0.4685832573915688,-0.247677592457414,-0.046515164129169,1.53360625183426,0.8991001836389508,0.652401703226158,-1.2495
-0.3717107759361199,-2.1164760654308927,-0.2343581614856768,-0.0994529675079223,-0.1783058948709918,1.9676151541522409,1.1157418188017678,,1.1166651302062232,1.7824
-1.8092819333528232,0.6181141124664224,0.9943717331761144,-0.9593443065542708,,0.1045247521453917,-2.1761994800458506,1.9131133250272,-0.0474900116696272,N/A 
-0.8203267002127581,0.1650720929655315,-0.2343728667699655,-1.218286108371945,,-0.2108964476626043,-0.5867512277536296,2.30094700761531,0.1536171454394438,-0.3754
,1.050308980501557,0.5456325339671113,-1.049254340373311,-1.031955419394645,0.4007023049431544,-0.8087023098781391,0.9126517543323508,-1.51012932285461,2.4509
-0.7542748007880512,0.3690221758851333,1.002907758747777,-0.6007742311168359,,0.1733886574498281,1.83645727158007,0.0194672635345038,-1.9046169305980611,-0.0241
1.0791862095505889,-0.3663897639729539,-0.4293401288707602,0.4992660398029873,0.0220503501414051,0.2315174211041284,-2.586511795216271,-1.279901913574288,-0.0787072392091838,-1.3049
0.9383841372062838,0.2090305610878759,-1.4916145609121405,0.7830099488805321,-0.8899832233453768,-1.1550170574684908,-0.2718420877330599,-0.6571075246968408,1.300769247724179,-0.9313
-0.8146754441587154,,-0.2617138447994813,-2.099066248323083,0.9862108416583024,-1.6261770173267207,,1.309000518618597,-0.2647897330758656,0.4421
1.0229134846098318,-1.115017133188362,-0.0294328025722139,-0.0458387475672386,-0.5259132308812497,-0.5889456343449068,-1.1599573113449984,-3.230168229497957,1.607374132426046,-0.2878
-0.9203999243768956,0.1999964411708211,0.629113711904119,1.2131427120801128,-0.0784944677779819,0.3793426871128049,0.3149359673967807,,,-1.2216
1.6254073458816272,0.4484017244993877,-1.8986536485297416,-0.7439989249445411,-0.0701479680023552,-0.77579014864476,-1.2680920399468425,0.113236444771515,2.870930957260658,N/A 
0.4205199581454201,1.5276595321524211,1.7395115226500608,0.6037730816881125,1.2671607495350117,-1.773495730661026,0.2646565428406233,-0.429764079399354,-0.8711653818358569,-0.6801
0.9039718078243858,-0.5615712810404883,-1.067546360173811,1.825024053047943,-1.324230014906833,-0.0128061217332822,-0.3990063082083019,0.7668708364797754,-0.0990576507634911,-2.3510
0.1407597520166383,,0.0897358981262255,-0.3376621678646337,1.7478271725504806,,1.7028683412153245,0.3210829052988973,-0.1094521682959432,0.6694
-0.8167800605818345,-0.3105311925819049,0.4638291977204775,-1.4240292150310363,1.1819434658478227,-1.1044726229967885,0.0290766082232227,-0.106708563483214,0.2055120231107659,0.0814
-0.1276816268354011,0.0640516176609594,-0.0152574472821828,-1.2286847481406202,0.174449404264486,,,0.2881866596960692,1.7562047945610475,-1.9153
0.370531742445276,-2.3964431851940384,,1.3834400089419876,0.5664100375087207,0.2246537211252463,-0.3864934653790864,-0.3183046411185667,0.9640171252160848,0.9296
-0.4822018676374897,,-1.127297662221152,1.038129248746776,-0.1001617154129702,2.681002421982627,-0.1383030355433904,0.0568905007450402,0.0857183856141247,N/A 
-1.81525291933538,1.763833861205776,-1.0328141550793817,-1.1453839377598125,0.4248696120827238,1.4632294958567915,0.6354164298149302,0.7517814397140239,-0.3718810801513582,-2.4620
0.19222719002499,0.2868103021906304,0.6490472600043822,-0.1955875415120429,1.721727347856374,0.794424654555923,-1.109765870268815,-0.6505732333511932,0.9922992524369506,0.4108
-0.5523847262644828,0.0152368795457824,-0.6791829528822866,0.2707725535779332,0.0383118912302026,-0.5680067953988942,1.0938400466827511,-0.8073668303587963,-0.8744826700412652,0.0889
0.6464032594365225,-0.1202058490482238,0.1956418470354456,0.5982018399895924,-0.3674657733100652,-1.4593361510127274,0.7234199673295851,-0.9668833626248088,-0.8526165449811552,-0.5471
0.2063700162852792,-0.3648649493750025,-0.993067400454866,,0.449094815292919,-1.1262993531039682,,0.2309992581214723,-1.7664432699793486,-0.3413
-0.8203747625227381,-0.1215340149409802,0.6409507601239679,,0.6660703676327626,-0.4256202459639389,0.2091897566772538,-1.1035699811022956,0.1862134881987351,-1.2823
-1.365173714902333,0.9054265586224006,1.422029790080828,-0.147383286164132,0.1952702530141546,0.7467216038342872,0.1027518339264467,-0.1648149243984836,-0.7165270503091132,1.8350
0.2155359354156101,-1.637365738668806,1.179928978932663,1.6685459595858163,-1.561112817020928,0.7928802153054079,1.3707280725890776,0.6443001252767746,-0.3787557846477499,0.9374
-1.2668815153547388,0.7996116421543668,0.2339539095651404,0.9849121333931288,-0.3133593032292658,-0.5242340604340808,-0.6111513410612762,-1.4959982266083112,0.6901870719177488,-1.6448
0.0119772090373877,0.6437950083192592,-0.9369605145614308,0.1373544802193107,-0.1624706363608271,-0.4727122812539767,-0.1226042085897949,-1.2596903077902415,1.6829908810527918,1.1017
0.8053192806327781,1.1079615094571875,-0.0250738799732499,,1.8938231104575076,-0.6583672454771159,0.4011881573426667,-0.7817056920860548,0.8244053601263779,0.9851
-1.2450770969145184,0.4363454509435968,-3.028556427016726,0.2634734305418962,-0.9615975707484032,0.2910740631903226,-0.0528163815450003,-0.3178079939345562,0.3238967699241534,N/A 
0.0388084685265473,-0.6534256647925437,0.6337736348300753,-1.215591862070531,-0.6030947145243165,0.0308280465905796,-0.4376210899847581,0.1729047991850715,-0.229489937834989,-0.3997
1.9230927809456828,,2.003827264011849,-2.126047326200508,-0.6478942876578488,-1.96758177340544,,-0.3811330139307491,-0.279792116766088,-0.6087
-0.789418366975315,0.923212679237421,0.7644390984616727,,-0.0827168696593377,-0.4830624294270206,-1.2210925636698784,-2.509721413250769,0.4137412466354627,-0.8304
0.8894235191476701,-0.3603062452987943,0.2568234222697687,0.5260104384447487,-1.1813446830166054,0.2349226036595682,-1.4022163521904585,-0.5605587381553054,0.2610367190234088,-0.1982
0.6068820560780394,1.496385483132463,1.7111719457757746,1.3822691330541967,-1.2170265280565675,-0.3918732235255837,1.0141633063407862,-0.335927273568307,0.8181048461527306,0.0279
0.4592220051423158,-2.361892771225949,-1.6399717825745117,-1.1542499207913768,0.1143209834112078,-1.094643063414096,-0.1035053915434379,0.509161762906225,0.0173567369135986,-0.7320
-0.2649489863902682,2.807616111139558,0.228886804365848,-1.5166062128892013,-0.4047678822360838,0.235320341749923,-0.3118196789021875,-2.146606897784753,-0.5303427074013957,0.2209
0.5899774024911462,-1.0849805053085173,-0.9861536719328468,0.4680111650482863,-0.1261476882724344,1.69462330051039,-0.1519261572286337,-1.3010762856979023,1.4778430307022064,0.1286
0.162574598257423,1.1363059597483,0.9041942708569222,0.7642723461046698,-0.3857646765672533,0.4850277614884239,-0.7763215954774205,0.7695076440049841,0.5390258486622146,0.9301
-0.7515162710842227,-2.0494595367901374,-0.2147707411677816,0.2266235765998745,-0.21399614406355,-1.6941992508185897,1.3100636897147315,-1.6892039708512774,0.2872272917564133,-0.7901
-0.8919998531753021,0.7675383465006657,-0.6811362047088338,-0.6606306067521969,-0.761168628028317,0.5044500782091551,0.1211943002643966,-0.132026406711439,-0.8520989049174245,-1.3995
,,0.9658686183352058,0.0883425119195815,-0.3906930704256811,0.1410115667893149,-0.3630288549778754,0.2272212948335135,1.2642554700741702,0.2962
2.033194560970245,1.3284573502954058,1.2531190400037973,,0.1161593258047564,-0.431613755484428,-0.1518101962218681,0.8041451822418967,0.3304542282935566,-0.1149
0.4133983758908494,-0.6264881692823028,-0.0051533294663484,0.7470619166543682,-0.1162269596505613,0.1489516724900868,,-0.125402911754281,-0.1817072689005449,0.7078
0.2982979574238228,-0.1006122188949207,0.4923481779488121,0.5556139078549691,0.7232281110953512,-0.8662553840155046,-0.3721619136232722,0.5507416622541934,-0.5344154037023123,-0.6576
-0.2562223232114655,-0.6509794940676671,-1.3679112676663958,-1.7416242173291472,-1.7450138110278464,,,0.98595470610338,-1.424831759313658,N/A 
,0.4156830044853227,-0.5428572674400878,0.4376169233579814,1.1785043296782671,-2.5165793898058,,1.3257985620191506,1.7269482895758128,-0.9556
0.4027329373647434,0.9978855265459446,-0.2344681982491016,-0.1677868531862618,2.1950180331704647,-0.5695675058612281,1.9885610936187597,-0.1088239036866365,-0.7361921921715867,0.6413
0.6948864857788184,-0.7100775282092405,0.425583629348382,,-0.4416510219795088,-1.0481418422526827,-0.0086296647839482,0.3609642421771887,-0.1826053189714757,-0.5591
0.5165159792881086,-0.1195492389988604,-0.5536850320341176,-1.0288373921991234,1.5732880979632626,0.2205835875533742,0.1524082865288756,0.6113990338398357,0.5258085339865691,-0.1053
-0.1024160976049581,-0.8830792209607756,-1.5464385530029563,-1.5392256981584378,-1.9466281731736383,1.109668458546349,-1.305230526601508,-0.7343554164478022,-0.7812206517369691,0.9422
-0.4632208343678878,1.4371447373006825,-0.7231412092515868,-1.343720640380341,1.7592112556664083,0.2565861750157367,-0.0130557150685852,-0.4846867180200508,-0.7084569942593772,0.8551
0.0168456859632584,-0.0845444122762791,-1.3005796013519724,-0.5837611701066989,1.4837111776067584,0.8617243551575667,0.243292866908882,0.8637996746233463,1.6481883043190175,-0.6819
0.1763407331030968,-1.1070088332766228,-0.8691360068491373,0.5866967990790993,0.1345018901389308,-0.9879317923018416,,-0.2320169900350975,,1.2833
-0.3449114206283088,-0.0318025292380862,0.1155588015533027,-0.5676551188451501,,0.3511423512008423,1.2758783590036862,1.0177432966408628,,-2.0260
-1.903369302518692,-0.0360308405650095,-1.005915558353875,0.0951795388636713,0.2056256488959174,2.068412148306677,1.6170374751572234,0.3601713552686171,1.2287011034783064,0.8084
0.8243771524789699,0.4183229470234912,-0.0015274209095341,1.9573376160028844,0.1719227520693684,-0.8059151609647454,0.4318345449592356,0.4746383899858497,-0.4864643236214713,N/A 
,-1.3929809401590982,-0.1086361087534248,-1.879879074907636,-1.0049997563606727,,0.6814637924449993,1.6833506013155732,-0.5858489644059213,-0.4327
1.412972429997771,-0.5407670122835617,-1.0998660796810775,-0.7899628108955296,0.4113021830753721,0.5759680961015481,0.113747199075634,-1.106065563212218,-0.0639487317082638,0.1789
-0.8490914976647236,0.4885776391377234,0.6088665624688635,-0.3015950270397566,0.8575710327175374,-0.7297932588254789,2.3929300823526134,0.013782138601907,0.9067027325723348,0.9708
-0.1843811567277992,-1.1936095724771971,0.687522277801531,1.760458938394824,-0.8694059771956573,2.070930821767183,1.3303795458921015,1.0843797895782543,1.0093431026449111,0.3957
2.0528085746447844,-1.024452023907399,-1.2886775376573718,0.68423902082629,1.6582694862639198,-0.8924662703250872,0.0774489476397516,-0.625520491383278,-1.2647938816412083,-0.0476
0.7459476180919369,0.8157430935258134,-0.3747167262237295,1.0301265273184588,-1.1116220025891608,-0.4552190383779777,,-1.0914474113267596,1.013239625391679,0.0945
-0.1682932685574112,0.5079163855097015,1.0332776225348748,-1.2566610468265316,-0.4001531184673639,0.1530099534764933,0.5261144574009184,0.6591707066658091,-1.3670874121760384,0.4207
-0.7077442865179427,-1.2781830363374234,-0.3335458764324541,-0.4686812670514293,0.7057384329072082,0.2132984097818872,-1.3443950653476884,,-0.8362173924374218,0.4283
-0.6949944863619302,-0.3545347220928589,-0.8056095492010973,0.521309521503057,-0.8447357974089309,-1.5580977247548142,0.4122441187978647,-0.3171822735238548,0.8383799085718048,-0.3871
1.0632338022445889,-0.297562169376333,-0.5589973083925257,0.1447061669705135,0.1172056517886556,0.9472526521782132,-0.7612435894059901,-0.4825306787904996,0.1181173173167765,1.2557
0.143854752117284,0.005742587524856,0.1594072543245295,0.4305769538624681,1.2450618109280902,-1.0449259507877142,0.5083701437168853,0.2445146388835759,-1.1819209403218651,-0.7282
-0.2399562988289048,-1.6586047065732947,0.8794856905576622,0.23933926643124,0.755299957952175,0.4850026281472799,0.3494764086673662,-0.6950566454073361,-0.471400082963688,1.6115
1.339868652237756,0.8307845094584374,-0.9793346758426194,-0.1139474083992977,0.5431524445061433,1.5886680001273272,1.6558129614896022,-0.2051046537665807,,-1.2429
-0.0273213238417797,0.1183720781218305,0.4104709850981461,-0.3197779535379695,0.0393046742654898,,-0.1613815641346611,0.0029593004539102,0.9664946178587832,-0.8895
-1.0395467821000206,,0.3989355687432073,0.5961627185409769,0.5376582147563402,0.2771886241046348,0.1473969244202422,-1.3838023478838386,1.3150166256986786,-0.5264
0.4185497586697403,-0.9763768983524758,,1.1848105439036016,-1.059332828754192,1.156815351400345,0.4513572878082443,-1.1008969229767311,1.3474966863578006,0.2741
-0.5979036091737941,0.3816046016412054,-0.9296642239223476,0.8952795835300709,-1.5802377250484434,1.1996293975279886,,-1.4329706633324106,-0.4669585682627883,-3.3177
0.9537088442562506,,-0.2268161802887198,-0.1929277224656703,-2.2894318782545167,0.3676823370440394,1.1666708885861374,-0.1052958712742257,-1.2561383398996724,-0.6447
-0.5688111964708401,-1.1498191303851792,0.7640972828093693,,-0.011242461840684,-1.1943718051061112,-1.2289075018626372,-2.6565850721162354,-0.6102506556977886,1.8413
0.7577031199075982,-0.1645828294271631,-0.2781849234405115,0.8257727415057999,0.005194799366642,-2.250562835846117,0.3695908394724626,-0.0484408242532948,0.3204983276080076,N/A 
0.2720215178683507,0.7842996659773769,,0.2122232414294546,0.2433251846156292,-1.018863998854428,0.0371705478013463,-1.5772057151188692,-0.5935634165936783,0.5161
-0.2014652650114816,0.1129938553573489,0.2298052563473654,-0.2486522535989809,0.0004832728691863,1.566195659814042,0.3951975052312619,-0.5714542782574736,,-0.0259
1.167469994724896,1.3632330310104426,0.921335309599022,0.2345531451063713,0.2379071797243805,-0.9271422863318144,0.0101306381262493,-0.9589334238987092,,-1.6520
-0.3576811960670659,,0.5363987906364621,-0.3952936634693619,1.2601934938734902,0.6437190567969455,-0.70392184477453,0.0210333230115228,,1.0134
-0.3167040176826876,-0.417133349771058,0.7363541647608822,1.3566126569526855,0.6387500266394908,-0.944270610908222,0.0270567007437369,-0.0002211139765921,1.675484643024159,0.1817
-0.6183343061345387,0.931508064144912,-0.5877643013411493,0.533024044566979,1.022445917627097,0.9649128670230992,-1.554050059945865,-0.2319396096105374,-0.3087588700544263,-0.9167
0.3003887841852066,0.3180584289103076,0.1107591608490449,1.6385353637575897,-1.841931104330097,-0.0809814959941702,-2.45460990356838,-1.1876428558818195,-0.8143159045399593,1.9925
0.4823875329383463,0.1283847276280033,-0.627000610883359,-0.0051655644947758,-1.0698344480514352,,-0.6756783541337105,0.901597469077152,-0.1176195812139752,0.7702
-0.7431002483582942,-0.0514978981718706,0.7929981150048404,-0.8373222691744177,-0.7585218151790399,-0.3134825375944594,0.2751734552965229,-0.6905884591647695,0.9413961702409296,0.6369
-0.9415453805026212,-1.0830765451139075,1.2458707062370646,0.5585160279626693,0.0186827159123665,1.2371534668640425,-0.1252974558195203,1.2651638719786342,-0.6335800849233176,-0.2942
-0.8683953841961637,1.9481007616813808,0.5959118257018056,-0.3259065538392376,0.5715306287078235,-1.7219465820830644,1.7486443715403548,,0.7923865814112854,0.3987
-0.0721277040987877,-1.3224609337695217,-1.1703274137891138,-0.0454146195445407,2.595156626856776,-0.0494129852862394,-1.2627105194135697,-1.054219170572486,-1.0924572533767465,0.4514
-1.9609223878635609,-0.6594571262498593,-0.9395996489535832,0.8601908606722808,-1.3521976867348071,1.201954116727331,,0.851241832721674,1.405119073163615,-0.1094
1.154027723159907,0.0332098523043058,0.4428486300756434,-0.1858077926284199,-0.1004388536422609,0.3929505872909627,-0.3383788822545558,1.1518267080984137,-2.2786816164473644,-1.6538
0.2595571288479508,-0.7877815102772677,-0.3566879069397541,-0.0901415599462489,-0.6471706103358371,-0.0044930718985629,1.2308373495668932,-0.3308549686636154,-1.539716845320982,1.0785
-1.678908160998964,-1.0530486714369505,1.3308961713559118,0.1671742746822283,-0.18584361005611,-0.4971222008993629,0.3040022164795148,,0.465071438948352,-0.0482
0.4035969278578628,-1.6835931110061395,-1.1720987208287603,2.089884778358148,1.5208642237911991,1.0537852035326378,-1.0550987813749508,-0.1150916857763476,-0.6384148361728663,-2.0337
-0.6859244540770606,-1.457436538839892,1.095338076229856,0.3615525243954531,2.16237129050924,1.0232068008657371,0.9504397894043588,-0.225881350549516,-1.2112990363741307,N/A 
-1.1781695973903543,2.27538703412137,-0.0424474204346386,,0.0765314462240133,0.8997043264718143,-0.2144824643339694,-0.910495721836713,0.970054618142821,-0.8816
-1.1467265780763494,1.5694858779603562,0.3734370106370184,,-0.5945511632485602,1.6172256562250302,-0.6422192014370375,2.038737596098631,0.4400744114054957,-0.7170
-0.1810731896327957,0.0277405234378845,-0.2365807168135869,0.4971490839637673,-2.06965762481086,,,-0.8725081173864837,0.443261933770728,0.5921
0.9939694721308352,1.2623837422614852,-0.4112574027838399,,-1.0197346478212668,-0.6882166369107929,-1.073066835653251,1.2431951916164616,-1.2283504629874968,1.3637
0.3022961860066244,0.4553990649184797,0.807434540138994,-1.5166842947908457,-0.5099759730618466,-1.252663685782082,1.4337815332300123,0.006240591268006,0.7782957184306909,-0.3065
-0.6548893089819615,1.5653595950187682,-0.4405723822846861,-0.3708206738484504,-0.8468012222416863,-1.2640134794860869,0.1625830255685427,1.7119664018766396,1.0734657952021274,-0.5325
-0.9613117770274632,-1.0190976883607892,1.5760039940830506,-1.1381145865802504,-0.3680654764967808,0.4584298905316772,1.3502438347766996,-0.647921610677035,1.0118728691641752,-0.0976
-0.4523626278834506,1.4549641937241258,-1.0829269638057262,-0.184951150079056,-1.8926119033291304,1.7797625473381504,1.1955619200438077,0.8867741097734725,-0.1739661605835414,1.2076
-0.6338179557522492,-0.6792327912031199,1.4568495054797574,1.1229482431820077,0.9145311898997068,-0.4528410789321847,-0.4560827419368478,-0.4996423861715595,0.0310281619356122,0.5677
0.9446761941667892,-0.4524996652339819,-0.014850508852779,,0.5094509698447202,0.9520301740455616,,0.3050106912989709,0.4680605493292394,0.0997
-0.7484628259793822,1.0392799765057694,-0.8050021002750278,-0.3282821090774247,-0.414910661022948,-1.0369221422004382,0.8217689694125809,-2.7608743513537357,0.5592079050566268,-1.5391
1.0138556637829788,-0.4977217137159433,-1.4824571639372175,0.3665743159829871,0.776424234538923,0.3183138445905661,,0.5863840336512093,-1.219958771990276,1.3287
0.8988702225626426,0.821093071561979,-0.4804136521034389,-1.0609619436823845,0.1588111409864014,0.5801356050765276,-0.46047481119961,-1.342037418581414,1.4862385677516738,-1.2937
-0.0934426598446268,-0.6970351917946501,0.5475294226382689,,0.2621910570206006,-1.1000879685578573,,0.9280829805119428,0.9664511009760046,0.1077
0.3153382059694135,0.8207437923614466,-1.908427011590569,-0.8333083641396608,0.9691717884954116,-0.797398178310732,1.1170075847644907,-1.6369140665874349,-0.4947136152782362,-0.6669
0.4269577873600556,-0.3858303846087956,-0.994886892306093,0.0841017012213034,0.1847981063098483,1.0155833442205735,1.1022506140142685,1.3180141271720045,,-1.0185
-0.0253563403982572,-1.2101115595703893,1.2091273739772033,0.5583802388737524,-0.8046687662655851,-1.0751729395778051,0.3976588203114955,0.3825314402830827,1.4334658368657704,-1.0809
0.5133294437167809,0.1826754184794967,-0.4030373958673227,-0.6737335079014374,1.81362187571233,-0.1591092319053725,-1.106381116533967,-0.2379745515447169,1.6167455174092602,-0.0144
-0.8125371285397718,0.3778397905071302,1.554409438815691,-0.3700148658045991,-1.3903387549982609,1.7423491432468008,-0.905212270552252,-0.9436128555129036,0.7608492631956851,-0.4740
-0.7138927199535487,0.9686117463682364,-0.1903301354459609,1.516086441407762,0.9242942177851756,0.0830895663311153,-1.0275222631050114,-1.4047416813055278,-1.4031362707828714,1.1221
0.5893113382739056,0.1164004416222641,1.838433040948187,-1.6677576426147274,-0.2885606287246965,-1.7190603591703195,0.8324509394704123,-0.1808665110283278,0.6024424062407568,N/A 
0.1384669989159128,-1.0749903050506024,-0.7773769396511067,0.3223960337677113,-1.0842109539871054,0.4082224752460022,-0.6623286946716761,0.5104303225298649,-3.032001416113661,0.3000
2.553799627872143,-0.124468364640706,-1.5230837476753931,,1.1069345459494782,0.4054810755946593,-0.9347424278913176,-0.0408577815639772,-1.1632511437316069,1.6897
0.1369943832094476,-2.829467877668613,-0.0449464144395977,0.2531859675536722,0.180288798351017,0.1923267076662255,-0.4393555479871558,-0.5847709157169548,,0.0735
-2.198866144620541,0.7359179769736109,-0.947006796419352,-2.0169925689009744,0.8217929159811982,-2.0942887631359137,-1.2293884095511165,-0.4400497962897531,-1.875847353663112,0.5446
-0.1581167296353914,-1.1465318757929963,-0.0655024122129085,-1.090178583201542,-0.5513425680658475,-0.2856356469559005,-0.1197947675309456,-0.4563151791611196,0.1568721129155134,0.0487
0.8012792389052742,,0.0977811882718937,-0.714024954188737,0.214025709948858,0.1223348870810703,1.3481647598337412,1.0118791194799666,1.707298346807,0.4204
0.4652304677023555,0.2960920251680519,2.4242058277111838,0.5190585722384227,-1.087783432470636,1.6304419561500436,0.7718540587470669,-0.6714293038881399,-0.6641660917812306,-0.2663
-0.5702499670643912,0.2137889558627054,-1.0893911354435095,-2.054553985085497,1.0029031872018488,-0.2580005871023852,-0.1801701809869621,-1.5083439668000989,1.9121783111293544,-1.3195
-0.1577984870641394,0.4204004513597096,-0.2174365291154893,,-0.3511515151362444,-1.7632184198204155,0.7797660567672764,-0.3577393630042327,-0.0986920292036747,-0.6856
-0.2064585847594591,-0.9472265610638302,-0.2749223533155108,-1.140023202481492,1.5127734735208842,1.1453252943110754,0.152948017443972,1.5185324693928437,-1.050420581134681,-0.5746
-2.6332286776872262,-0.4510393929199208,1.755259735456041,-1.656551444994551,1.248898491106667,2.26898900580192,-0.7729560500958027,0.534833457546984,-0.1346257526579585,-0.2439
0.4394185753000402,-1.9050546211239767,-0.0426769263920457,,-0.2351176000180933,0.3865774859461139,-1.4334219004796291,0.7148121131999148,0.8146618053504739,0.8281
-0.1703941506843568,0.4846809909171568,0.3112578906519405,0.6595942286876538,0.5716812130337218,-0.4885004317863804,0.3364161355178851,-0.7906260762322336,-1.028120068551616,0.5011
1.1043384788013688,1.2922641737698273,-0.3129145907919166,0.0204134922928018,0.0048667874342511,1.326311045863889,-0.6977287494854177,0.1315034623282879,-0.8702613320145757,-0.9022
-0.7975378018449631,0.3519182454018918,1.0134282631931064,-0.5514111094743581,-0.1238267290359763,-0.0797276629205265,-0.3771859406366468,-0.1772624577962461,0.4053337627718171,0.8437
-0.1488173959992509,1.0177283053865382,-0.8741577700171171,0.1780514673053449,0.2914335299505518,0.533169939887518,,-0.4809109512720374,0.0166289079437138,-0.2733
1.3455367878992268,-1.041323936663315,0.6351269087645645,-1.8844403508302496,0.9245756125309996,,,-0.9484263694555108,-1.243330582196701,0.7319
0.4940881159427439,-0.1214100329234406,-0.5076325825894092,1.2821686327172468,-0.2960005570229237,1.869577064860003,0.4366234644909836,-1.578486449698262,-1.3352341661596816,-0.6371
0.4194129445162901,0.6439229546853674,-0.9164909424820628,0.5091225291417315,0.0631724504890277,-0.6241316003650146,,0.2918623207514667,0.6702184702840279,N/A 
0.653477051188794,-0.6707480600295659,1.2829301727049198,0.4443967203015387,0.2469891866241437,2.8557901707853137,0.5478803477217645,-0.8847000541432539,0.8391478630873431,-0.9586
-0.2522219646302281,0.1906392169308224,0.382395988875026,0.7156322295595164,0.0058193218850119,-0.4397594349079232,,0.8308724789208605,-0.803863300513148,-1.1502
0.5441181755502094,-0.2048596146380796,2.133509328797847,1.2824817530986308,-1.07157130298294,1.2198354143126668,-1.2383979483450394,0.554126987045639,0.943877063108137,N/A 
-1.9447798637788445,-0.6156906054936687,1.272758870452152,0.7886996536735196,,1.0958852421939629,,-1.8279510027155776,-0.5891848802237033,-1.7338
0.3741775194914133,-0.5207226494160244,0.6567072884925507,0.3103021590874998,2.00596331784755,-1.221578044052935,-1.465251026035041,1.0329877872069535,0.2166879194893541,-0.9554
-0.7658877695138092,1.929014136446893,-0.4363129619803537,-0.1950620542112121,0.6233456801035323,-0.966279747793514,-1.084337176071127,0.3366239842558514,,0.1322
-0.720623137032345,0.1387483971584215,-0.3070325842632922,-0.1265448690615902,1.1028762905840883,-0.4190731586627613,0.4454188365705784,-1.3225622048239736,-0.7204965743279796,-0.6096
0.3144634383406636,-0.1918577466065202,,,-0.903329465941156,-0.855966995343341,-0.7835821157404445,-0.1825205632805842,0.119225190984074,N/A 
-0.2664355685906114,-0.5249209754090066,-0.9238852579547848,-1.114223598060025,0.7063859721328218,-0.7692324828349095,-0.4121658082172908,0.4696513768833906,1.404183266486502,-0.6679
0.2507348911510041,,0.8561702413006986,-0.1418032972922613,-0.2359356068259817,-2.0810299740351743,0.3045781531631367,0.8276213359422334,,-0.1512
-1.6779563428107744,-0.0926099238557952,-1.168175868529296,0.971403136305881,0.3649331513473922,1.3049653558117098,1.2456947831004557,0.2104732790180529,-0.0101903673378929,N/A 
-0.4129480853185496,1.4394590478121656,1.0394594536457655,0.8572181204980984,,-1.3202032344267534,,0.4157974281082602,0.4582452551533631,2.5360
-1.1376500062211905,-0.4004081250715213,1.002000705088349,0.1813390367724833,-0.4869427451796926,1.2514139810292475,1.1697787305134684,0.9431914673329715,0.1711868155411361,0.0229
-1.4651283631965948,0.984879224539739,-1.7451488048451884,0.5466420675661665,0.1715829371734227,1.413008480891892,-0.5041771322917528,1.131634653422511,-0.6826017192483325,0.3864
-0.6050628797212037,-0.1915546275758408,0.1611097721427964,-0.79017002677901,0.1616421725686675,-0.3804332468789436,0.3051461739319407,-2.11459516840371,0.2190284166462669,-0.1494
0.2342916014015327,0.726643180429543,0.6658440663116895,0.6430032824694033,-0.4620758144618524,1.0047981268090094,-0.8492721965723018,1.6698103993654665,-0.9764703719538648,0.1297
-0.6565515722705422,0.6681816752718674,1.6949959558331398,-0.5725394300104131,0.1840781228720415,-0.4411339685613722,1.079396876565924,-0.4930889286746137,0.1053913944321504,-0.3039
-0.0591030785220209,-1.2594293093530915,-0.4001553098266397,-0.8339351430939137,-0.9008531728244792,-0.1393487472399103,-1.0795387464060815,-0.8186917663153038,0.2332899778279104,0.8619
-1.1131693488030123,0.6400050118564063,-0.781498971989148,1.2653212763934978,0.1109952248135543,0.1950722499910992,-0.182706897254353,1.3723637615844022,0.9915547884803924,N/A 
-0.7840718461016548,-0.7034422642009388,0.1037238617600013,-0.2254458474544841,-0.3423672658100914,-2.3072494886448696,-1.4778884016825375,1.5582078507054924,0.3673474758798977,-0.2119
-1.6186006308982976,0.1247623649292429,-0.4028588476630271,-1.0968400688497653,-0.4108033479311503,-0.0609261577308531,-1.1611497688843475,-0.5144336180417363,-0.578721563480852,1.4640
-0.2665656378176292,1.0349484061696963,-0.4998509220137296,1.7243222381878005,0.1741294391282576,0.8860752979322783,1.9664950441246132,-1.6655946303955875,1.4323449589981891,0.7706
0.9631529551645708,0.5239238863916007,0.5272267060554237,0.6361526241237854,0.2761733891667958,-1.262270937658012,-1.5628559537438766,-0.9209472103399942,1.191355040847988,1.4224
-0.3446240719799117,0.3210776541651434,0.3077470366173478,0.1913298503498187,-0.4418894230818118,-0.4584931229516565,0.0242140789637427,-0.0788425335978997,0.6487640721022948,-0.4276
0.9840359850304042,1.641937519133467,0.5804334042994558,1.0351013399741198,0.9340923424511652,1.4378562549879474,0.3319390457588209,3.6264838934821553,-0.6473820508868809,1.3968
1.2374198030734518,1.5387558394909042,0.8144851777836782,-2.2212689842226183,-0.2917014522511114,-0.9778926357128156,,-1.1551055725541934,0.8522974472398178,1.3156
0.3440681191931014,-0.2936940012805735,-1.9420974039254408,0.4184446148502244,1.044208556755303,0.5819669596331709,0.2269524710489411,-0.5576544423407398,0.8615145565633848,-0.3120
-1.2594140411858452,0.3969766343875556,-0.2496507343993304,-1.2620083279824008,-2.060293758934388,-2.367296681860004,-0.5394886407884354,-0.19125199315151,-0.252114965058562,0.5009
-0.0928661204067792,-0.5676400127537456,0.8484787224944815,0.414645398133,-0.7510676166307905,0.5370330552433077,0.1453881256259611,-1.80880303754358,0.0940471182144183,-1.4230
-0.6997209609688483,,-2.329317790721205,-0.878708030310032,-0.5032641487001673,-1.014983703771721,-0.4975689936703694,0.2486589870732528,1.1375598928072603,-1.3348
-1.579252336913785,0.168431969098278,2.05852735957388,1.0119058404454733,-1.7760044138230582,-1.7168155824230409,0.1061417214223882,,,0.3311
-0.2758147546292982,-0.1755416253744043,-0.391844306518757,-1.1205215272252735,,0.6767367872634015,-2.0295299616498137,-1.4287467219163046,-1.1953034330644388,-1.6415
-0.7704116573105747,-0.5901865306872227,-1.7661650005221874,-0.9970062100877606,1.1879179943982656,2.075048669611219,,1.1242419156049548,2.671685088912162,0.9135
-0.682131079120076,-0.8939817465465408,0.308449770856386,-0.0268765347041168,-0.9102489209179578,-0.7149297756584543,1.7716001194658242,-0.9106062555086905,0.4294345234072175,0.7048
0.2612513031388153,-1.910616649287204,0.6448062844173712,-1.0791579199528742,-0.5698593640796622,1.3981929255449357,-0.5816593977708632,0.4360926021326538,-1.1225280117079164,1.4166
0.369603854135593,0.6870208560899784,0.0215740895278118,-0.9576634338149836,-0.8544320655319235,-0.3035588375045749,0.8229114519659313,-0.46031737108144,0.1636850503635326,-1.5047
-0.281862257226708,-0.5545196669683585,-0.0018239986443732,1.6389966635336728,0.5310717308658568,0.0645560577024561,,1.336877699582445,0.7428036528955072,1.5549
1.1374700883886808,-1.0673515023977431,1.1922376568405508,0.2670336378389177,-0.6459021924402535,1.043313602125617,1.3210686525677455,-0.369702926595462,-0.2608174223902363,-0.6965
0.4159726679800384,2.0330020802933237,0.3417556804447755,-0.1949750942352561,1.2800194187592262,0.8066990572202218,1.1400856189482262,2.106936519825584,0.5986015045236078,0.6635
1.0484762609044898,,1.9605166508997751,,0.3414533019907224,-0.8404603997821662,0.7962026120005498,0.9360882629684996,0.7032710708709227,-1.4267
2.5282914327510464,-0.5670799436324998,-0.4221522683992325,,1.1952765552214175,1.1036664622777956,-0.0110347703935044,-0.3562220357956221,-1.9324744417609905,-0.3226
-1.844948985148256,0.6371722205467172,-0.5139581173716519,0.4527314729703976,0.3872631588434744,1.1364839179053998,1.414800580033112,-0.099150242676845,0.1059341658895475,0.5115
-0.075296645222363,-0.1769841724246394,0.4643462864685789,-0.3501417761223627,-0.6712960481210903,0.0858623950935607,-1.043615061272385,-0.8821463512636584,1.3419840210164722,0.3833
-0.1969407790651522,,0.8437673147021569,-0.8853180038250181,1.141121603662034,-0.1683296767294251,1.0164997847917057,-0.1603198614860925,1.9674271892138329,N/A 
-1.1452521994970324,0.1276071770090147,0.0561755376307348,0.2094844825916242,0.1980956851886186,0.4448019468849436,-0.2591974708233133,1.1937441811287997,1.1849712244646546,1.9846
1.385615871830698,0.2749333215394741,,1.4087257069743866,-0.4042754767627693,1.4701239963795865,1.3451186752332909,0.8084968736277817,-0.0505482944665474,-1.0071
-1.1345784616166548,,0.6355125397217439,,0.601330172036608,-0.2178029552752955,,-0.154963825392492,2.568125248387936,-0.4915
-1.8973777141962196,-1.1908467315592708,-1.0353466610010695,-0.9357885738639596,0.8977256415786149,-1.6346900745448625,1.1941756566912258,0.0657661117087452,-0.5930247798078063,N/A 
-0.0991613141373014,0.3134746825004416,-0.9954331687708542,-0.3190142564835767,,-0.4519232881347324,0.0023368221112969,-1.521953587218526,-0.2535480494397139,1.1614
0.7501392785900527,-1.618107522327477,0.4582148376887743,-0.8802177029832707,0.4602211787532401,-1.923862849759673,0.800251316198242,-0.7124221461539053,0.8447453824381035,0.2602
0.3867402268209074,,0.7959742133660748,0.2197141081222348,,0.1418163478965526,-0.8936854249567021,,1.6368179125286415,0.7165
0.8699945236561734,0.4341419411060101,1.0406766640748395,,0.1981184002765894,0.0879899865350541,-0.9831438070594286,-0.108652175415373,,-1.0385
0.0014838065414082,1.0081774751412345,-0.7096529468679984,2.1238266412564664,1.444690966535798,-0.2088493517331263,0.9096063500306818,0.2408224538197451,,2.6374
,0.7921210381798987,-1.1410008942717669,-0.6698321024015887,-1.583475868745421,-0.8545142118078703,-1.8912697383983617,1.134298437869871,1.7108704735805234,-0.9247
-1.3785390578127366,0.1370869758178005,1.0657023883193928,-0.1873677788527061,0.140867028310459,0.8400324006069289,-0.3271698833361275,1.129294732851796,0.093521716027988,-1.1898
0.5235274769086339,-0.1477983278170407,,-1.4431691257711263,-1.1422548769938987,1.2408376433978554,-0.2561924510670487,1.2092054934848495,-0.3550422925113001,-0.6771
0.8910264640148009,0.0079233219363993,0.0687721749311765,0.7526653159565897,-0.8214612254885406,-2.567536695659576,-0.4417534287643626,0.5230002480306543,-0.9207974165141136,1.2852
-0.6391223733644491,0.4555817728449715,-0.4227371719990824,-0.5025817021579171,0.961498280972266,-1.3591170620447717,2.19136128098608,2.573779841500617,,1.7188
-1.2316120285809111,-1.186338371469598,0.504144531258156,,1.7768650194609712,-0.7889817699764861,-1.4496714439577425,1.3017194401631094,-0.3390863015858321,-1.3630
-1.338533480456907,0.7063853436454917,,-0.2295986966825892,0.506783593779981,-0.5025944435191754,-0.8830192797505487,0.2468050556157665,0.2271498313458196,0.8501
-0.5918610490492224,-1.0391656285886168,-1.2548401798241282,0.295050367725101,-0.6080414105939017,1.0152601033930797,-0.531844235958729,-3.687722601472117,0.7744424250314491,-0.1980
0.0592089372503305,0.4130723994636732,0.6812557771656084,-0.2166690062828424,-0.0670563698786393,-1.2119801240825008,-1.125564249406101,0.0874456768613187,-1.2134412902796723,-0.8019
0.2844948025461379,0.9840549157660764,1.759889187613232,0.6408351107089926,-0.6065638467997254,-1.0387901111974265,-0.1611182741578109,0.4296864799568183,-1.8701843509365303,-0.5281
0.2911360221821864,-1.956936945787936,-0.6742730063413642,-0.125417267096764,-1.0513895811397975,-1.2745964280675526,,0.1276013707986195,0.1522786485435241,0.9316
1.0828837919911665,-1.0985609133833536,-0.9016668703953076,0.005382639670311,-0.0470009353178751,0.2779331036991681,-1.981269618644812,-1.8053128616392116,-0.6633240485609656,2.3700
-1.0709277067502891,-0.0860767733985839,2.464689040894718,-1.9971982277226703,0.2755448263730081,-0.6766907233083773,-0.9268851633621764,0.8709096384185295,0.370447071012882,-1.3683
-2.04873196530079,-0.322353481500451,-0.6161003028617428,-1.053372939657646,-0.2540761277251304,-0.1585361797394548,0.6153891877236731,-0.2652818003433034,-0.2499953117511701,1.3096
0.3751189317682291,1.083912436657846,1.3604656290956556,2.023841346466959,0.2804897784996246,-0.9810473371795152,0.1787358472034725,0.5482246285750506,2.326334426024823,-1.1371
-2.7588741774755663,-1.1026248695590983,0.2507721335813769,-0.7297073198602483,1.4901492476800835,0.4341690176383933,-2.0838966626528608,0.9195950683752042,-0.5109043813114628,-0.4636
-0.3348186793598131,,-0.1967088228861863,0.7999486825731735,0.5897791947088922,1.7677526375291948,0.7609459104657874,0.1992642361248151,0.2852451871695249,-0.0981
-1.4897841190513943,2.064007686154168,-0.0070559735792646,-0.6072157246469285,2.825286248852943,-1.071134609738701,0.1528189499571103,0.7177027175863168,1.5190739329149234,0.5892
0.8612358461308711,1.6107899124336067,0.8795756922499647,1.128916196008509,-0.1319638583186868,0.802360108698448,1.3663588745875572,-1.073134936129962,-0.7307731310412977,-1.0759
-0.4409511579746337,0.9000598288386272,0.24665687933239,0.7461388722817265,-0.1379477296391469,-0.1284031742341112,,-1.253052135061284,1.6255743042651536,0.1798
-3.372347011490432,-1.6753166841456355,-0.7351104107219506,0.002092861413813,,-0.6616446208571256,0.4597292797569174,0.4203410358348485,1.0109505057152957,-0.4969
0.136519239414108,0.0699656353190209,1.0921721373625124,-0.3741238508032503,1.2957784125400384,-0.2182378363946564,-1.1995643817256016,-0.3504066837309647,2.6748040384593,-0.6212
0.3539084446396635,0.2576916460273568,0.3542031689191422,-0.6864348308600504,0.8823603365309427,-0.5709823733485538,0.502523393808368,-0.5563811956493973,1.0380226727153667,-0.5168
-0.5849643830080211,0.7733678659681762,0.2377314007083908,,-1.1773543143498986,0.4064972998449235,,-0.0110064151466984,0.7626900774602278,-1.4406
-0.0181218854391672,0.1192068386135561,0.5697318258861337,-0.5308815366402377,-0.960485235975436,-0.6302059932867855,1.288605383658106,1.0384393762352389,-0.376210298692072,-1.1341
,-1.50005928007767,-0.7272816122695883,-0.2851525548891638,,0.7513621691285495,0.9597001979043348,-1.1752319415936847,-0.2583945182384367,-0.7483
,-0.055702116258897,1.7665342083766638,-0.9244831581990084,0.1844029596160702,0.0693533081871113,,-1.7206652110510154,0.5755445766561516,-1.8230
1.9279018514253896,0.0994077843301255,-0.7277368421132623,-0.2826882511647271,0.0918343121651133,0.0659958402700684,0.4456801856633638,-1.3129477387179522,-0.3943385048291712,-0.8676
0.9192442101032406,-0.7540940250780511,0.6258751924049522,1.193598371517545,-0.631877149816096,-0.5298480704410433,0.6537625459146856,-0.5825962320468778,1.4226687110237308,-0.0646
,0.4089362000645238,-1.082618607175865,0.4660906389258842,,0.345375753283114,,,1.0067827942142993,0.3316
-0.9765844484105576,0.5525271123541796,1.7472364855196023,-0.2833329486843588,0.6187032044657133,,-0.9780192521883808,0.2411775849507471,1.3429653285905565,0.1604
-0.7213597986975308,0.0896843996456965,-0.037382157632531,-2.0357076484920165,-0.7196060577559311,-0.3128847189439699,0.5800051570723278,1.1918097139531696,-1.4641524198710063,-0.7054
-1.3085304345528843,1.2531547149022344,-0.0352019173237199,-0.8766443011473002,-0.1611457460268597,-0.7941390714168947,-0.3805402635141354,0.0331110010906846,-0.821991056720417,-0.2535
0.2433950950945862,-0.0950367621287932,0.7893427233243787,-1.6960348311771003,0.7739571344223346,-0.9664062697343988,-1.2136855414533692,0.631136290101973,0.568367492758653,0.6191
-2.535121787299725,-0.5426801424127204,0.1610299574201608,,-1.26651881538991,-1.019203231528508,0.4002968442068683,0.2511881100525628,0.221509125362046,-1.8666
2.376703818322629,0.2478554488295877,-0.5183379918737887,-0.3969643854599616,0.4213464936773692,0.562787230403437,-0.6635815309935799,0.0107059888818245,1.0733746785247034,-1.3930
1.2796893470918316,-0.7130680708132241,0.3709675126228816,-2.130427619875386,-0.7364022901775258,-0.5804249349305719,-1.8200193295423608,-0.4160619512576718,-1.2570163692978815,-0.1364
-0.8634626709970046,-0.1315068734959183,1.8209382177436493,-2.1887265665589157,-0.8882838798887971,,1.6198734369438117,-0.4864545864366903,-1.893931605487008,1.0433
0.9984254896634056,2.056646561815745,1.6394274772159207,0.603328024739571,2.4065521252157724,1.3169671052283385,,1.1626212431172835,-0.9885278750680369,-0.5950
0.629772027188248,-3.621638796260708,-0.1274145412824392,0.6545408522045286,-0.1968888013788702,-0.2995030132215666,-0.4570286350975888,0.2671215319354506,0.99479255789118,N/A 
-0.1640752906773998,0.1826473785690497,0.0040249119879382,-0.9701978229762424,0.1929359841691265,1.217181559143887,0.2104507283793866,-1.1488122644078604,,1.0140
-0.7954722410187447,-0.6358019874783191,1.326165739211259,-1.4360842768339712,-1.8042376586127695,-0.8843787370847057,0.9148818105260904,-0.1630858145682333,0.1070238301883196,-0.6327
0.9842284567878068,-2.586312776039248,-1.3239000484744197,-1.0387970079408988,-1.2567724894424406,1.910726941654585,-0.1530911220211821,-3.13153736862979,0.7121775919965792,0.5601
-1.8713082560250505,0.5702186081996979,1.6182449354470314,1.0797337979451684,-0.2295758310617722,-0.0851165649038682,2.3657132934292244,-1.139283819215742,1.0577725510810356,-1.9407
-0.2563496383993812,,-0.1903352838229147,-0.2729245964775477,0.6742559725652968,1.7870988358959774,-0.8901824519940756,-0.4264963031487898,0.1302943604669514,0.6473
0.9737669031538352,0.4948782575613935,2.622420469185522,-0.7652176734551522,1.2438029015874028,-1.0071215795031476,2.144964949374693,-0.3545424626969156,1.2143835000102512,-0.6906
1.6002173821823196,-1.8185350838843304,0.2294175231196451,1.5770950347113526,-1.7841958367611723,-1.7191092936954897,0.5876175698192913,0.6808075709042758,1.761344051997617,N/A 
0.0577075245925342,0.2236065747789045,0.5513846396082043,0.8636761954487692,0.7930197729417923,2.037099971703375,0.2947813810289977,-0.2281080244450018,-0.7189264053393523,0.5311
-0.4655005794962971,1.5614557355095366,0.0814740997751542,-1.5370356827191791,0.6416252091873234,0.4522983596886991,,-0.6378061277014929,0.5339517228279639,-1.5218
0.5441307230149666,-0.0730257714704543,1.3667430381452443,-0.9464743067584168,1.5415055460608449,-1.5973504110029606,1.2014623787370784,0.5539683251367867,0.8521074081328035,0.2291
0.4205686850045275,0.3754489836140061,-1.4259605557314636,0.3191635413298194,1.2466542396469795,-0.019629571455388,0.0449072278226206,1.5054765008086517,1.145145535257989,-0.8127
-1.7935413169905656,1.1449643229478088,-0.2492456952268044,0.7713298531996235,-1.161872281573426,1.530354583969283,-0.1593028837276021,-0.4875837275607712,0.6608743898931165,-0.2376
0.5620548244376781,0.9360975392312638,1.3010588816869462,0.2575780616847846,-0.7461120065604753,1.3544529586055467,0.8310323686945645,0.0836809106709637,-0.1803310265235316,-0.3647
-1.0792243459856043,-1.2080553249246582,-0.3656707459221445,-1.658305853472245,1.5831870262092684,-0.5018471868449214,2.188129689604077,-1.2101198950345256,-0.7410849377458772,0.8607
0.025326627508884,-0.6857295235319574,,-0.845485518281555,0.4303665817225446,0.9068565330054382,-1.1767173196181466,-1.0612024106442526,0.2816847349635387,0.0531
0.0478178818170642,-0.9724788680071416,-0.4950999116860166,-0.1820749378234756,2.5333444003492818,0.4452990484095663,-0.3273152966126719,-0.2484042207003649,-1.1165092565855514,-0.0008
-2.474729768719706,-0.9556009989903448,0.5790412273417248,0.358546523262897,-0.0611123082153508,1.8655062958968052,0.190923804389108,0.0710419097525032,1.7775366006066635,1.4081
0.0442322759464876,,0.4523314467478455,-0.9184974637892848,0.9223961600901636,0.9252831078421284,0.3586825050557902,-1.5389169188190033,0.9596372489633658,0.7411
2.071211910113436,0.8999502038739702,-1.327120368122415,1.720228987555635,0.2811865300685355,0.3523292356620047,0.3150009170920899,0.1408762599432626,-0.6767129502648176,-0.8656
0.9934827358870428,0.978958626173454,0.4769950836198701,-0.4327723550761244,,-1.4021669323867874,1.3561044124127783,0.7124119892647598,0.8189076832392963,0.4905
-0.7275973250884987,1.606608080623507,-0.2032346930964133,1.1245367960137214,-2.025872015727576,0.6722632708464417,-0.3472499456035654,,,-1.1024
1.9325758681355911,-0.5086311375257357,-0.2992208814472243,-0.0177200967600797,,1.3016238342498494,,1.1325741166422854,0.8588220913516327,0.0959
0.7225044011178862,0.2934938280477681,-1.401577342911876,0.3693959398720186,-0.5331034288339179,-0.9267338697849088,-1.467764356299234,,-1.3427340918472437,-1.1391
-0.972768104329895,-1.5083710486898745,-0.5815420564445624,-1.3001259686948832,0.617189028714158,0.93119100893687,-1.4746401788839725,1.431753510810322,0.0404578668418896,2.3252
1.0614233415297076,-1.219223829421568,-0.2382161931275013,-1.4421501130244945,-0.6727574594850408,-0.0663214048717879,-0.274524083316133,-0.0368761919035462,0.7436399308993571,N/A 
0.8209404382402797,1.058380355981334,0.6812257395651679,-0.1141976873108817,0.421417372306474,-0.2211290666083249,,-0.6295575457410801,-1.884430920124868,0.0398
-0.0709490634856931,-1.2195258654898735,1.3358200310623247,1.1949064612972526,0.8059252924028905,-0.2092156072128639,-0.984732488529427,-1.064134608498412,-0.3935895581149352,-0.4161
-2.0443576665407046,1.1618922659167328,1.0806531848704113,0.8274630585235154,1.348075990773105,1.1511554843306158,-0.1269834344935378,-1.1640819642038542,-0.1140239782766409,0.7841
1.9507926475463675,-0.707487480978801,0.1623737706429278,-0.4193986795111896,-0.2890485512388167,-1.9977712753618515,0.3325311954420706,-0.1381469651621689,0.6008178479909015,0.6657
-0.1855935209948758,-2.133454178282631,-0.7750986632846292,-0.2382900685279598,0.3007411222955317,0.804545338529668,,0.1060666808166309,-0.2786084543805394,0.0933
-0.7627810805434578,-0.9136237301062412,-1.124275788497135,-0.4536041268491526,-2.3830160984567645,-0.9926627011367918,-0.5843733900608383,0.5300696314156602,-1.5650357973690086,-0.3076
0.5474093774415598,-0.5479177934718512,-0.581244483306996,0.6847820149798383,0.973649838598136,1.4894068380057524,-2.256493552294557,1.9770911447135795,-0.1757738361860683,-1.0949
-0.1070340704206579,-0.059319788093004,-0.5433031272616446,1.2267577598552457,0.2266444618569026,1.3946000690346942,-0.3336548009284945,1.1636500780811214,-0.3502667434553825,-0.3715
-0.6480252011452933,-0.1428914452716169,-0.8146977000471518,0.9290438475460404,-1.3275356599681174,-0.100816383702776,-0.3857774200932817,-0.5443402889231592,-0.638015593448691,0.3242
-0.794213994512516,-2.136701918706057,0.2603133699462993,0.9395508280290285,-0.4966138817160677,-1.3155958935853254,0.0845304307411744,1.532580534688207,-0.1318506999933784,0.7768
0.3087585184568809,-1.2611490930236129,0.4045364239030017,0.7131548900994255,-0.5042321189699946,1.326102901300402,-0.4421049233622181,0.1879838242541584,-1.5091166005563224,-1.6188
-0.4546215476911557,0.8476448173026281,0.924076193765339,0.3286324711494003,1.7565603231900653,0.904821121541617,0.7211105949948287,-2.032001698367913,-2.274856778224104,0.6795
0.2348851573299578,-0.4680995235404405,0.7354395026717283,2.2007567143378,1.7021293483587636,0.8035075420391554,-1.2630453749879074,0.83303376787752,1.115217311983152,-0.0886
1.6487239487063408,-1.1084496468561087,-0.3773946225633959,-0.8766810742589142,-0.2169189171836192,0.7321957728137579,0.4342705780495226,1.3203940240979957,-0.4834429802682877,0.0555
-0.1143945335666684,-0.226029515581123,0.8552118532825752,0.1675945999140192,0.7895768349776902,0.1184485824882649,,-0.1334054295245832,-0.0526469836962319,1.2650
-0.2450568732351723,,-2.01906755949508,-0.4945733729326279,0.4030865765691121,0.317044919456414,-0.2633541631638554,1.7099388100554638,-0.8433721728608347,-1.1155
,-1.6873269496335157,1.3254065219867008,-0.127937833208508,1.324342727262215,-1.3918615336947084,-0.3462845127625032,-0.0143212754987673,-0.1150157005347448,0.1502
0.4964421204320662,,0.775917510949324,-1.3292502023221169,0.3163793532061102,-0.4517726898720341,1.032011114634844,-0.1492468458304354,1.2959031916145942,-0.2518
0.4849815136520197,0.5986316836413345,1.1360236487138884,0.8763537091211714,1.1861293983555306,-1.3804762056838042,,1.321288634550379,-1.386703433491755,0.0527
-0.9701150965780868,0.0745908874961728,1.399321023719463,1.1841166174715168,-0.588983721708957,-0.9098304651298852,-0.2416440832472438,-0.6483782655973075,1.2488961153724354,-0.0713
-1.6967786845196011,,2.6449585234543136,0.0708172687685907,-1.545020974139094,1.539483903825385,-0.691573487260885,0.9853663388620508,-1.367445731718666,0.3198
1.0006677962762267,1.667227158870029,-0.8477521522606838,,-1.4607618602238517,0.4275351256812977,-0.8004853433436988,0.3960894552207,1.2578506011153423,1.2370
-0.3406073110113678,-0.2501352095820393,-0.9475196198360044,-1.2733218531873565,0.415005214377956,-0.3636152241380687,0.4525978678199446,-1.727644389571499,1.590384797498794,-0.2860
-0.2840030143837406,0.2906673763158423,0.4759775715938641,0.1915029936031179,-4.281627327798288,-0.2216624116384309,,0.1868314367676813,0.1229600690886291,0.2560
0.8845328698081907,1.0454333123213544,-0.000591204856122,-1.075215893124376,-0.6072890404459097,0.4130213932450263,0.6214401878249773,-0.1671451192110379,-1.5251072119365583,-1.4045
0.1276393730337647,-1.2291559521654345,0.1841710144076326,-0.6856390869465112,-2.249754872437649,-2.1031138666077056,0.0826117623578181,0.524215352043054,0.7286250673929696,-0.8598
-0.8312635047478455,-0.657557216440176,2.001326163580582,0.9142580822259836,,2.0379922582480328,-1.7543130619987843,-0.4101697223083322,-0.0237563951835395,-0.5252
-0.2924927146339909,1.113889607877613,1.034805885208279,-0.4685072716056235,0.3762633353996101,2.348240644167796,0.303816084645262,-1.0838942599604442,,0.8970
0.2267984592112418,-0.5101912142318599,1.2686595125140432,,-0.5437608378103073,0.4486809286144812,,-0.6171256382026987,0.689064373339147,-0.1271
0.2860266478954717,2.4349865390797354,2.8542050994615105,0.8788636589488354,0.1545326318631101,0.687385171205822,,-0.3104726272762975,0.0927347311538495,-0.7090
-1.3626071168802325,0.5680615919124891,-0.1544579762275713,-0.2466019629805577,-1.0690984957640493,0.460474371814369,-0.7560421869672322,1.587544828144827,-0.6683876195459757,0.9895
-0.0025233421765414,0.5949203156434165,1.2417935526551669,1.946238848772668,-0.1767624895388239,-0.1885714534434568,-2.6929874615816507,-0.9614284098747318,1.2277026753371738,-0.4713
-0.5065958421682065,-0.0598355824387532,-0.8064325042113758,-1.0110139199012718,0.5203141223907356,-0.3206181705510174,-0.6805444447453367,0.8297152274446417,-0.4224825481844996,-1.4616
0.5571116301268203,0.663271087672223,0.426832808032155,1.4705572493154075,,-0.1154927544064593,-0.2218477496338456,0.4743619900552957,0.4914483423560514,-0.3714
0.2631864357229166,-1.769655108507325,0.0442925355851218,1.266699377507177,0.5765899303846037,1.61428940114033,0.7618077594955721,0.5500110026952667,0.2889724161896767,1.4981
0.1769797996141916,-0.487948183134056,-0.978922764984459,0.8414919981655827,1.1294899196944606,1.0712548784592757,,-0.8186718449782512,0.3171268389315222,1.1016
1.5328273864901882,0.2515243376746728,0.4258592043333215,-0.1753421437838932,-0.6790940410019128,-0.8850131694299043,-2.106923626138915,-1.3418520419745776,-0.4756159754260234,-1.0356
0.2997898118505687,-1.8577273140632204,-1.6256359992839269,-0.2793462782756318,0.4543478099380349,-0.582151644894484,1.4628480093684508,-0.5010968667019885,0.273648904864416,-0.0160
-0.302817157024084,0.8094988804152613,0.0674257274578526,0.495742761928263,-0.0239957805922505,1.233135026727162,-0.3254046303625005,-0.0665914773855711,-0.1666700667591535,0.5959
1.4126824210565208,-1.5399349395094044,1.126570847772041,1.4351399416481634,-1.345380842459791,0.0858234240985961,3.5033085909539894,0.3727344068107951,-0.2172718867828871,1.0118
1.3271691627682571,-0.7701094860760689,0.2056872918120446,-0.4037118891905729,-1.555113885046739,,1.0358864450065928,0.7349965898035246,-1.7859929570817488,1.1245
-0.2667896446398614,-0.1647812725393531,2.5207529770125263,0.8209317299665083,-0.7616847262694975,,-1.456598485734658,1.2464305166295635,1.0223458657432585,0.7830
-1.678195619441848,-0.9849851596499964,0.2845334524399815,0.5010378973757328,1.0714918378990352,0.8785872376535782,-0.0972254413879063,-2.0198319552702446,-0.8430443668732427,-0.3802
-0.2463537491265204,-1.5311251286443808,0.1415304888745279,-1.027741365216825,1.275679082871687,-1.052493388792732,0.2005566656249337,-0.5230860086482243,-1.1282213577029263,1.3795
-0.6002501488501399,-0.6975970653113096,0.6947691076684936,1.3506682264308578,0.5492611374797475,-1.770879404492866,-0.0701551413780933,-0.1393252565367242,0.0321322215786342,-0.9679
2.0135216414399504,-1.1570255071056506,0.6995146509046328,-0.96782365595723,1.1555122839968028,-1.5648354091692118,-0.0805258151674248,-0.0825983545338878,1.908374613598536,-0.8714
1.7050621361683629,-1.0924501648197311,0.2440688173093032,-0.5851062599465637,2.0506655281175616,-0.6703876259853462,1.1660549094736752,-0.3722500911885898,0.6281328968497772,1.1497
,0.9413116312850434,0.4686837180619869,-1.6354209682791965,-1.1912805358952216,1.8447947836046807,1.3592373024184534,-0.7952949140214958,-1.094777844055724,-0.4033
1.200324943102414,0.1639798977364631,0.8382157806638252,1.0486226130263523,-0.6192364538498909,0.3877307271972254,-0.4474473465315379,-0.1911547232396317,1.6828325930252976,0.0868
-0.060459283859388,-0.9370996220345988,-1.569040146583681,0.147164612884892,-0.6677224382129484,-0.4785189528017725,0.7857215266098585,-1.5781848356981287,-0.0616668627926476,-0.8504
-0.9826939866108504,0.1896726496106797,-0.8579730672998981,-0.3688942348806608,-0.0842634289997214,1.0197146185696693,0.8826466121014722,-0.1534396025810821,,-0.5781
-1.2803065209785434,-1.5238613166190302,0.5539788592052745,-1.425502918594889,1.189517345281086,2.067322503425844,2.233559692540685,0.3595955935002314,0.5494720158193002,-0.0669
-0.82481531055983,1.0286130682397503,-0.2386630192007646,-1.2494113553750714,2.253730303332316,0.3890686389224969,0.9450305629924056,2.1407355813878923,,-0.2500
-1.085578638473076,0.0756589199138479,-0.2346674616170361,1.4336365262363326,0.5140699446186114,0.4726394285742709,1.869987824433188,0.9517459641149852,-0.2303922132946198,0.1577
0.762262729644216,-0.2702402172240042,-1.2558504659054812,0.6711267336228339,-1.06332604752679,2.2271910686349266,-0.977248170805821,-0.4117597616153716,0.0844528875161734,-0.9058
-0.5011859991957065,-1.5470881854970937,-0.9135053836930744,1.1143073172224678,0.9853843192141162,-0.3492407799441042,-0.0162594861939765,2.122484158377397,2.3137965570841827,-2.2047
-1.3264018111979003,0.8093803495296574,0.7650902389691482,-0.968779068224546,0.0634950390858227,-0.9419028016396904,3.595347368381566,-2.133033363428724,0.7479287314173257,0.4653
0.3024431931333475,,-1.165297057412232,1.1928728147445915,2.3430200491263,1.9181165115611465,-0.9612272425791912,0.5878653906148471,0.908933539823026,1.6243
-2.127451109421396,0.8200383189133523,-0.4176212822357601,0.915441148009385,0.7433781861395948,1.4428067927361998,0.0708318590663141,1.128884174331577,-0.7629330541010708,-0.6831
-0.3129798743735868,0.9777865475098724,-1.0408132559772991,-0.5454107615235817,0.4951706109403253,-0.713089109546018,-0.3481890961808807,-0.1063891483716551,-0.2765340531751817,1.4152
0.7020613515959115,-0.3104894886592399,1.6345026744781217,-0.074619662914451,0.4817048393360816,1.093526628875739,-0.0974133183377417,-0.6432665531513789,1.2411123602780392,1.4945
0.3390250201010377,0.5808774124525496,-1.4162662746186243,-1.3042750321923473,0.1740311951065221,-0.5727064034507544,-0.2563087968607522,-1.11011180642853,-1.5785964709670508,1.3649
-0.5528682780892827,-1.6112733946158648,1.2519206123126532,0.8233010736435498,-0.6103288913304942,0.4487799671042178,0.3694632684668749,0.7866487240590722,-1.4861557698190575,N/A 
0.7489328544411374,-0.2974856986930318,-0.9551431840164508,-0.9272212062688616,1.235755198010818,-0.6274628407642907,0.7745023730744984,0.7984353910457141,0.4266042271834856,-1.0346
0.0679478616169042,1.4815204405840183,0.109717940770477,0.1744144949809872,1.197005637632416,0.6443505978396864,-0.100171617063607,0.6418376437968067,-1.643177557733917,-0.0967
2.146410154837,0.3115088542120295,0.7058997356630906,1.0818582261120877,1.394074027154759,-0.3074245738495743,,0.6952879661064081,0.4991882608036888,-0.5147
1.0571411388494456,0.5344276079323567,0.003666396127692,-0.6344173858834395,0.6539938061129394,-0.9002777207579645,0.2722350173604016,-1.1737357158889177,-0.4053322071759108,0.0438
-0.2619101828720165,0.534211307908205,-1.361242920037553,-0.0141588565855082,-0.1967888349647388,-0.6502153660665341,0.97247179712029,0.3795214048184994,-0.0806547897781495,1.0730
-0.9450596997998824,1.0672573592595045,0.0684302733059546,0.9518607795785556,-1.35967928129584,-0.266930584447569,-0.9742249533076572,-0.8656500888265837,0.1701253433211269,-0.7062
-1.557757394892177,1.879137637389478,0.1296699377186014,-0.75212987758191,1.0728768099440609,1.0645541481553318,0.3513938589632447,-0.094655598203603,1.4600650933154495,0.1310
1.5785532766356458,-1.42798751055705,0.4547011650183779,-1.1517204958100409,1.3700992261658105,0.4097153963262154,1.1093813167800957,1.196180070511959,-1.8391745787168656,N/A 
0.5333334034337418,0.6560346247716751,-0.358963924580071,-0.2433446168074204,-1.4065577012870671,0.6615433654283223,0.4254101989368727,,-0.9053248733637088,-0.8526
0.4249697154326579,1.3034357869525877,-1.605135181639583,-0.0148434982102396,-0.1563511738708921,-0.4812970379584014,0.923462335877395,0.3817275865167818,1.1097625686012478,-2.3157
,-0.3752836420730528,0.1943803916629637,-1.101162540934723,-0.8872763510542057,0.6630875994735933,-0.0892249966215243,1.278126716018397,0.2773393773111384,-0.2874
2.2158528049527413,,-0.0824263301033959,-0.3776817317777322,0.3263168465913947,-1.172437251634665,0.5298018512619761,1.793769012984605,0.0031488699882413,-1.0738
0.7800547255955002,-0.8350577641509326,0.0844140188555774,-1.671400344176753,0.5626144968519158,0.085430862395056,,0.7241532473445256,0.8393893141945769,0.4611
-1.5778533904820815,-0.4780693451608149,0.4889659263513801,,-0.5701651587066086,2.397813942922756,0.5061057303811878,0.297027920498204,0.1777555713789675,0.7610
-1.7678299497553664,-0.6227147335171371,0.533247720807612,-0.048079612731902,2.166400063113375,-0.8750199592190164,-0.8752332744215153,-0.3089165181820609,1.0632177187275027,1.5740
-0.9593606588886234,-0.7034321170935354,-1.247690020833942,,0.7921804684077519,-1.1886745703165231,-1.3868624647166918,-0.009136198905616,-1.2082077108070168,0.8462
-1.7702298016660305,-0.1891898430831556,0.8496015919995027,-1.2456132517690162,-0.7319704302354882,0.0659076011949272,0.6558069162397728,-0.4505220887192567,0.4288072271879912,-0.5923
1.36993312245791,-0.353351648556693,0.5039000110256371,0.4605019497781715,-0.0696622023286038,0.9236274583933888,,-0.442175940126791,-0.8883446613228072,2.6409
0.5590217942144232,0.149263731830464,-1.890923143301375,-0.6437499057195926,-0.9544598599953912,0.2989470387528839,,-0.2923737074258806,1.0188155437476512,0.1706
-0.1744952076312674,-1.4776318767295602,1.972364283358732,0.0020135281910279,1.4062770870646728,-0.6895550109827583,0.4055542392282784,-1.5865552996966776,1.72823004784171,1.4325
-0.7060264635022396,-1.7565702178504414,-1.4549803673453885,-1.0434708325195268,0.0582066160407121,1.3106747976662387,-0.6867747685020508,1.8055617545222835,0.8720046422521388,0.7884
-0.4435989584615315,1.4625208215917929,,1.3188296008087426,-0.5536764050049445,-0.1846049474516659,-0.5192091632890639,1.999397133682351,-1.2504483410317504,1.8372
0.3528468773095087,-0.3974469494424526,-1.0438062234575938,-0.800917434473963,0.1734555334653433,2.057279273496948,-2.319906707347522,0.5216295767199401,0.1106406049098127,-0.1997
1.0850263989880689,1.1935567841529018,-0.8069752368643768,2.0743343943840764,0.4028533463872634,1.2284468145885774,1.8303049107525635,0.4686219535999159,-0.6375326387123107,1.0683
-1.111477728781769,1.3914512708165188,0.2853368814278611,0.1091051656600906,,-0.9709130786749308,-0.458115706981433,-0.3070952107005363,0.0612866579900595,-0.7151
-0.1600503624492291,-0.9315775846847671,-0.1067155992725064,-0.5636226272662178,0.8635723480709653,0.2005875717980267,-0.1272683041931385,0.5420490245811957,-0.4846867509830697,-0.1161
1.824668955772265,-1.0646236039917711,-0.95810016820833,0.4704321251593908,1.744459991154389,0.7763924045810481,,-1.679945382584341,-1.1144089223935807,-0.3157
0.6365636539275267,0.5237146101470993,-0.1156879761940375,,0.5851596165255631,-0.2922909496036867,1.4188294776852082,0.1994576502930333,1.3868725845950085,1.2842
0.3874783477230715,-0.3104171432495197,-0.3854061534405403,2.4880061584530497,-0.8210476263679967,0.4499051803925216,1.775693140486705,-0.3491813133393607,-1.0637303358813797,-1.5284
0.2642212072395876,0.7212679267651025,-0.5470936428519578,-2.007974830195105,0.2434267801554244,-0.3256287687736556,,-1.1083185717433897,0.0756605900733509,0.2975
-0.0662489159607327,-1.102330816014394,0.4244678801374326,1.8468618181330656,0.4114345253198138,2.073401664360004,,0.8779856244823142,0.5895556069887115,-0.8500
-1.1210735410469146,-0.0480574158437088,-0.2958979405919042,1.272724211868112,-1.494219635096514,0.9261069366696296,-0.1570672512474556,-0.8484045484288878,0.2698533755437495,-0.7275
-0.4485608899512907,0.642983889403699,0.3574972258893106,0.1654911729718108,0.1205461484519006,-0.9754569313867796,1.1593461990100715,0.813355456693102,-0.1911170483557649,0.4042
0.0632288035089062,,-1.595801375668879,0.6260816070376634,1.51580760587083,0.8542979958598799,,2.0086124452576657,0.4846430463153411,-1.2815
0.3066567914188308,-0.3414639963854072,0.2904488876548186,-0.935463060101798,-0.2831254315752931,-0.7773451876775676,-0.9496898189202088,-0.0645430618582608,1.57436392493544,-0.6591
1.4713718023469209,0.3465478708243992,0.8647636135648665,0.1673257722592854,-0.6898705668920361,-1.8707165712628453,0.485279743176683,0.0154017817469893,0.8962119685253686,0.4630
0.8139080474493592,-0.1809999099443613,-0.3826237507718361,-0.5555333075413842,-1.3512187847207595,-0.3882706674130911,-0.3722312242330936,-1.1211852661261257,-0.3152469407883049,0.6823
-0.3784508295290432,,-0.4776902779333508,-0.1269759885744579,-0.7725988488872243,0.8190893711878017,-1.684751403167026,-0.1841217218691964,1.6264218940815254,0.0030
-0.2516537692330306,-1.3321306323366982,0.8048342773271285,,0.4175329610349764,1.4157021935733325,1.4631469177146676,0.2997457916720649,-1.90088456050266,1.2032
-0.0923939048037096,-0.9142388546386492,-0.8576846818115756,-0.3966560240291764,0.8846438875033004,-0.7218659453267364,-0.3981209149795787,1.2096157634867668,0.2172542859093437,0.5658
0.0157413646414895,-0.0500905866113818,0.5620374263567853,,0.0052914922454201,-0.4634444981101289,,0.3044247779586655,1.6988843807851033,-1.0477
-0.4596225572117078,-1.987955938621336,-1.0875518346276711,0.9604470051697784,1.260494961332857,0.1414966351213015,0.3956440881680294,-0.8758213697169603,0.0358284679619543,-0.7069
-0.2798188734996976,0.4264638372856544,0.3492624942194223,1.7214432698799105,-2.0729127695460168,0.4997768579841484,-0.8764842086163841,0.2054180560613161,1.0657220025492244,1.3009
-2.060206562931419,1.1225448622428005,-0.8304353153159839,-1.1455106193050766,-0.2668817730061926,1.099490657236274,-0.6026533006114079,0.4351477601209877,0.3294044900695886,-0.1726
-0.9493714537468172,-0.170977074897982,,0.2139786584916228,2.056003824925423,0.9120115636717022,-0.1975403955989939,0.7317285817015715,,0.4513
0.388767212572324,0.6936934718513347,-0.9633592582772652,-1.1712919458921107,-0.6675060695603275,-0.221596590127192,-0.3082120389537949,0.4428492884805194,0.7298261095193569,-0.0772
0.5697086836773182,0.0753287708427287,-0.627823040606613,0.6189799255788965,-1.0917548914728412,0.1744609446765921,-0.6423463163416794,-1.0749862260402197,-0.98728165717947,-0.0616
0.804889284915252,-0.5677179143873772,1.4298963751746698,-1.441105111053609,-0.6798778674370315,1.9447596882167768,2.1881421799843936,0.6859718837431457,0.7075164920822195,-2.4050
0.0916213066860269,2.393953980619872,-0.6040162372759748,1.5117234546176983,0.1975627496367064,-0.0660086692230624,2.5617172378426027,,,-0.4095
0.0574953105999689,-1.4919002282749725,0.9113457117113962,-0.076008178550374,-0.3541283554640383,0.3081229987789376,0.3483791984329138,0.2451320990933615,-0.3519155037479823,-0.9659
0.7482184344023342,-0.7310129918863455,0.3935332573516488,0.1939434695901455,-0.726384744346174,1.5760433069201918,-1.3774611609099698,-0.460145969747378,1.1059856514846842,1.9615
-2.3910936648210077,-0.8721773850676446,0.4479418416272719,,,-0.9726529324583474,0.3294436358693213,1.002665727068356,-1.0600561010047418,1.0778
2.1041701892757065,-0.2910824209295947,1.7394838114191085,-2.672467367933374,0.7139315733528049,0.4861968215402307,0.219081987980635,-0.4402214017613534,-0.9504294543277636,-0.4415
-1.1980257936609835,-0.1145586503275641,-1.0199936357141504,-1.1260874106193286,-1.8153721378240648,-0.1410995114663926,-2.277294721113431,-1.4141330300780766,0.7750976747562717,0.8535
0.043906664753791,-0.2121508967114424,0.9358579956390358,1.9029534100386287,0.1068705964608266,,0.86746465010201,0.4951775129116024,1.044815445502414,-1.2452
-0.5232377212926741,-1.6868345444444004,-1.7606216411066689,-0.5997530307307246,0.1619470153579505,0.2706275705665689,2.2794523720287456,0.2870410026252804,-0.0486595497260591,0.3670
-0.4282815333357273,0.430789080966876,0.3674965234594293,1.4363108774514917,-1.148215617966401,0.4319790408354068,-0.0769006993934513,-1.5001547071214092,-0.4942917546700148,-0.6886
0.1352461032890618,-0.9374366210469858,0.1350338116053834,-0.7409263337037854,-0.9807248317318872,0.4786453248673251,-1.5104504492564017,-1.2953472721501076,-0.0937710685363003,-0.4601
-0.5643938436272635,-2.304365980834284,-2.543971657470442,0.7319779396982696,-0.5323621194520419,0.3344550432056826,0.3250389037959118,-1.352207863382205,0.0940811359592242,0.7886
1.310188760839226,0.944566451738173,0.4295716297356354,-1.4912446471728202,-1.0171962856167789,0.743084370239452,-1.0502545743157152,0.358002655740902,1.1580363932886228,-1.6651
-1.5033711119180326,0.8258827209877082,-0.8850400574256215,-0.5512506006411064,0.1942225922497368,0.4205601664926812,-0.8627167234924198,-0.857550811333702,0.7342162809398892,-0.5525
1.2289929427354305,0.4491122296959215,,-0.380952516513921,-2.5094499030953554,0.5262037650702807,,-0.4637263363154416,,-0.3389
-0.4963382152007188,-0.8035836236508317,0.1387745289173065,-0.1835166794913287,0.7470445696064192,0.5902572364169354,-0.2751678323356551,-0.0081844423037118,-1.0224579886321965,-1.0225
-1.1010981391473131,-0.4999246774776436,0.5158006949538206,-0.7488520268706957,1.3090370758484515,2.1066143284517533,1.0833908749186252,-1.2027426992692989,0.7071025003023589,-1.5007
1.6577726644698474,0.2808541897312602,0.7320349216042695,-0.1788809050791612,-0.4103791972098234,-1.2968397517714905,0.0917756411356914,-1.291641846654115,-1.6353746844397372,0.9184
-0.3745525269468786,-0.2841491534754516,1.464652262550591,1.2432779976886663,0.9348119671881556,-0.8877348566085562,-0.06523249000731,-0.4792436727204838,-0.73194138896213,-0.4620
-0.7949967859871774,0.8949071414562032,0.4219980153282547,1.2892104460543152,-0.9358704246450208,1.7036709881994654,,0.4492068780874478,-0.0480908112694127,-0.6137
1.6003747576372855,-0.4710940101820416,-1.2832497891098524,-0.7642189605727308,1.0086502519558889,0.6054915078656125,0.5389885637924287,1.171272076988911,0.973021872742581,-0.4720
-0.3506459111549933,-0.4835927257932811,0.5781994214409144,0.1377530992647088,0.8821567368418497,-0.6612442577737784,-1.1820994296641454,-0.4707230513609524,-0.8978551403356968,1.1124
-1.6289439667644592,-1.514103055134411,0.3679966377872684,-0.2971298082125638,0.1000980515396856,1.0678279645643267,1.1037739241559272,-1.5473956532004671,,-0.0231
-1.2067822226699356,-0.9360103966725531,-1.0511504122191448,-0.0191477024918035,1.1706202323210826,0.6377862487504401,1.2215027595125316,1.0968410897375147,-1.8136581417072537,-1.0654
0.1749385409400616,0.7024124053745956,-0.6087485899563851,1.0353316199065277,0.0327707216621226,-0.2105798341316527,0.3479746929221881,0.4077364197050125,-1.474646432140818,-1.1533
-1.0121361272206484,,0.398471109623439,0.0684252487011007,-0.4481407154680366,0.1816477300112727,0.5433099812213575,1.7761394562425532,-0.5175992861786765,-0.2694
-0.7809092139992242,,-1.177574625621042,-0.9846263453746646,0.9596475903006978,1.201432268992274,-1.1412820736240117,0.7870098854823839,0.4153349280994551,-0.5580
-1.1213018742951588,,0.9348938488515948,0.7798126263530264,-1.413275313687565,-0.1882343630797004,-0.577684708434135,-0.645069864706047,-0.1554199035032282,1.0563
1.7575679766490957,1.4840322253961968,-1.5724979257770306,1.2407271580489865,-0.0989604252188084,0.5555007084282539,-0.2493836931764117,-0.7151372328294753,-0.2100535483777858,-0.0273
-0.9362673232516232,2.565224817023477,-0.0299827558615897,0.5713619242909693,-0.1140598220299949,-1.889117064394931,-0.7165699144790583,0.5581887152566019,-0.1245734644197201,-0.7334
1.6384392140513693,-2.162507472762505,0.9009209425810152,,-2.124421985073895,0.930693981780562,-1.6516134429028717,1.5795425274597257,0.7680605283216927,0.4378
0.9035669516474478,-0.94238209899576,-0.8030402537157115,0.4946050180327369,-1.3821088432928774,0.2723202542724257,-0.3256322208611196,0.9018708992136494,0.6857322535001774,-1.5084
2.2662588169348314,1.161422294615065,-0.3093482914538434,-0.667790090715717,-0.8963008093122283,-1.504298819679207,1.1701773285334824,-0.2880229950564311,-1.0432554235386906,-0.3748
1.1409314199492988,-0.2720533081313092,0.6729659794512208,0.9623919894887288,-1.0855847227852855,0.4216972289015327,1.3733674497494412,0.2883797837571007,1.1834066845791111,-0.5850
0.007770703319215,-0.881243150612149,-0.8415459147084713,-0.805332654777448,-1.234516756106413,0.5086037725345582,-1.3102562922111558,-0.0543910814349794,-0.8731727339092862,0.5127
-0.570130012006517,0.8879875690082422,1.0878450203999133,,-0.2049410368029104,0.369637574708669,-0.5264581489340101,-0.3872792568324242,0.4271089783650286,-0.7436
0.9240893174122944,-0.9668237328798264,-0.3719415551565755,-0.1293011187013968,0.5297104397714275,0.2315826812919607,0.0606402342103271,-0.3210001046520365,-1.4011168853817726,-1.0092
1.934524777543491,-0.6727877919309454,1.1578611865862212,1.0650680776706969,1.7491114749698558,2.202660953837136,0.7048146468519657,0.13289755971223,-2.3578949573313617,1.1170
-2.764262589611619,0.7476838091283489,1.9619535146076283,0.5842894161584332,,-0.6569581601756858,0.4404776169570777,-1.2414726772309217,-1.2009922124386645,-0.5875
1.1367365536970455,-1.6795495946352623,0.2532707063791894,,0.7594925545736416,-0.2654798024705583,-0.2757660731876837,,0.9323463936477924,-0.1645
0.3380593447118833,-0.4790345655925817,0.5618724649679686,0.7284934646248162,-0.2227660705022164,,-1.9010137358710648,1.1038729032429846,-0.9002995608455391,-0.6209
-0.8033507232739634,,-0.5576919027438733,,-1.5381765244895276,-0.5101548304662121,,-0.5826333304227262,0.9387790779843568,1.1451
-0.0532923834161057,-0.0885012761363755,0.3541848445163996,0.2442562545336547,-1.5487371128802376,-0.4942527280571828,-1.6795756638967114,-0.1582864196030204,-0.0120887425259816,-1.3969
-0.0032298736628439,0.8061826749514535,-0.1125494832898299,1.3832135561692287,-1.7682970127296282,-0.1556211629450968,1.5045054870787642,-0.1363782307361529,0.4758049826819107,0.3218
0.2490450202566164,1.1943231291015466,-0.1320600295737714,-2.753241752388704,1.3001270239470335,-0.7255745190253313,-0.1402397135500028,0.6095870025671194,-2.185836127862918,-1.2339
0.6180393582265157,-1.2276316690203235,0.4706094707545746,1.4614148580331354,0.4768897670087957,-0.6893355569470361,-1.1096319803767445,-0.2984743631439601,-0.9234698758023868,0.7670
-1.2789013294217793,-0.5824846597054688,-0.8094657326882045,0.029807305193066,0.7197049174240157,-0.4308530222286734,1.5042388955700918,-1.2353226162020703,1.6891391480601077,0.6109
2.055248506178801,-0.4664959400234146,1.7858031155347194,1.6338583997272516,0.5375391414974469,0.9778512586139946,0.960131293245625,-1.6714139863578057,-1.1060605086015098,0.0732
0.6821828541619712,0.2467810011730016,1.6015768534286,-1.126841500125753,-0.3375829971175376,0.5180909187036992,-1.1617710010275832,-0.4418159905684032,0.7805124084895944,-0.3540
-0.5088674987464515,2.9298129419876644,0.1353761581290056,1.0740621364406622,-0.6229953934975024,0.5586765050161523,-0.0746918481399764,1.186417533104133,0.9543089321084512,1.5544
-0.2031091549815977,1.2492337628112726,-0.2146471845503447,0.3535608135170108,1.5446043805872054,0.4503679981207022,0.7364974855422713,-0.6368051509263393,1.0989982258901885,-0.6831
1.1744817178097742,0.6810855307094977,0.170060232230217,0.5365966444822636,-2.0398594780413863,-0.4677216793170393,-0.4340746675127875,1.2973997398152668,0.8530789356865315,0.1379
0.2584961196973852,0.5539649105069485,1.2260077687941988,1.0290678008168206,0.9138222575836252,0.7456772480770986,0.678092905693741,0.1591013898549114,-0.2296279979942971,N/A 
-0.1019352464686472,-0.4997095435437621,0.240736466649868,0.2876744887509322,0.1182857036521519,1.6190346921882337,0.6809881015169105,1.1827411106451222,-0.3695855332487977,0.0441
-0.0885989854787547,0.4399224089887091,-1.1738938400645502,-0.4286330028874213,-1.177895187107486,1.3348326236978192,-2.241871884836108,-0.6321943277684972,0.2547007414817903,-0.2858
-0.7435124244852175,-0.5124414817582084,0.6699161716470476,1.204592816408653,0.8478671612313686,-0.262153783843134,,-0.5847485072234029,,0.9897
-1.02039616382914,-0.8863266280387571,0.5901776907324765,0.7255688513369304,-1.6629500699424065,0.7969465255340131,,,0.170712323235905,1.1705
1.1930185093890586,-0.7093142738423055,1.0895972755683498,0.0902721270726843,1.544036363252271,-0.5450548785413005,0.832800006195689,-1.2438221417823851,0.9945785146599492,-0.1782
-0.4789497585305881,-0.5157149028496092,-0.7280674552155489,-0.5628969664575803,0.4894424491121426,0.1603007166779114,1.5200949118488654,0.4148275577188551,1.119295492148614,-0.3835
0.1794776660843529,-0.8497713735909065,0.5929799617512419,2.869364856593964,0.4509142806897934,0.1271992785811976,1.40559767666575,0.4164069015422852,-0.0858320597762802,-1.6752
-1.4039364601363733,0.4769933837461702,-1.52269338527302,2.386814434995524,0.4104836855651668,-3.4775893390046013,0.8311769310264977,-0.9682353646895584,-0.2380624897179092,0.5463
-0.8317992027997089,-0.6590173083352506,0.480788743093192,0.5457844652874169,-0.7636043388233484,-0.6831224010762387,0.4876959381770848,,-0.4487791392517343,0.0563
0.5655405662154444,-0.6544731378666251,-0.2327127939030835,,1.187773846030218,-0.6940056942950285,-1.9812602447782712,-0.6455626411711477,0.1491912587594931,0.0353
-2.3932674975859927,-0.3003565024384099,-1.2054212424771151,-1.0134163265075806,-0.144282593541285,-1.7430240679862077,1.1996857285733178,-0.9627264847244412,0.8173178733566138,-1.0036
0.5744122824973823,0.82246936814597,0.065287479202469,1.0793429953497762,0.747140751628471,-0.7670093693016721,-1.083891450473047,0.8429208798486828,-0.4536454076675052,-1.5127
-0.0827300074152488,-1.4528170749143576,0.0514268732249159,0.5865932093342345,-0.9139512845344776,-0.4054314488299447,-0.1490016793441935,0.6136516732454959,0.2009188219868651,-1.4083
1.503694322379866,-1.7441147978045362,,-0.0370620852162385,-1.6090223365024208,-0.706345513529976,0.6646962672605872,0.2381958984736347,,N/A 
-0.1751136626295029,-1.1035355475043085,0.1790841129982226,-0.7507824152715676,0.957648307804226,-0.3189177805054516,0.2138727875334432,0.5332349159503766,0.20132790513478,-1.5766
-1.5780003691598297,-0.8342656191107483,0.0985476425825777,2.2402855544910127,0.0855734735051314,0.2595155843225548,-1.3124798600905687,0.5939076570223046,-0.3714518475796138,1.5899
-0.2047965424653739,0.9577429851219056,-0.4586811366363661,1.6650817131797662,-1.6270466914210506,-0.0444923067642193,0.9640093045314064,-0.0292787922995408,-0.6024617268070293,1.2338
0.7445454654905644,-0.5784007835642576,0.8223729949155711,-0.4915671479117575,-1.0419200015029124,0.4832661607425527,,0.6848510590295125,0.3268692252751699,1.6096
-1.5849378836111212,,-1.4243360811070804,-0.200654917733346,-1.70055741305528,-0.2877076141275102,-2.6196764529888275,0.0211477228050764,-0.2999543977089726,0.8146
0.3539556440357435,-1.126229869207587,,1.30204475180874,0.906363067327272,0.664236337034288,-1.5112848827177283,-1.333673320522534,1.914073511007278,0.0266
0.9785429592446436,1.329134860450818,1.2367848691134449,0.5117800705067788,1.1344883426126775,-0.5235608799976531,-1.4838400745693203,-0.2283607534200121,1.5072265806132772,0.4442
-0.6123280428691815,0.6326543186478844,0.91048241515143,0.8865636094001967,-0.7831441593755711,-1.0361872464289037,0.0047276323524663,0.9570676584420512,1.3604403301676655,0.3744
1.242756135737454,-0.0506882087809285,1.2846614516400268,-0.1199604645549741,-0.8653661650801195,-0.1344088380350551,,1.452092892436058,-0.2842396062773384,1.3243
0.6346879313199411,-0.483428558587385,0.0241950173447298,-2.168850740167578,-0.3660379525547205,-1.3174932721803283,1.0942369076529457,0.4172862909468284,0.1539623213040941,0.2202
-0.6098234151557014,1.6820762909560762,,1.1107925047453198,0.4322065361642337,-1.062965959928835,,-0.0718305862719594,-0.9146622184320452,-0.1666
-0.7467679147452814,-1.2272401312030243,1.2093387649233862,0.0107356536236504,-0.670959767184328,-1.3508307381815046,-0.5953683366189709,0.8640555287469588,0.397854510411256,-1.0535
-0.278528754587336,0.1909124839120159,0.9796828139650016,0.1276595254526493,0.2101165393129563,0.8860670992063363,-0.7989928831997476,0.2650773616411725,0.4903464923010234,-0.2528
0.5438942834634033,-0.4031603732356008,0.201418391556849,0.8271509671759337,-0.5908249879499242,,-0.6906338007081511,-1.3398989686814662,-0.7170128924857109,-0.5606
1.160319762856026,-0.3802624224221034,0.1244222889140536,-1.2589070842098835,-0.1575540781013653,-1.2863142163877015,0.3373749118749868,0.7349024982809418,1.4767856298097055,1.1367
2.116739642338592,-0.0393892872467367,-0.5563780308717613,-0.7650718744085766,-0.8214970461845049,0.9343322375162594,1.7079912872279883,0.2901964125515234,0.4973415044018466,N/A 
0.4945493795833584,0.2147502735773488,0.5798288525921625,-0.6905068262181482,1.499264232143838,0.5559960620425232,,0.10520939256292,,-0.6678
1.2647343780400546,-0.144709130987428,0.6196931116639482,0.1118025752275072,0.1665952456187556,-1.0313320037090528,0.5407022136449546,0.6801777208635543,-1.1801773014706964,0.2426
-0.0952540462482364,-2.375267698655015,-0.7333211032564056,,1.5511843019235922,-0.2400097477473926,1.186900380907585,1.8207592021362555,0.7191601310675392,1.0760
-0.9946872029467206,0.5778354412771908,1.1954585760900471,1.8248049529717476,0.9535851202079444,-1.6249258544342222,-0.380080533280131,0.1545479138114598,-0.2868351197886266,0.0824
0.8441456302033521,-1.1579399788783964,0.1565749516439134,0.0136643131772259,0.1969350551957509,0.9440413213801928,-0.1691878070319136,1.0150858740203696,0.8367339306714731,-0.7195
-0.6120300708654871,-0.99369605128966,-0.5305032023018545,-1.7496781748424113,-0.4437294669283081,0.4811877860669267,0.9136302933669328,-0.2392683303131822,1.183774272897462,0.3081
0.5561699107080614,-1.2751305616196444,-1.319740523429776,0.5149736718209319,0.8665191485389487,1.0535913865210067,0.2029675627070863,-0.4841384434363731,-0.1304822851226854,1.7107
-0.501963701564237,-0.3976698785136581,,0.7613235771645204,2.073540617074166,-0.244747720087459,0.1030277292795014,0.1242190994838021,-0.2175578603586997,-1.7337
-1.2788412682661152,0.2195112547257654,1.276915500896546,-0.5515416068639192,0.117789893893893,2.4066252535112187,-1.0175093916907625,-0.5864650925548254,2.3174123556275856,-0.5224
0.9445187573201332,-0.6700810475103125,0.0161092688488601,-0.6896494334971914,0.2101098168432202,2.138112722676365,2.2300839386138005,0.1594638585462679,-0.4451650542430051,-0.0736
-0.4652932006669014,0.330608946704118,0.5789584962050821,0.1187424377142749,-0.6862740224762969,1.1817690496859377,-0.2335276758660037,-0.1714173342707184,0.5115887644616035,-2.2456
0.6879047256615245,-0.037917882013034,0.8548287563126676,-0.3601711344294524,-0.5635056711961435,0.436185296532739,0.3151111682216668,-1.5330687182901823,0.1489607009768882,-0.5749
0.5199423112249137,-0.9610053430500842,0.5008949669335724,0.7411874055081697,-0.3210227379045047,-0.5728493315677566,-0.8963076670550553,-1.3778758292385562,0.7847106456895103,-1.1783
0.927194156879154,0.4084477933073162,2.6838274332758694,-1.1020653322525704,-0.1287451477067207,0.8832181211937389,0.8011041627211359,-0.7739688685629623,0.5756557487585888,-0.5757
0.1616905469447434,-0.678478849533614,0.7699147332903047,-1.1162483182717997,-0.5636712106143797,0.2609100542303457,-0.3423920475935723,1.4067279638673504,0.066367528185026,-2.1821
,-0.7816811538321394,,,-1.7644584308924076,-0.3880077709371973,1.3150204044439355,-1.414927255480917,-1.271499224786559,1.7758
-1.2844937017043003,0.3008958268464905,-0.5472850319633263,,1.2613328593834838,0.7981940922805332,0.2134712390279431,-0.2703093810667922,0.9958873044366168,-0.8418
0.568167077811111,-0.990423889034959,0.9117083669802496,-0.4337726820696933,2.1080380084916874,,-0.0532248911903201,-1.1694676710108167,2.151970505787845,-0.7518
0.5519478469397457,0.0341630392205539,2.39484935569336,-0.4980557622918667,1.1513263948294503,0.5692075347498926,0.9029266858283392,-0.6117985871782076,-0.4660145007704069,0.6340
0.5477266018630217,-1.247956524277935,-0.7652219247302616,1.698918568042075,-0.535346847468934,1.0213869475716706,-0.7053024268220305,-0.8175768949694248,0.4230907784839398,2.2279
-0.3232012324730051,-0.2457453875483793,0.6092822662823638,,1.156688930108264,1.188316753984644,,0.6641456069283278,0.3967259930916324,1.4882
-1.1237542029767162,0.732725770226584,-0.0508496500975713,0.7234291966156793,-0.4242114207905183,1.2481492960363434,-1.1792045023161366,-1.8573581657899187,-0.2165249318639518,1.6448
0.1818121282431279,-1.084734935573821,0.8791163944195826,,-1.7614422140445496,-1.812863156860903,0.5354358459449892,-0.0076713831771157,0.7779414835571049,0.3196
-0.4622382669509796,-1.6879867461010194,0.915919440858312,-0.376464827505512,-0.1752242662764075,0.156577773002534,-2.761955927996991,0.1415445991942052,0.3868304127398314,1.0890
0.1152893796205024,-0.3011757053756985,-0.5427667280923854,-2.423374778211662,0.5785478472242672,0.1019482619080447,0.3821062065332671,0.0991570311368233,0.0784467265996905,1.2586
1.5492202452939214,-0.8500757646984682,-0.7869339710573812,-0.2255184179703466,1.199769854319719,0.942563446504306,-0.7848167707115173,2.1192141523287424,0.7206960075706527,1.0460
-0.0649611268776611,-0.3810627998135646,1.0750750689387392,-1.2918248696905823,,,0.5108064792235812,0.4482727371662535,0.6063653957056865,0.0371
-1.7827780270016975,-1.048814583024176,0.4296119345125518,,-1.613936389380476,-0.8858221691197037,-1.5043363524425593,1.2751088266008452,-0.5778168618840513,-1.2728
0.1643379766700203,1.513393104305971,0.9775383487940952,0.5660033434624476,-0.4807016982815681,0.4218587772403714,-0.6908674289270343,1.6381272861247056,-1.1936824539938244,-1.6277
-0.0363996291199658,0.7335877868166648,-0.5423724484644166,0.8619259990436791,-0.4658964760447242,-0.0802879160812981,1.160003837959075,-0.3834622964190337,-0.7908653256751074,0.4403
1.482601173798778,0.575290698637824,0.0146245826943854,-1.13558925833482,0.5472130684831364,-0.0363204749392466,-0.7074906711649027,0.4234420548073592,0.6831095242052039,-0.4310
0.3356781450040298,0.417249242271339,-0.8023072564956529,,1.0385955208487725,-0.2748541493762986,-0.4108724574212174,-0.006779945443573,1.867172444174808,-0.1121
-2.725773805847166,1.4660647423412394,-0.2068546524000497,-0.5691264474831409,1.4153676055057012,-0.1399505428137863,0.6970690668779173,0.7288065899422421,-0.017794337458327,-0.2116
-0.4314039267593311,-1.229778355410943,-0.0056412369248677,-1.4608710939395215,2.3107118424749222,-0.8019683192476836,-0.9272865386508315,0.5271086439480215,0.8253923844592049,-1.3003
-0.5392435579246853,-0.1405849534240673,1.6791597663406133,,0.6637824743065013,-2.46478044269542,-1.840586249930937,0.3592161687651997,-0.6952891138895794,0.4514
-0.8520871129675412,0.40374808742245,-0.5821489147900879,0.871786838857257,1.2302655394486008,0.8060860257390507,1.2550275501254478,-0.2890590698876147,-0.9844597186300476,-0.7247
-1.5784623010811591,-0.9912562941988656,0.2947126630229923,0.2268419026592041,,0.474204854211315,-0.9446468046878884,2.205303126050251,1.345693672338048,-0.2388
-1.2677465496603204,-0.3761000458458247,-0.2913839416316132,1.3642173267631317,-0.2175846131946857,0.5808759222139087,1.2503570408701576,-0.8568626371849646,0.7077198127353124,1.2187
-0.1669079045275543,-1.1362534492076366,0.1950170080104059,-0.4072507330182316,-2.254868948244328,0.3669546937741424,-0.0139588603255461,-1.20743264887645,2.161844786076262,0.6093
,-0.687927047091494,1.291721386778905,0.6334001990774881,-0.1060835788412706,1.4841193679600375,0.0601439923864731,-0.073099861950529,-0.762287620492891,0.4267
0.0156693138301467,0.9074731968248548,-1.8026290655035813,-1.6241420718023412,0.2308268384349861,0.1398719572367859,0.3861413295869478,-1.0614572847393164,1.171526586202758,-1.1455
0.2059263611279616,-0.8924633516616898,-0.0587526764097976,0.1925374444372301,-0.7865152932778993,0.5373859433107996,1.4344631720628354,0.8866807126136964,0.3363492637106798,0.6499
0.809651580554471,-0.06014007903656,1.637827995085659,1.5983740538740672,-1.9831082917786589,0.962976982164638,-1.0829557583951694,0.4291855447577777,-1.0675040385473729,-0.9333
-0.1043192049010263,1.069569848909369,-1.3695337946262731,-1.3144442183790577,0.2174984139022044,0.6658771753908774,1.843873566158728,-0.7610682929204711,-0.015467151544261,1.3089
-0.0307221961276867,-1.4842419093751051,0.0140106974015339,0.7744018720258881,0.5682720400617319,0.1528346218172678,,-0.0728184280417086,0.7371315131499712,-0.0280
-0.4597853962654842,-0.1893860584605067,0.7100039877104484,-0.7031845384732435,-1.3916776521562713,0.0744896373538193,0.5837171912425619,0.4147197534936897,0.3697984211889635,-0.4342
0.4459496566631891,-1.216502223962756,-0.2975999870916451,-0.4752260509632512,-0.1541748483650519,-0.0031174150014766,-1.823276988265449,-0.377383167019208,0.7583607452922088,1.3333
-1.3839412088660603,-0.6838182473509175,-1.1638130066215682,-2.5626039514349053,0.2720729907572966,,,-0.3029512470216647,,1.3997
-1.184600184275134,-1.6151633467774078,1.829245811112708,0.1163372750888528,0.5617990160007278,0.1909770231869994,0.4680878095085878,-2.119529945712904,-1.1629434813460189,-0.1097
-0.5043038520175727,-0.2539865123877734,0.4477168291302758,0.2449129204820909,0.2057097463003603,2.1417354919562053,-0.2534500455311038,0.4169647874449276,-1.8095615737175663,-0.2722
0.0886461583271159,0.4102876258096128,0.6728564580872727,0.5345861187113383,1.506486844706295,0.2707682140835112,0.2378654080327688,0.500920153242101,1.7265559635081569,-1.9316
-0.1493044283131389,1.6008748352695872,0.4391490345539149,0.0918974785776433,-0.3869164341153235,0.1936021286460562,1.9223625899863377,-0.2546953278647205,0.2625990691131399,-0.3969
-0.2111095810440779,1.7132253862824405,-0.0027123673822146,0.4744527210331402,1.2165288550938076,2.4069671871474743,0.5905125215852222,0.3740104585328204,0.1717732136231052,0.2559
0.9848030704630544,0.0125943352632747,-0.5072354968878886,0.8165025624867696,-2.1826754349909003,1.8289914427708056,,-0.4646745471971875,-0.5063106964708007,-0.5117
0.2142641658619114,0.284617998389818,0.2330310160410734,-0.0191479237801556,-1.2422704237640905,0.8575605580267693,,-0.8920151365233788,-0.1120315868702333,N/A 
0.8672537389372375,0.2921285079032775,-0.452999255256815,-0.6225596019934139,-1.4788984724846084,-0.5943049028985011,0.0975706838184635,0.3476701163974914,-0.9585950543212872,-0.6144
1.400750925684268,,-0.6187248475183834,-0.1272738420384974,-1.500350118529698,0.5872425532177342,,-0.7390730573741295,-0.0277765970962832,-0.4685
-0.4052322340804331,1.3903449322642507,-1.3351473811685743,-1.4529273146166293,0.6886229217958171,2.3077423418687517,0.2076519024383279,-0.8198188864784539,-0.2318489281617027,-0.3695
2.7980862518616427,-0.0976055215096547,-1.385120123867628,-0.8511704782997992,-1.0995793033300736,-0.9488117752010446,-1.3932173155700909,-0.952709384036184,-0.8666321079522261,0.2288
0.3638116018599353,1.4010547796141266,0.1607157630265403,-0.5539542940593621,0.1747299876297955,-2.019803989398554,0.4804968886127828,-1.0703518139300017,2.1812186188379714,-2.2852
2.0928280310067944,0.2891112867462743,-1.316656949050257,0.1764564736840574,1.1307033064557148,-0.8886304831396314,-0.177941150552047,-0.3060993455136953,0.5948069191978972,-2.8610
0.3960577288242694,-0.2406303408482273,1.0882749623546712,-1.3397509606265288,-0.5356993130358463,-2.7213901815421377,0.6254912493293926,-2.364505228056583,0.9420443348746436,-0.2128
-1.036820430392967,-0.6022518821814424,-0.0367500411258043,1.6870053772777251,0.4976976819282688,-0.6299885043957875,,-0.5120076106334346,,-1.1828
0.0610369252235669,-0.0001619276723006,,,0.2052712482512469,-1.1912371599766625,0.2360535767546881,0.8325945330260157,-0.6234209080925184,-0.0432
-1.440059176415489,0.5723254742687697,-1.64221987974702,0.4033401507171287,0.6896458934624068,-1.3087588583919425,-0.4977302453393277,-0.2680528763552155,,0.6372
0.9806739765150704,-2.195810008089772,0.1554362084379339,-0.3840979714881053,-0.623398727427188,0.0770944002451693,1.6863660267468554,0.5293859087064192,0.5200889400012284,-0.4296
0.8413538180001788,-0.8056149345129092,-2.17925783056003,-0.8178410797045471,1.55777035146774,0.6318005548311656,-1.0137532656469943,0.4383909031419171,-0.4567367219340253,-0.2581
1.7547216282344504,-0.2720263499797438,-1.987988455519348,,-1.9834811049116277,-3.618400931898901,-0.010911610391355,-1.110222759309733,-0.3009903651662891,-1.0965
-0.7610651067042262,-1.0319667448313177,-0.9961238571903872,-0.8975281228113694,-0.1689121073567994,-1.8218860810917783,-0.5863334924208407,0.1938409244997624,-0.3736162008734695,-1.1960
-1.0005366283273114,0.97226102676066,1.3679241803372215,0.2314082331226488,-0.4595976685659194,-1.906769197843122,-1.0352048268854273,1.7500060686690442,-0.3198932415261284,-2.0612
-0.6220944278332666,-0.8437071369601505,-1.365599138458491,0.2777207102632765,2.0549277492317155,-1.268219070495814,0.5700616673000614,-0.5106934926695553,0.0835366476703755,-0.4651
0.252247721086658,-0.6429920922715702,0.1313368031477841,-0.1635976086263953,0.8816053775499835,-0.8369723638341533,0.7087555259280458,-1.257700621945422,-0.0183413000803396,-0.4757
-0.2096812256073923,1.6821854901868412,,0.8670243336769111,-0.7795839405841527,0.071347588352947,-0.4805589699779601,-1.3153426832148143,0.8051627429982444,-0.7145
-1.875845659305491,,-0.109593862444481,0.7858232738499981,1.2197652303152398,1.9537125698314928,0.2761798320246099,1.3971223883110786,-0.685463868897509,-0.6890
0.0849086347949683,-0.3215024333013592,-0.9687931394713922,0.2088141659622593,-0.7525002222789383,-0.0558600116272304,-0.6758450896736181,0.827463802582489,-0.2983090452949966,-1.9795
0.6846243559498619,-0.7074873296027633,0.0424096593922913,0.7119286506585238,-0.0643973875229892,-0.3158316880873573,-0.960487236759729,-0.6746701255535525,-0.2955949674178783,0.4294
0.8670844315858691,-1.014386966419277,-1.094924932122534,0.114841373632097,1.6024303827528417,-0.861125571298247,1.0547569100672622,0.5493854029482218,0.0852483047269222,1.0290
0.7763320344019099,0.2561416179638069,-0.4441123297272888,-0.1747525044720205,-0.1231432279816394,-1.4776828324797284,0.5836850264072871,-0.9667309100641852,-0.5236962909403616,-0.7070
0.2270217483214036,1.3658018426010687,-0.220109729098734,0.5568799149017364,0.0978142669249623,-0.9258955293444676,0.6919593679770173,-0.0636823141872424,-0.7433148947669415,-0.2460
1.1349973619106128,-0.5766874817065567,-1.0191327133500163,-2.1422243275980506,0.4111985869056481,0.1462013265008606,1.4414864296063388,0.2622436610878277,-0.1534191065629755,-0.2903
-0.0602868752345856,-0.4252772216457144,0.2646081504716686,,0.0520394668849985,-0.5353946330020561,-0.4387973946935778,-1.0731774013761175,0.4533092277172704,-0.3264
-1.0652284992150811,-0.4597309357932562,-0.1054187014446296,,-0.6512012039607258,0.0328270348650568,2.697852135946766,1.227906867382265,,0.0254
-0.1459254379751882,-1.607853169685886,0.851748982398881,,-0.9612055297756468,-0.2963657194354505,0.701516258857758,-2.59245256492176,0.5092775617500265,-2.4393
0.291852248887921,0.0939554542656919,0.3836350944977885,-0.8141866875630689,-0.0825130363296533,-0.239912606118691,-1.5141486336026782,0.0093402928291981,-1.6635718496128058,-0.4142
-1.00734193781675,1.6423692829565175,0.0103926023794494,-1.5059731287601537,0.9607450641489466,0.6055403278169277,1.2274965782148115,0.5395940288231131,0.9716188230663196,0.1841
0.1757662059191178,1.1582988476972589,-0.2469141661862755,0.3259695910832457,-0.2327159550299015,-2.1667105354013927,-0.6855281980022214,-1.0342863257825825,0.1746565122542132,0.3590
1.4183281501327232,-0.029994154826757,0.700654336451791,0.2515472715345678,-1.238064746955387,0.9393194489949372,1.6042699622787755,0.5057110197265234,-1.2417043122066935,-0.0947
-0.6846781386509457,0.3684597496908131,-1.411643450078245,-1.2921527189859476,0.5658133139181892,,-1.9516257955080236,0.7550520484825773,0.9444768749528588,-1.6002
0.2166821172649866,,2.166743434211667,-0.5076175993210014,0.1475598327005633,-1.9187746129683727,0.89742425700686,-0.274853485468844,1.5450734534888848,-0.2706
-1.4790692261756528,2.0930144832645943,-0.995738395353617,0.479463510205643,-1.1011652022047296,-0.51287229858627,-0.0815393514124911,-0.7062701636118581,0.6928932518754438,1.3302
0.8084257074514033,0.4159658505750917,-0.1227381335754893,,-1.0483965062868252,0.7283743710693318,-0.6966324751492863,-0.1253243678582923,0.1303453745372473,-2.2894
-0.7629979112609593,1.352159974568485,0.7465276138572724,0.1039399596669333,-1.2669492369586772,0.5424707616429019,,0.2697575190299887,1.66830645583407,-0.9426
0.1899935478720077,0.3535433594105371,-0.5795686730617728,1.0564391880998047,-1.7515898310550195,0.1345434357238756,2.530783870551094,0.3184481058079831,-0.6651942739527538,-1.4232
1.011635653739816,-0.7122280613376663,-0.1638169635172197,-0.1320253101283022,0.1317947923000618,-1.3946256949378688,-0.1098137856558544,0.9508356975307348,0.5451403750229757,0.8554
-0.9059591242359196,0.699181179260335,2.1433596127110826,1.356736930890067,1.5678392883119476,,0.0932278032962076,0.7897563228025729,-1.322123107857448,0.5877
0.150071191579034,-0.6100198911767024,-1.5384400710691517,-1.189238431902073,0.7830936346355738,-1.304129530057052,-1.162231304921008,,-0.7717385382071844,-0.7259
0.5525091381247119,1.564496856345238,-3.523285126936368,0.6442833245566086,0.4958022089145777,-0.8874517076435056,0.1669043587675352,1.842878052548301,1.1868847075797793,0.4062
-1.5192593837019936,-0.5965832920674417,0.2976808875503692,1.3838123684513377,1.3244992521986358,1.3346730197273922,0.2623625789894698,0.3397773449883222,-0.5917785906562437,-0.9990
-0.0009217797718787,1.3340970679711073,-1.183167643122157,1.0525939145910026,-0.88074007013101,0.211643143700854,-0.6336806456371437,-0.7991495475743299,-0.69911688110446,-0.2908
-1.8365648604200653,1.1619800589290608,0.837259062955964,-1.3152797255480777,1.0239684348479874,2.3383827105541664,0.4699568027828805,-0.59316908761793,0.1342183310154542,-0.8314
-0.2727578045293715,-0.3717872470033748,-1.2536677877155002,-1.030787799236545,-1.319861801373042,1.833346117607588,-0.1827402720212093,-1.1536049884131925,1.4688864500241232,-0.6580
0.2411280046561726,-0.6028266822715531,0.1051715133956398,1.0015929400539725,-1.7530259310621552,0.7169922587776648,-0.2519332738090102,-0.2587525654559806,1.4189651089713085,1.3452
0.4456416559309343,-0.2955904224194903,-0.4381957568379452,-1.2482934695016683,-1.4177349206991798,0.0203698308797869,0.9750667022153222,1.6373518980334842,0.7578423174279769,-0.5640
0.8999310410221666,1.886991978343732,0.3903874268428019,0.4415186861425998,0.084592340477763,-0.1972726776828161,1.895016230792005,0.1362411521109781,0.6067268836152504,0.3010
-0.8640625540829073,0.4991859937797224,1.85638488785386,-0.3934122971313095,0.4954440483841912,-1.0058852045904083,-0.6938730087617262,-1.7106705319278794,-1.6551691869075391,1.1708
-1.8226871481140616,1.6643588325117216,1.3686826972761734,1.02392128191581,0.1885216656982787,-0.1893436829997289,1.6706084311812297,-0.7865095156414568,-0.5622202371995657,0.4489
0.5651477849122131,0.3056689543512885,-0.817745919112681,-1.5435061005502515,0.669484467442368,0.5269053278184942,-0.1454640282012341,1.079886114440638,1.4669923539406713,-0.2286
0.6435291952513326,1.5204035520364996,-0.911733041878407,-0.2479105653169287,,0.7989941779304985,-0.0951165758901228,0.1488226517338534,0.1159378929272832,-0.9220
0.9721534211252348,1.61095426346522,-1.4581919557761405,-0.2029484374776852,-0.7162457041254079,1.6861953749807277,1.4421708423622153,-0.7644192228943977,-0.8987847530575485,0.3093
-0.4202693983195312,-2.033814634623526,1.060124052377375,-0.2129089005588096,0.6547304323608502,-0.8505594369758123,,1.4113748703305455,-1.723427263716576,1.3291
0.0758875234461068,-0.7943568572103008,-0.8939340386670719,2.2171695273926373,-1.1674863186498403,-1.041831483284586,0.2224304600763702,-0.5035453678963095,,-0.1880
1.0181000942573597,-0.97848908390305,1.0496952301078382,-0.0746167127683374,-0.0868589073138271,-0.8618065155964458,0.5472271899406039,-0.8926301154882411,0.9234807205894424,0.3892
-0.2523093032627898,-1.134307018436875,0.0665253205910843,,-0.3458399762126607,2.6710270179109976,0.5712526554241917,-1.6756142681101625,0.4797856299113104,0.4053
0.1451541535591072,0.8983453065055427,0.7944462311521376,,-0.4938538438647437,-0.3826748558463762,-0.9969920864976748,-0.3707652434299004,0.1967308263394959,0.0703
0.7995641677099591,1.1890790793840753,1.763523843251909,-0.1661808663761963,-0.3401264551909208,-0.828616197022336,0.6889765959049235,-0.068138252901787,-1.3472727783988825,2.2219
0.258599108647936,-0.5737765961789564,0.2404771770045105,-0.3252659080384477,-0.6207526019523883,-0.7720643646621389,1.7515096893859623,0.7052123134876144,-2.3076639913005987,0.4083
-1.0142806259108954,0.2926195924607603,-0.7273888980213855,1.6162195125442096,0.7314910167947755,-0.3578743378370854,2.046575478317152,,0.3446699048386911,-0.6468
3.2841689309341224,0.0345534083820205,-0.3458806738841086,,0.960681470038723,-0.146724687207549,0.5257506461334339,-0.4590481177968079,-0.1556564913705912,-0.7995
0.9032776965019146,-0.0607670169443427,-0.5631537729673032,0.7304682542706074,-0.864457590741781,-0.3418977066422285,0.5331436860292539,-1.1449309698256815,0.7405767009908006,-0.6022
0.1627217003396357,-0.2671926052577861,-2.196870067779718,1.0262206754501115,-0.0487094620182752,0.5443354895381292,1.1317125444132672,0.2533400278506857,-0.295765566377131,-1.7004
1.1740778807329728,0.9271137773283455,-0.4853848765234549,,0.1061140683308623,-0.4141397002018763,-0.5702874727441309,0.2560812591273745,-0.4533162080622557,1.3020
1.338789764486411,-0.0251253921511954,,1.805339459159603,,-0.6838518613129115,1.1159625953881027,0.8105099198425412,-1.262249551566912,1.3731
0.1882282381606613,-0.6270500482257173,-0.3165402964681667,0.354691999494753,0.2690995782327891,-1.2296134297854024,-0.3386324401625051,-0.4596720008199054,-1.0821837197739648,-0.8687
0.9987705827962874,0.1371862159315151,1.0456777399949997,0.3218964005791048,0.974119260025638,-2.049402863047139,-2.273262487460744,0.4753280030712058,0.7811867745394117,0.2595
-1.1878508836009982,1.17805336965994,0.5835274078242256,-0.8305327941772738,,-0.0061437276299597,-1.0802155646074885,0.4371330235895959,1.033320033549946,-0.9076
1.6602901074530123,-1.9320679139252772,0.1716804766211287,,0.4736585065613569,-1.1776926532252423,-0.2862729543592602,0.0927765801562271,-1.9581880018982905,-3.2306
-0.4137067059752639,0.2468735651464446,,-0.6820047980360567,0.9866044987988012,-0.7838349701555263,0.5731460522965068,0.8806559970103572,-1.045687550003063,-1.4903
0.6031416798969735,0.4822524776783705,1.027941634100445,0.9365399482308152,1.915683596364631,1.0192630038430257,1.7753954010789352,-1.8750975081728976,-0.5121972567111598,-2.4160
-0.3390368551545518,-0.928967546436886,-0.4022112151503205,1.7222406409262807,1.204891326250595,-1.463578741623589,-1.2591876378436642,1.050083998872828,-0.0839053108508401,1.0282
-0.1594092694953626,-0.2595363408597433,0.894550045147818,0.8662752842560718,0.5677845976439609,0.4296968109644459,-1.309191025086405,1.7397920795982544,-0.4783618138205229,0.4540
-0.1997401342270302,-0.3662648780155965,1.3083952875765468,0.0246518438901901,,0.9307136676452094,-0.2379138201000473,0.3924433632132173,0.0924201087006432,-1.5440
0.4441599316301688,0.7855545077580007,-0.4095791030855412,0.8907487907262559,0.5214882542496809,-1.1267368219639426,-0.0184941808789957,-0.5216990736386621,2.0933512076209464,-1.0983
0.989576950950714,-2.20563473426816,-0.5708244276547025,-0.4583420868178587,0.5593988115827228,0.9060092595431244,0.3447245286354329,0.91629665976389,-0.6242489278470182,-0.3594
-1.3490376481650603,0.6829203799789708,0.663020614945246,0.8615869249218251,1.8645109096467876,-1.8674431137988756,0.3024382759105279,0.843258814419053,-0.3045000369803522,-0.5617
1.6375334442352616,-0.3134390059174327,-0.0838216264658264,-0.7444443282456205,-0.0320248900067513,0.9814830806498216,1.0295041119956994,0.4772364564499354,1.5054967922277565,-0.2227
-0.5460358082586725,0.8922275561546399,1.4635233544962891,-0.5399734920879039,0.1475810544485728,-0.8419740912167827,0.5473256972772678,-1.0154209085033867,1.7397670921753865,-1.1797
0.3589714751265584,0.48183270204236,-0.6785136982408677,-1.2887553619737944,-1.167744089971946,-0.0293321935205525,0.863873121713047,0.2234465588716609,-0.0265140780309037,0.5788
1.052250512103497,-0.974289895460822,0.4972914118823657,0.5854147005935558,-0.4650433560165383,-0.6904202440989192,-0.6040301915669467,1.3714545155670492,0.0153774454666333,-0.5882
0.9196315726250636,0.5774519234612132,0.3404183412029569,,0.5018405161504829,0.6876118437179536,,3.049816256296161,-0.1794532221685598,N/A 
-0.2947513602119553,-0.7059004893813927,-0.4540145511743234,0.3605607378299362,0.3281042640087061,0.9839935183668918,-0.2729307574348243,0.0865917649586815,0.6401874846450389,-0.5176
-0.0188781700233804,2.459838576003025,-0.7032336585539548,-1.5042247446535284,0.1570323747472276,-0.4723138410931506,0.4227174648216091,0.5526165915419358,,1.2012
-1.5279201235428104,-0.144125637144899,-0.6214711331274815,0.424936145053121,-0.040394660442704,-0.17190856743674,0.0623259996892921,0.1996627372500467,-1.0069173548967345,-0.1903
-0.5577820339345709,-1.6660957397208054,1.0599015008915598,-0.3635693886052498,-1.9046399461747945,-1.1134050047013262,-0.9229272916055248,-0.8384240912724688,,0.1629
0.7537615531762558,0.1694087161874752,-0.5764341797473114,-0.4548185743829447,-1.2791496416740702,-1.6934743343348335,-0.5046477011329826,0.8624820429862963,-1.3692254888597954,-0.5935
-1.3936526214408744,-0.21106929142915,0.5248015369883714,0.2413282065209996,2.345718683768083,-0.7329785602081683,-2.810139700316479,-0.6852263697549933,0.5708696679633396,-0.2892
-0.2054883266245035,3.040956128653492,-0.1749874285028824,,1.2888380165002271,-2.539875001319997,-1.913526644582062,-0.6005159832755503,,-1.8785
-0.7733460274945686,-0.8059570252368696,0.4782670139291611,1.2524139995971262,0.1163874284405067,-0.5321864916491844,-0.5086853968550815,0.94018330078892,1.0212119572538008,-0.2337
2.1078099040682634,-0.4872229218402739,-1.593618276978837,-0.3728990337133018,-0.7789648479774985,0.4584008875186066,-1.7925056640337855,-2.138786332134865,0.5928280819534901,-0.6645
-0.1289042859103028,0.6800451979880561,0.4365349588029555,-0.359043823284976,0.4069596941667936,-1.0337960675075826,0.0676936086491157,1.9156525889182487,-0.5022764421161248,-0.5075
,0.8473764772120456,-0.3466910716561393,-1.4516893128500732,0.4305870897640079,-0.1389524752626255,0.6298492490536752,-0.6054288060774987,1.91269415905077,0.0988
1.3992024833981414,1.4248906330627251,-1.0323847817415632,1.7762051155655798,-1.1169959818736164,-0.5029272591690448,,-2.0241929316786287,0.6358491975876085,-2.1815
-0.0425853641205037,1.1087907583477226,-1.4576729254869,1.6199904453295622,-0.7034196518041019,0.4102543268433982,0.918021259599068,0.5438250812046814,0.0766474503419915,1.2187
0.4301205241505007,-0.1856481684865137,0.5115431012429484,0.5162011370467751,0.7313827668797213,0.1443246657177605,-1.0671686462290195,-0.1504451382921364,0.0004660719479241,1.4891
0.5429583424095666,-0.0548317374067791,-0.2067347032570227,0.4554578967901529,2.5873823653599155,-0.3369946734829355,,-0.6179198905912839,-0.9182680980030464,3.2233
0.7126864204657108,-0.6854014259323571,1.139328753994122,1.1737091269247444,1.443730125917454,0.2533345825431635,0.8438623664847613,-0.0924859663204091,-1.3257525619241457,0.8075
0.616864311069052,-0.0949519187008379,-0.0396387613515547,-2.155325730558052,1.2858746528692908,0.9288891720885892,-0.6417019744459336,-0.5505307779115675,-1.9851208264753328,-0.2326
0.5759027152163212,0.5813340425929469,-1.4463365965013617,2.300378616984877,0.1641911625066216,2.23263354696301,2.1825755395423765,2.772082910577406,0.7621512946698904,-1.1786
2.02742462282646,0.8113284483843581,-0.14317810482263,-2.251188778369549,-0.0189017198518413,0.7102109917404527,-0.4223895760936126,-0.4633216090672665,1.4815521527033415,-0.1884
0.7887489904721672,1.3990134868982291,-1.28097147331532,-0.7757985232935305,-0.2686464431342529,-1.9316385913230607,-1.9527319139966377,-0.5230403257953762,-0.5779050241912712,-0.7946
0.4030687374355322,,0.1292882978334303,,-0.4445774154324531,0.3574670388345998,-0.8742366984653045,-0.769354926144528,-0.4621278455376256,-1.0489
0.4734472192180999,,-0.3833064191136212,-0.6088288464052151,,0.4347600202339861,2.3311678827037934,0.602477696361184,-0.3397873409191506,0.9141
0.8110817409589659,-0.4952095097523494,-2.977001644300035,-0.9212308965443782,1.805690617288138,0.168942652213415,-0.4566993699377832,1.387775211137592,-0.7874325939605477,-1.7740
-1.295880506641492,,-0.3613071707583924,-0.2668814080613652,,-1.8596765307250904,-0.474716722445303,-0.9290924309952412,1.6452083997723397,0.0573
-0.1711599018288844,-0.0528797929350592,1.4076088678296772,,0.274058206469759,0.1534881836413398,0.5711054585117713,0.4435647572190864,0.4358833920885069,-1.1341
-0.5520951186459293,0.0816855051311087,-0.4846087137596109,0.0584248551917891,1.393469199512697,-0.7257778077190689,-1.778374266568411,-1.2567723481991744,-0.3053765736878723,0.7173
0.7768473188648257,-0.6883853891915294,-2.346276350279079,-0.4327878770330283,-0.2737387280595551,2.398792024249984,0.41180547895852,1.8891721058889228,0.2551029777034213,1.2234
3.561219347645077,-0.5724572287863113,-0.0062500101227692,0.1295248812483082,-0.3248521098987332,-0.4659338576850717,-1.5468733735763545,-0.8100162373601053,-0.0880397665255744,-0.0710
-0.5417593607244429,0.6695161013236618,2.2369298859865747,-1.510395980699817,-0.1551647694729764,0.8876870205732387,0.996552148436018,-0.7855184667327947,-1.9204937178459351,-1.2391
-1.60318618834711,-0.1557637134882097,-0.1394803272598997,-1.8116142660515693,1.4911668690919997,-1.6374911018660931,0.413141030140952,-1.101717393959084,1.0461061130823426,1.4383
0.6631919601713697,-1.3245732485925392,0.7136613622876092,-0.167957933381433,1.5145283648229382,-0.9837919268988524,-0.8997261602110109,0.8283317593592007,0.1957462426569973,0.8667
1.3969575453209335,-0.5610604771415211,1.763837093267116,0.2505693284173699,2.425744728472969,0.8701229284531686,-0.2442819094218,-0.9652767369212608,-0.7794851648759463,2.1028
0.0160335467711825,,-0.8672017852935621,-0.3441817984488528,0.0621113215607585,-0.3725756689066456,1.70233713551968,1.646323200322723,-0.4499665797689057,-0.2539
-1.067491911645813,0.1675109582279214,0.0929687888224701,-0.1976195265087044,-2.496167514464213,-0.7230405006713894,,0.3405277379524236,1.9255489499642275,1.1435
0.5249407837485969,-0.3573345605853173,,-1.782206890390855,1.1969921252831377,0.07876184023163,1.6066098685371422,0.5934454436302246,0.2129425119475115,0.4308
-0.2306658677512901,0.9926552041101364,-0.2961668971729179,2.2306235184721674,0.4876185364659366,-0.1301069050481879,0.4781629247769086,-0.6296223922742178,-0.7934714239614648,1.9716
-0.2286382721090868,0.1617837727981521,,-0.5144710753478401,-0.6508548236371509,0.710897564376318,0.0334811485195574,-0.8992563137722749,-0.6521901977288913,N/A 
0.2754082832561119,-1.760289923962441,1.265413700751924,-0.8752460168502615,,0.5478852986597683,0.6160145972599209,-2.055556954432661,-0.3646906228584852,0.2688
-1.540200615797925,1.171662688515477,-2.0481064740070734,,2.3807742418283477,0.4914303626827383,0.1673928191557775,-0.3491450128993768,0.92808782246988,0.3921
-0.3398924675663676,0.474434578914305,-1.7071506473215503,0.1272223610289631,-0.3497583525516427,-0.3516545498995296,-1.0551097702792174,-1.18165485944077,1.561704276495937,0.0408
-1.2375453508010608,,0.7290221290873136,2.489276609273037,-0.4318522401995363,-1.3697475848276903,-0.2646363570787809,-0.4444008551541494,1.0535062483706152,-0.4289
-0.7431200192687158,0.1667036299058133,0.5293025154234084,0.3389826676251332,-1.302635109681518,,-0.1412435676900795,-0.209900189280106,-0.47001481498273,-0.4354
0.3256697505809728,0.150078111716481,-0.1194851067301087,-0.8888041665746834,-0.724957163815049,0.0984872827803187,0.041160114066173,1.821752210555453,0.02134496130596,-0.3108
-1.2845755211919574,1.1110130498504152,1.0471605610892205,-0.2183802718689206,0.545645124239801,,-1.0219006870631255,2.448019826266988,0.938815705445146,1.9325
-0.0111909818890319,-0.5659202659510306,0.619050712929186,1.7295846649129036,-1.4963933803134386,0.5449860760849473,-0.3717819179431599,-0.4539328926426514,1.4051694945282889,-1.0019
0.6044382282330814,0.4424224213740581,0.6700010014179018,-0.7513938443928246,1.8259375902251784,2.325384604199989,-0.1402322615074306,1.2379904623770377,-2.6026268131895285,-0.9600
-1.730040947971644,-0.7046391521776151,0.4198134725689839,-0.5157869367139207,0.3944585277556646,0.1449727952453665,-0.84562390527734,1.0761116293466233,0.762458977519686,-0.5038
0.498010562651486,1.863374765625278,1.7032134050175842,,0.2467716523334636,0.4359681816324713,-0.1548762036831247,-2.631778526076099,-0.4733622108625503,1.2336
-0.689209639762781,-0.63461263631776,-0.7724371515397492,0.4006405465312026,0.6561399557890851,1.5179559171797237,,0.6674003326307691,0.363594468541929,0.3559
-1.0475314970165543,-2.4694943316567706,0.3280074630447945,,,-1.1738061190826397,-0.3233268871986967,0.8464279315408371,,-1.9006
1.4803355177722195,0.9204574577710012,-0.4618212733956893,-0.7161278903636292,-1.529977978208814,-1.7963659831901726,-0.7417157274132254,-0.1517819990511146,-0.0420199835647948,-0.6782
-0.5447964367205704,0.4955291325557215,0.544599895572655,0.3107366886680991,-2.831777961387105,2.1310684307094623,0.2989027297930134,-0.5586426832147401,0.0604457137420882,0.8107
0.0356937923748808,-0.8170180283950913,-1.0650308590024096,-0.6661859757211823,1.7405948599737795,-0.3255640853753963,-1.261652136941192,-0.6865365890420339,0.2687214416727262,0.0052
-1.9581936687053356,-0.7390983694151319,1.0696444935128564,0.2636153508488861,0.5925708696528913,0.3405301113897806,1.238262482859685,-0.0859224305488489,0.3426618606034721,-0.3851
0.1570149834507723,,0.536268551747575,,-0.4358159138690348,-0.1978101173871606,2.3841246230338857,1.358789138983295,,0.5292
-0.7334909021404351,0.2081120809810714,0.342018749916597,-0.0410694446819292,,-0.2079841651311324,-1.0055624732811843,-1.467657442455671,2.302357712093483,0.6608
-0.6804693826593183,-0.3510668350882195,-0.7401438039281982,-1.7501440713030023,0.6528000931446152,-0.909826943555232,0.3618016536315714,0.0241821760956872,-0.29660823474152,-0.6219
1.7724768776924449,0.0291470311774078,-1.311592391848721,-0.4352424908341544,-0.477263939786903,1.36364201301308,-0.0158454653664777,0.7388094857187003,-0.0615910240745668,-0.3814
-0.2892790619575839,1.1227388950981807,0.6537732227487992,,1.1462473968690898,0.9161364322079676,,-0.70494555827574,-0.1068395102362208,-1.5719
-2.180653566200021,1.050848225455561,0.0311108697792863,1.082675044008267,-0.7892766143518044,0.4404879622647312,1.8010843934006788,-1.286524838627027,0.3428087811938581,0.6709
-0.4005463342165341,2.095813424507949,-0.2217372263587005,0.0626946132551303,0.4924534596486675,1.2310713248188343,2.296465613377546,-0.0706496654129148,0.697325601030141,-0.5643
0.2077105055622418,-0.2793603779372682,-0.7234878009366186,-0.7445235960631885,-2.0179701933983987,2.4255244255989394,,0.957358668567636,0.8265882231068559,-0.2470
-0.84133010097309,-0.241904109960703,-0.8166487121649739,0.8548232068968262,-1.06954733072419,1.4000050448750232,1.3003107280930264,-0.430756140900238,0.8898340676883947,0.2479
-1.585467894292602,-0.5510032781906945,1.2235665101794966,-0.1094876733962953,-0.392207581577378,-0.7441468604580614,-0.4673231272668634,0.3837635641243281,0.3155687878436587,-1.0161
-0.2229778194213059,-1.3713327098292882,-1.2456743777864965,-0.3425022753781293,0.9386707438540536,-0.3230446085015287,0.1074199385352064,0.5983771512146359,-0.3916254950192277,N/A 
-0.5809691229216641,-0.3112186619977611,-2.1708457678956683,0.7881798263626045,-0.842713178651838,0.4198488973526732,-1.0556116075448387,-1.0706131617190933,-0.285031158201893,N/A 
0.967956917384285,0.8256832954161744,-0.136292483122509,,-0.0285635119322845,0.288828845956018,-0.606940321828402,-0.1283093411571881,-0.4082145215802991,-0.3077
-0.9442881777596503,-0.0758632084767949,0.756970870267065,-0.3924483769741435,-0.5927971308444528,2.292431922377827,0.1543366534190627,-0.3201035299171721,-0.4219154926033261,0.4514
1.5333112926868886,0.3576858756099318,0.5052282244374664,-0.1018925278649728,1.8646145207026248,1.695286873898742,-0.8496150281998233,0.7813956099169462,0.9754583772535412,-0.6325
-1.767590275478128,,-0.7567388507130655,-0.0467773961179646,1.003221955136826,-0.1858482370127553,-1.1491265657456915,-0.942458548623445,-0.678705514486246,-0.8035
-0.2375583670795613,0.945357421833703,0.878662400745389,0.2126940996033137,-1.1786394531896525,-0.8509139276730909,1.5068546806462937,0.3453982633174213,-0.7652776249177575,0.0996
-0.4070624882878417,0.3199036543196116,-1.8056018961959024,,-0.1523901318997534,-0.7112955627016585,-1.907177984558709,0.1234215459195042,-1.9741874787861315,1.5582
-0.3156906050932648,,-1.0005664852227052,-1.036210504155014,-1.6405066137177515,1.49331649129538,0.9742126548513284,0.2601106111902563,-0.0834591142349345,0.1890
-2.1050371310990648,-0.7099814540582693,0.4598448541232859,0.8042248283898787,0.333461633284104,-0.2424482075713805,-0.8789231193404873,-0.1718672605476931,-1.056756056820152,0.5879
0.8872796221322362,-0.7099845229441902,-0.9768390915036356,-0.9656808829444417,-0.5864109973856475,-0.5081733540696795,-1.5971741941586806,-0.7479163583018585,-1.5141745907499282,1.4597
0.4567415884522895,0.4218979532108505,-0.6511524723469054,1.8803459204491608,1.820102953931691,0.0745112218787767,,0.5407361276698927,-0.305918835152456,1.2399
-0.3836714385051645,0.1458307364837836,,0.4032157166211425,0.0720226865580107,-1.992461569894298,0.7131116676538736,-0.6832707412162754,-0.6214593456573457,-0.5923
0.1767256813370666,0.4397223788028473,0.1386818351464307,-0.7519353929790092,-0.6419093567880514,-1.6333444454096808,,-0.0382404500850934,,-0.0235
-0.701887760303078,0.3148932673631113,0.8778897602199361,1.262803545292995,0.4264803999815429,,0.9252204738009472,-0.0418757807970455,-0.8861301821466274,-1.8891
,-0.3470740896069864,0.6764098042543485,1.819991044924436,-0.2202339465595898,,-0.7196623931633885,-0.1292113441928838,0.5940382599613312,-0.5658
-1.4440756820162914,-0.3979647858659939,-2.495445232389565,-1.076183832237094,-0.9344491835870918,-0.0092944679007961,-0.0532932405248752,0.4513098116158239,,1.6851
-1.974833274641565,-0.8541764785053846,-0.4399211836957746,0.6235427707047899,-1.5917717464923484,1.005479368543843,0.0989554056955188,1.3650535945765714,-1.4533633351797994,-0.4722
-1.369880731929184,-1.2200568200631816,-0.0022659904756597,0.8311078513311174,0.964099944238957,0.5478092493240814,-1.4583086473999192,-0.2880268059006712,1.060029145125745,-0.1562
0.2541779469181103,,1.8542605131089915,-0.7425710683892635,0.4624761285786471,-1.1266415889515515,-0.7008910540326536,-1.282462502385786,-0.1303812657280679,-0.5090
1.6886860832934762,0.705048717259787,0.4315665983435697,-1.5074472730214667,0.3389890768887622,1.6561405073789826,0.0040492635330872,-0.4892609453093806,,0.7415
0.612973187247123,-0.3604192637681014,0.1235057975303671,0.0894951439703645,0.203707163390076,1.0459763326576792,1.7777012154300316,0.4796673688057845,-0.0612923469701376,-0.9206
,0.487940187822828,1.0925897708189678,1.1753995404165456,0.4248518727447362,-0.3760950609714979,0.6289170243496972,-0.7112481436406217,-0.4570082285041172,N/A 
0.0366672555661741,-0.0127883229850303,-1.081569160133538,-0.3650584569967859,2.4158289691446,0.0436036326921665,,0.2862165880993909,-0.7065813158748363,0.6110
0.4556221134725676,-1.225780913532658,-0.620008474470152,0.7245728842884498,,0.868422784118923,0.4623320005243904,-0.4908158751920431,-0.0182217982496054,0.3881
3.2115643101726614,0.1233471976157705,1.7023929041394177,-1.0210410398440315,0.5903126743623409,1.1964035637072616,-0.3877686389145952,-1.7389175387914817,1.213772253194157,N/A 
1.6197262297883268,1.1144953555766377,-0.0394291487995062,,-1.446153836167379,1.9221794673600523,0.025095971025532,-1.7731628771640418,0.8443686092255617,0.2693
-0.0623599711867971,-0.6168751336687394,2.2302781252214907,2.490535764513987,-0.792726288810367,-1.1784524721644225,-0.8662472796228551,0.0623483867831325,-0.8188073905606625,-0.2319
-0.0496716061653993,0.9126125336704553,0.4557243079480224,,1.010915113015588,-1.213358824320762,0.6129708741548396,0.0365108944322041,,-1.0098
-1.2870276879949885,-0.9457338797773364,-2.4619309566409706,0.8349297838535602,-0.1052971424385133,-0.5217650998560753,-2.2412917904242526,0.2558961425867035,-0.3593455715306768,-0.1899
0.0198441209811907,,1.4448646277017174,0.2378808295210555,-2.446399698609645,0.2839048726540296,0.3566001202215684,0.095018268236872,,-1.1103
-0.3045473383065786,-1.1605634730057377,,-0.5591027111725385,-0.6168508748014871,1.4717487657261543,-0.2257835796622558,-1.6956498753832825,-0.9485605340775836,0.6105
0.1696313367232571,0.9901239604056028,-0.7986040437141038,-0.3447861748658982,0.8166152952031468,0.4749267892256488,0.5434912438412483,0.872271852002016,-0.3621983892808254,-0.5015
-1.1713235641698747,-0.5110773188506366,-0.2025281156239794,-2.752623238527845,1.4948110388892353,-0.2306460930710565,-0.0109955825007247,0.8818365616397092,-0.1277440784571646,-0.8645
0.1342841079568867,0.2570552068299686,-0.6251601825407334,0.1225768826205342,0.6055611806440986,-0.0253234403928047,-0.0195861601608304,-0.1893360765638605,-0.4509001597068603,-1.6358
-0.741070697217527,0.3629814234525398,0.3329248051531839,,0.535786331985676,-0.2643720207883553,-0.3070633908673695,2.1884085319163726,0.8681795006307373,-0.6915
0.2402226134154454,,-0.5774413783990905,-0.8372812254400981,-0.0388658673716223,0.5407457544335071,-0.3606395774587747,-0.3501479676896886,1.7044688844648688,0.6369
-0.6582282786092152,0.7689778648561582,-0.4301081238939787,0.33886972225678,0.4650748484753629,0.4817319311421604,-0.1055430624240066,-1.3969656504126458,1.4599795097081294,-0.9935
1.1206728089079772,1.4199982409213974,-0.6175624634597993,0.5306598461254144,-0.6164796517636671,0.9030525758677772,-0.3871670205289248,-0.8026129066405124,0.0349239679913135,0.7485
0.7708523078854043,0.1020371949193472,0.7706563075322839,0.3048514681565161,0.7517877850318173,1.4784540506518222,,0.167414644774356,-0.3352593188539838,0.4183
0.2458320868604403,0.4699936840309488,,0.5134882996772975,-0.3979119853736165,-0.7737050827001609,0.2648671507320958,-0.7606155992019894,2.0750865584020435,0.5267
-0.2119232668539512,-0.3651762787155582,-0.3024612799962746,-1.0565639989934228,-0.2991440036026067,-0.3981608832811629,0.337177051269844,-0.6174421819955226,-0.537385465218567,-0.2010
1.3863997778948054,-0.1535751933101803,-0.9088706708810622,0.1755186197409951,0.9135791499200258,-0.4051311805380483,-1.185000663383243,0.5814499353188429,-0.197975815591768,-0.0170
2.021383239031454,-0.4989680665947474,0.4983312248443196,-0.8670939082887273,-0.1375335615498971,1.5925126258936757,1.1725456897997435,,-2.68581501950465,-0.8703
-0.5190331065215307,0.4006519590640279,0.2633751112823801,-0.3064539962904847,-0.806476069157055,-0.6298111844529043,0.1065183121404819,1.0406325724696217,-0.3094199314330494,0.4929
1.337185546558914,0.362105554495084,,-1.2339326685982197,-0.5948323033601985,1.1039746696038326,0.9199781836268104,0.4288809093212676,1.359647525422338,0.9565
-0.8741842511633009,0.7587382131385151,1.485660695518658,-0.0287123329651581,0.6844496029389266,-2.257246197915291,,-0.01520009373271,1.3791127050050678,-0.4867
0.0581853560591302,0.8666134770792204,0.5265020465513877,-1.1481341271641328,0.871473856920581,0.0812669185048268,1.2568145764843075,-0.3511208348859728,,-0.9420
-0.469467394915193,0.2188755096789698,-0.0788579514443776,-0.4983132282089317,0.3779569803354765,,0.7417232546009186,-0.0614122239651322,1.197211983031428,-0.9300
-0.1990077768161553,0.2430656011690537,-0.7074392601844064,0.0377352596342462,,-0.1576250853573374,0.0801542228931225,0.316194866343469,-1.223100832711561,N/A 
1.3643305371613166,-2.021695216396102,0.9827351643459656,,1.2374708455043415,-0.1985437305139299,-0.6769519248251922,-0.1416180782825986,0.974463368038917,1.4548
0.0959803669772621,0.0544256461555041,-1.481100948840688,,0.1600874825512284,-0.8956643790751676,-0.3173840677864061,-0.2281577689770686,-0.7561565384757092,-1.7568
-0.1323562003306425,1.4324057630795612,-0.7551443798799284,0.6423097169583916,-0.5069010268071026,,0.5944846450324339,0.0375628300247936,0.5531670684336517,-0.2500
0.4050151982067375,0.438709524452025,-0.8730247992008754,,-0.8523623366875674,-0.6917612653153886,0.0399929324134983,-0.1474480048564811,,1.5320
1.2922139038606768,1.2257241555276397,-0.1627867806016027,1.2747678622862555,1.295675469644795,1.966152517239913,-0.1217885271065186,-0.7306703735223943,0.7598570780239474,N/A 
0.4450844695724314,-0.0938073869592942,0.0480763355406296,0.9764804617452266,-0.4549378393140462,-1.2402328446128836,1.8431018698301451,-0.4449972184776827,-0.1861858955224346,-1.3617
-0.9490333480089354,,-0.3030290647802247,0.8358578819374952,0.4037853410046303,0.0346351220712714,0.5569233145657502,0.4384840586625848,0.5673567753502344,-0.3032
-0.6879634738192519,-2.115194853762474,0.0857574544517503,-1.2490387293608811,-1.5960195022749672,-0.8098673853470899,-0.2052344590661664,0.3428062726534536,-0.3088462462445089,1.2583
1.3255415492805165,0.4258871706221392,1.1938628891036662,1.7103963221469765,1.555891217130423,-0.0947979746823907,0.7850108008123603,0.5800437344876693,-0.7142228859246649,-0.4627
-0.6046419687218703,-1.1728279267203383,0.1537599669291388,-0.4284819062665376,-2.66080192599395,-0.0619929470076787,0.7935851155463611,-0.1007189757620235,-0.0979195215755191,0.0084
0.9929345851546318,-0.1327330069246742,0.666237994407471,-2.1345949342057597,-0.1250732856032021,0.5942469546472824,-1.1056278243283997,0.1314172622783231,0.6319852364131158,0.9913
-1.162395159205653,0.3352099998514257,0.3028282667579451,-1.2593756290133342,0.4887654970013865,-1.59223389391539,-2.4343675860354117,-0.337410953723863,-0.3100955950553103,0.2181
2.6252969636947205,-0.9709573601815364,-0.2497592654626662,0.0397012366598015,-0.2352702915540387,-1.3892272325106274,2.0372859249684394,-0.8706232177169716,0.6679668939511307,2.0544
-0.6808987931349748,0.7316706837229049,1.103178748175062,-0.995109605682063,1.3070316885339457,1.0935937884870983,-0.8258675142281553,-0.1840704671948821,0.0451682033606592,-0.4030
-0.1588489185217702,-0.9280893140992144,-0.3134987557989558,,-0.160965548340632,-0.6339655943413381,-1.1067298681274258,-1.529771394096671,0.0515564875776913,1.0186
2.5180953196563256,-1.282310603175468,-0.0171120250035938,0.6128758097099485,0.9764182084340516,-0.3463310069420734,-0.4235162087185244,-2.321735617194315,0.4640266827753289,0.5266
0.2915910351506613,-0.704505702606554,-1.1824706564583127,,-0.1821319660857267,-1.083853910937029,0.6909296086735044,-0.1310303301727004,0.2174158041202801,-1.5219
2.511895575637546,0.4522123506624109,0.9401817651358296,-1.7094259331520425,1.048242700258052,-1.0405094452102013,-0.9231521393556272,-0.5006882635409485,-0.783631573138558,1.0958
0.8080505723757089,1.3373382933251243,-0.3991352047400625,0.0068069149644105,-0.247657895843756,-0.8515298632739455,-0.155648181834396,0.8610881708954564,1.4445126766802,0.1825
-0.4750722787206726,1.3782452897147537,-1.501222234136276,1.3220426652117374,1.6746783586060756,-0.8612633511871733,-0.4316750261840982,-0.6124907837212082,1.5106761138806668,N/A 
-0.6541696301072473,0.6582610989458805,1.1194019650839258,0.3296523549510397,-0.4439711129595833,-0.0030075059454472,,0.873868274588535,0.6900353005945337,1.1561
1.1861825754879372,-2.917772251567518,-0.2466427751982862,-0.6465227946273531,-0.8105473395771583,-1.1905808167162366,,0.0724019365258342,-0.5580602911372887,0.7433
-1.643139485661534,-1.241939538347972,1.3051615272608732,-0.5098362975778297,0.2230238825221062,-1.3257649731302843,0.3248498682486621,-0.7626674848999752,0.4779968433761133,-0.4937
-0.7326086735595752,0.2102190439892586,-0.9250548567852712,-1.3154223316937523,-0.4328481365989416,0.3080477365810277,0.5913518036727878,-0.5821339095927274,-0.2360769379498844,-0.5481
-0.6900599209337568,0.6566670024125053,-0.7808379229448477,-1.4891442877937575,0.2657708596246619,0.5031622098384384,0.234811408742923,0.4023316115631088,-0.0258828222542893,-0.4367
1.1995343351054173,-0.5629860547649124,0.4109384170778876,-0.9814254802613152,1.1025523604166207,0.7248297909056189,-0.4322833504936355,0.4786892537021214,,-0.4827
1.3793381298631937,-0.0731278394435417,0.7495481445975255,-0.6466562799252142,0.806390993804134,0.7148377423321859,,-0.4715946135276302,-0.2753070151733294,0.3505
-1.239572074868288,0.7204394910279848,-0.002056697818985,0.065645282335481,-0.8247860429807241,-0.6844536173435493,1.7290070147472596,-1.811509058676236,-0.0047506551191923,-2.6744
-0.0805415947770252,1.1017621273664306,-0.760351804576201,-1.1470824323588014,-0.8230549036363235,0.1730210912435258,,0.2990698891832353,-0.1937250195393014,0.1701
-0.6836078261690225,1.08204326133003,1.9922457310513657,-0.94251851696513,-0.6161042797928129,2.749492849422427,,-1.9203579319136688,,N/A 
0.4474046018672039,-1.1802514753941065,0.6676199952687973,-0.6323173584606501,-1.5519017867091265,-1.6069252745009326,,-0.4489382419873561,,0.5504
0.7256839296866543,0.200438332198247,-0.5097269728200579,0.3861010459207236,-0.2902231136890885,0.4078729285622263,-1.8714941261176408,-0.332570648266253,-1.5167835840086676,-1.7661
0.6653637614281475,-0.6918647784808464,-0.3806646370134239,-2.3211077861651868,-0.9466295903987164,-0.7845403603972679,-0.811180949114774,,0.3881900799130939,0.5882
-1.911722621282798,-0.9701317704184856,0.4756900897779112,0.3994636588998212,-0.4538777991539499,-0.2152510311009387,-0.7978441899604024,-0.0609102657672228,-0.9167274697650348,-0.2168
-0.7228593536001977,0.5428577812405462,1.1523526539265003,,0.1408608132958121,1.597004954841903,0.660009131191314,-0.0479067754738714,-0.4726828791885716,-1.4498
0.1886599662794477,1.3734211117055717,1.2696982933391747,-1.331705136138557,-0.4890147769455427,0.7790888937519189,-1.3529735553971187,0.901580302394883,0.0394976021229582,0.6219
-0.1723737696976167,-0.5372259156139385,0.0157270816479326,0.3873527832321746,0.6003361240127266,-0.5026766458849753,-2.952986769043289,-1.0090803598843705,0.6879357434228283,0.8786
-1.1151688587930189,1.062519781972914,0.1066673826012862,-0.7815370425690819,-0.8002026574551329,-1.5255236966894632,-0.1830270518777967,0.2936621602037224,-1.3455934264185294,-0.5983
0.6956873412739389,0.5982631925885905,1.6782422072319414,0.0896888607395324,-1.719584838888323,-1.389906878015727,0.0782321540578269,0.2077230537128672,-1.716128862856007,0.0269
1.4789422067374112,-0.5780442950139993,0.7392577773130806,1.8380024961696464,,-1.633394347825802,0.0086026321389456,-0.0855561140614496,-0.772307469508696,1.2989
-1.1525273954491289,-0.3807250936330614,1.144708718647368,0.2993208431298952,0.3061784398102267,,0.7576692947188153,-0.784629125042197,-0.4676319445177049,1.2948
0.3414067415614053,0.7613648276991303,-0.7308863124413673,1.0096762936070722,1.431133209814684,0.5946069935181434,0.169764049481097,,-0.265708058302612,-0.1763
-0.1391279861060898,-0.662038503074022,-1.9811017259407688,-0.0697195163014944,-0.5167574568421767,-0.0253719205188507,-0.8912969000375857,1.289738790769906,0.556101269054612,1.6691
0.1814771778984888,1.6609565643003334,-1.3642719860288175,1.2293313450343253,-0.3673267819141499,1.220715864586624,0.4270590094380385,-1.2206306027107552,-1.1364562937883445,-2.0095
-1.932927556543191,-0.1640626004646463,-0.9041892624081824,,-0.5717702336928397,1.4950559266858972,-0.7823033741333547,1.6438151838386372,0.5381368263476607,-1.5922
,0.2159967970992342,-0.0590597755905863,0.8223295525257495,1.6436599226104518,0.0284065565533081,,-1.4264515729944252,1.709350099156573,-0.0629
-1.2743893437674023,,0.6211187211118461,-0.842429094629278,-0.4408221764636398,0.6108235095661914,0.5368565479034819,-0.4935463178160565,-1.0133986312302237,1.8201
-0.6672329375539634,-0.9228532512617914,,2.3552786094614926,0.6658578722199042,1.2208366150513097,-1.1688946919123913,-0.9569722150552232,0.9259310960817888,-2.4010
0.2802215379817196,1.464157370541506,-0.5484051999448551,-0.0211592773905467,1.7273795937103489,-2.066190589689883,-0.5132186573041259,0.1027153414172323,0.807410535964852,0.4993
1.3882711800468417,2.084078097024292,0.6113060443695629,0.8524155511910007,0.5634741601152524,-0.346325915724446,,-0.0995104567919454,-0.1224128347762048,0.2102
0.8663844968014979,0.5314265437356332,-2.4406341391642563,2.146175153450639,-0.1990704309262129,0.6078923908769296,,-0.7087496834688429,-0.3500339095978823,0.7595
0.2644468180018788,,-1.0800860752278911,-1.4241797306012027,-1.0140737421971295,,-1.0827638276120837,0.4092383641043077,-1.2832166615827012,-0.0131
0.5028978657602758,-0.6448716470314085,-0.4236204988383978,1.3116396784280118,-1.092294144247471,2.870810142024545,-1.2381598147448736,-2.149560548830227,1.4345619179893776,0.5207
0.5042811866051063,,-0.5159536466238033,-1.0007052425865783,0.3578065988564157,1.6018072192173658,0.1696514886908408,-1.4105740522258294,-0.2716487641900155,2.7645
-1.671867721516979,-0.3830765929836415,0.2424571956216536,1.680282212104504,0.3660467685604256,-0.1259863503193438,-1.80222771400964,-0.6652249547078299,-1.709957698973036,0.2549
0.3756753370437007,-0.6295796415016568,-0.4828337320396786,-0.0470603170042881,0.2257537544821885,0.2134705865908745,0.9289140598067924,2.035871661675584,0.3617654215812035,-1.5744
,-0.0288919962141012,-0.5227517382709638,-0.0877760115195914,0.2258634773302879,0.7041357152782027,0.1934165642512515,-1.0999877397175368,1.340230679075422,-1.4792
1.1499412544131402,-0.3936416912045924,-0.4002573503808156,-0.7712083186219371,0.0289164783365426,1.2565749657882737,,-0.0038636237710677,-0.7215003997251228,-1.3830
0.2867534546489607,-0.3051702575442817,-0.1431658356079031,0.431893943876292,-0.9023411193790204,0.8924151834346314,-0.2477894645030242,0.0283224426629651,0.0275180970011768,1.0451
0.3954072302232735,-1.5460994490334536,-1.270846745049475,,0.4137649749290373,1.9782047867129928,0.2310953892504732,-1.2649021167980614,-0.7893640298438429,1.2896
0.3099599615891197,0.0132590848181469,0.8400299421500134,-1.2993818176711287,-0.3273424792768917,1.0007345613820628,1.817271743738504,0.3142171107460453,-0.9609456130273158,-1.0320
0.4965979829439808,0.3331852378492254,1.646586416819037,0.1206247303590514,,,1.3905135553208348,1.0446517116548857,0.0710322222416546,0.4148
0.2321544142875691,-1.7327560623263962,2.3037208828034395,0.3000613533238984,0.9815284275073702,-1.0383831666884535,0.2267383477352166,-0.3384294899883278,-0.0774830269760863,-0.8975
-0.9200111678112036,1.8126724024640024,-0.8816799238081177,-0.1266374365827798,-0.1480717959979553,-1.6833058401681302,0.1508993237036276,0.7101233900425068,-0.9701695431410624,-1.9022
-0.7233692785650776,0.7162245483151427,-0.4344324233128709,,1.3231307108945063,-0.0152094676578829,0.157861751122774,0.302383430264267,,0.6806
-0.8834609870937455,-0.4628408855962688,0.3721225454055754,-0.782687746991332,1.1011362031443246,1.0797306777957072,0.2098391418717432,1.1580515716975637,-1.2036534915942558,-0.8912
-0.8819653189171734,-1.2063562995692958,-2.426945355030276,-0.6662720591844259,-0.5148493978870301,1.3066883602247468,1.612499910425619,-0.0090745095388632,1.8465460266774647,-1.0542
-2.384259830586855,-0.8171111591728663,0.5978239177976726,-0.5564365578372087,1.3008927701163824,-0.1270810763889557,-0.0498569881590899,-0.6470243429574831,-0.2091800621613382,-0.0552
0.5118776614492819,-0.8802877263208972,1.9690441943042387,-0.2322016279159752,0.0042167245192309,-1.4276696950068193,-1.8453263662389765,2.7931657617311427,-0.0776116959308236,0.4985
-0.6650930632357479,0.7861849010913408,0.3309189248803782,-0.4835678602891798,0.6738787336790363,-0.6963623759188594,-0.2892726829419998,0.9306601940551082,0.8098743323734034,0.0395
-2.5271723668570565,,-0.1684275429085598,-1.6675185665479846,-1.4425450072215398,-0.7681597634825609,-0.5481127288290396,1.6134256517851622,-1.4561692708924567,0.0508
0.1787765587505391,0.982632224637212,-0.9313433862344416,-0.8417039472852429,0.1799393147727976,-0.5546890036671888,0.3405148102846887,-0.6548686966616756,-1.1814585983986867,-0.4569
-0.3368378181036028,2.2951866703125954,0.2067601689846718,-0.168146824733136,0.3026096923942715,0.2372135365358689,,0.5980306358715626,-0.8946363797588677,0.4561
-1.3088268770379872,-0.2745618681747696,0.3868273371379925,-0.6975409839338452,-0.9300415421177618,-0.4440637543204712,2.033432821416929,0.1032789287571073,0.275795687565703,-0.7614
0.6349061090896589,1.4052029406971136,0.9122243309615476,,-0.0117443899132302,-0.0730777639650313,0.4558259214642394,-0.4181014692580534,-0.0458171394906428,-0.9173
-0.2771342599058912,-0.7659072456812889,0.974186605420066,-0.1318504842022335,0.2048458547753152,1.2172589612426854,-1.2924997998398988,0.2835333614671544,-0.3387709456399693,-0.1077
-0.5059120747252851,0.3508071432717797,-0.5378547395409142,0.1794809962399961,-1.2983391766378654,-0.5248009392934684,0.0961112592966773,0.0398433333087191,1.2174896351287388,-0.4186
-0.4390743455750993,-0.991118638955212,0.6460688459370978,,-0.8472016340614111,-0.5115082011817269,-2.513006345815552,,-1.0481372731828384,-1.1029
0.0149234847904289,,-0.7957211250052966,1.0379456034096484,1.1392628190668992,0.0943141894483969,0.8537874739687588,0.1067313027877233,-0.9330464628696132,0.5402
-1.2348491970918458,0.1836024507697185,0.3052008565510349,-1.883924408360973,-0.1994872109760284,0.850655722011658,-2.234880129765901,-0.4156794460782795,-0.0994965197624098,-0.4510
0.969245000399012,0.704082495639933,-0.9328582725774148,-0.7083225292618368,-0.6352635896643877,0.2185265621107821,0.4669608922357452,-0.1833612830531482,-1.583114251186693,-1.5780
,-1.2821414988479591,-2.0675878983118547,0.2274744041625787,-0.7851979053686747,0.1326522287554461,-1.0665534695797871,0.1810573886717709,-0.5449836287668801,0.4617
1.803282660505089,0.2843230989959329,1.4528723225044424,-0.7463888026060065,-0.5452460745841875,0.4522307613131177,0.5073665569019271,0.1321972825617494,0.6260304226012632,1.4038
-0.3834619485143171,,-0.667010097840413,-0.9777001848000472,0.423992567550197,-1.941115764269633,0.1750187899878526,-1.8693897988348385,0.1764439819444113,0.9502
-0.6239703968285242,0.5555341818803776,0.2713099012851897,0.0492933352568209,-0.6143226000207169,-0.8949914617359944,0.3649055093049551,3.2071362784707294,-1.3609756398608712,0.1730
-0.0313538531766939,0.7751846858022082,-1.5748732208790754,0.1811450706542964,0.1276969940306786,0.2815878259264964,1.0822635190686631,-0.2702769539889698,-0.0418201709715356,0.2190
-1.1932318735307998,-0.5101381716567639,0.6628808320264548,0.6479102419557502,0.9436183574913704,-1.6032872668540288,-0.6375763764738936,0.4563700765176144,0.2522501035013791,0.0239
-1.3741229273780986,-0.6352657160913511,0.8395976286049854,0.0818914455558469,0.9698652628944704,-0.1642530413642289,-1.4043191795840075,0.1452679848120482,-1.1910611396716246,1.6927
1.0314300256903737,0.3513287598629646,-0.8392175565004287,-1.5471904089256403,0.3629881777915267,0.112849171295191,-1.1552448752157116,-1.2588297884703907,2.145972383637213,1.5054
0.5254735013660923,-0.3728973172487139,-0.1074766827385535,0.9777158569691016,0.0277941587254595,0.4259849688322739,-0.8260113192172464,1.8224972131141397,1.1980215076046683,1.4654
-0.3620094160712034,1.177053155876622,1.2445184958923772,1.2596913748342642,-0.1645009206169698,-0.8486536248164043,-0.2033758509236343,-0.2655879137458815,0.1711975114899112,-0.3679
0.3615411263287261,0.1682121662168598,-1.1911183016253883,-0.4380023291105946,0.1870218410960703,0.1874861776269189,-0.9695532682399768,0.6505224725673814,0.1291812846131353,0.8399
-1.159992716174993,0.0982845902246539,-1.285566228876426,1.226924721399998,-1.022722408672457,-0.604805294964684,-1.8265506759657648,-1.0933400206700816,-0.6335829738139339,0.7693
0.0944904362175087,-0.3720599382748702,-0.3408144669408807,-0.5065518565786044,0.7100275926370668,-1.8793666470147743,-0.3288871354098923,-1.2061150911109455,-0.6247043973171544,0.4251
0.7673573089792117,2.479466407981791,0.5652300976865009,-0.0657737466523658,,1.7109835455861766,0.525506173241503,0.2712036153349369,0.3539650874825648,0.1240
-2.268710157288671,-1.3774443918340673,-0.1097701199864462,1.700634169437811,-0.6124360493524871,1.675005776844268,1.5248926251233232,-0.4629374547498989,0.2258452520541918,-0.2719
2.3541472019840066,0.6593442256205259,-0.2064472805884924,1.883969642593728,0.9850788529849428,-0.3336720370356856,-1.5333685697627728,-0.1125176209147272,2.2614298997821383,0.9357
0.5750627846155828,-1.9327496276901424,0.8214371017778948,,0.6666448091772259,-0.2729739324599526,0.4777743515620947,-1.243407147101047,0.278765224533132,1.3203
-0.6799258981790871,-0.2111425444049787,-0.8160708120342796,-0.0136939851486439,1.3841341820463722,-0.5858811815974925,0.090986020452364,0.070572073601428,-1.7847992629477378,1.7332
-0.0357563494213753,0.2097318783281236,0.8932291710144667,-0.8922203520735186,-1.0401767945494855,0.3993334383579557,-1.282675858967379,-0.377697864571652,0.4070178208240858,0.4342
-1.483076888165603,-0.4095775099974442,-0.9658563901168314,0.5819179059064716,0.3908522175440546,0.1695737076158387,0.202372890893227,0.2455083766134244,0.7158251593356354,-1.8555
0.2077959604367478,0.228983169590152,-0.8828105177467698,-1.648369971062715,-0.5166532244349487,1.1373501970717754,1.2568601754799176,0.739307148153596,0.1936613002919545,0.7220
0.0406418880480689,1.780002961441503,-0.529603952803051,-1.2755808215358144,0.5725171353773232,0.9435939232329026,-0.1373939870387096,0.255033524694353,-0.5238929050391969,1.0063
-0.0300507752824607,-0.8389284499732187,-1.584412382899287,0.336756313338475,0.007863323270506,-0.5328575962011113,-1.4598751544406514,-0.3021802296544452,0.700124515794994,-1.0988
-1.2454754311149134,0.5271197189767994,0.3798375210026946,-0.9408724688854124,-0.0182848301938101,-2.3705783457072416,0.7124796128521617,-0.1710547964482879,-0.7496216070829268,-0.1752
0.2627545804581666,1.741563632681013,-0.3412363598710294,-1.92648649491788,-1.0717440616818377,0.4821658975120542,0.6712043733059497,-0.8923226776145704,0.2329675654576234,-0.9722
-0.9059591242359196,0.699181179260335,2.1433596127110826,1.356736930890067,1.5678392883119476,-1.463146238753465,0.0932278032962076,0.7897563228025729,-1.322123107857448,0.5877
1.3977500713849265,1.6665304990423346,-0.0872984140867993,-0.3066222440808754,-0.7059324228835605,-0.6680053222657407,1.904173173968511,-0.4792013034963696,-0.9543106953461604,-0.1067
-0.7441815233755726,-0.1075579281417377,-0.5787202845148544,0.0837052661925869,0.8589564364603697,0.6477553775072965,-1.0690780952842074,1.5356760919352663,-1.0314368051000633,-0.0042
-0.1307964934465342,-0.481169787882528,-0.9697913649441277,-1.831331661005416,0.1402000276758241,-0.2682474829037787,-1.4554685655832336,1.2848034366608798,1.0132508325383032,0.2626
-0.988653830869248,-2.1142429598695704,,1.9216562118243787,-2.001196018955455,0.3850801216492849,-0.6438451291136441,0.4746901663467317,2.155549124780753,-0.4883
0.790588380089943,0.2754131533349552,1.271905857736111,-1.2109853992486257,2.0273371153054542,0.6764163986724331,0.1528868700497994,1.199001368479027,-0.6180537844148266,-1.3454
-0.4562648062240574,-0.3471147967813712,-0.9726584775734868,-0.9243925022500538,0.92963314015538,1.62880752244613,-0.7367302598990435,-0.8479171634113395,-0.5638187667793749,-1.0702
-0.1497746096255223,,-0.002599925929704,1.674659425880668,0.2145965845506448,0.6861289302401504,0.4356243961998246,-0.7402076949885821,1.6499158859638707,-0.7014
-0.2659141028419242,-1.5676171319214276,0.2599734381238787,-0.1666847886559455,,-0.256827206338071,-0.5611986632230574,0.4396737398487898,-0.2855550100131209,0.9930
1.0951277725454496,0.8589772243264664,1.6660790977106237,-0.1684091320403053,-0.0617260477235591,0.8318671684833473,-1.198497988788595,-0.5174157065496945,1.6511222955256186,-1.2802
0.9807327604625709,0.1549778868604494,-0.0476632884536297,-0.2134491358312608,0.3137881035191814,,-1.053174687553835,0.2656014482260231,0.5040871697214596,-0.0663
-0.2758390760581137,-0.5680958719042138,0.1626053255039007,-0.3224587014564155,,-0.0711008261583949,,-0.4570356734171676,0.5994525402461485,0.2804
-0.2403387713451437,-0.0432913224386155,0.0268707195390225,-1.3579117079438852,1.6608638492212011,0.8467166897048536,-0.5306919472876419,0.585432347672589,-1.9522657741030736,-0.6464
-0.5236694186122716,0.184238504140301,0.8932844651823205,-2.572737169095976,0.9496556227766172,0.9084473724896148,-0.1618407902741749,-0.6808927871069429,1.0628316664045212,N/A 
-0.7875205284487689,-1.235109579684009,0.2382466921286366,1.3694887731071073,-0.7203114045971523,-0.1189830026706476,1.4813915929048074,-1.1826247064346955,0.6491638251032859,N/A 
0.4910883806056648,,1.992818014360641,-1.086845081742425,-0.3969244067062295,0.0760745174716519,-0.0269563686870808,-0.1764097068679749,-0.5580051105262901,-1.0748
-0.9037122930017116,-0.8527415936914988,-1.497142275268923,2.3098823095621137,-0.4659960798772753,1.6722466867179009,-1.5989047995852403,-0.7822024915338571,0.0154888185285339,1.1027
-0.5508648944518697,-0.1306056441253927,0.0995331464901917,-0.198687916124203,0.2036867347027054,-0.9444769682297932,-0.5010083142003724,-0.1416465579939634,0.0021460907674105,-1.6209
-0.7573223730003622,-0.035363296397914,0.6871486146465946,0.2254999742707562,-0.3791228775252605,-1.382661198491431,-0.4928295795100217,,-0.1662788156321546,-0.3010
0.4132529323636609,-1.230192919738632,-0.5904245420314039,1.6922271182376634,1.0890465859272658,,0.7001495346467294,0.7892697478793513,,-1.2824
,-0.3849548823238169,0.6004022958748213,1.959161525157471,-0.1657456605828613,-1.125061931962625,,0.9920619083748424,,-0.3536
-0.1732926209223285,0.5175658942957743,0.4133154400685849,-0.3286120901152543,-0.1993596790394194,0.6627173323065824,-1.2067967008023548,-0.0995904103001093,0.103749076038599,1.1198
-0.441879421632308,-0.2420703492823887,-0.1894257545018705,0.4255566136621113,0.574400448498343,0.7792528797641805,,-0.3680595521727021,-0.4939029422463298,-0.2312
0.911231244396422,0.0051998841384384,-0.490039761642436,0.539064750781752,0.1894503809099495,-1.001834868241822,0.4322412886832023,0.6041216181044547,,-0.6512
0.4971260134154595,0.2460264000469101,0.5697660403232949,,-0.8095294504950593,0.0160791742575103,0.91608581741342,0.4302026259751961,0.3314783284467515,-1.2716
1.0479785787212783,0.1822419809244211,,,0.1272610560734478,-1.005451986331269,-1.5364882609681914,0.6002820201740244,0.45141476740591,-1.0744
0.5160386442406366,0.4952676930742945,0.1749658131122787,0.7045448351942688,1.8012318479874203,-1.6416996079402906,0.8116243009769254,0.5462130343342247,0.6887977323159048,0.2675
0.6360829660805111,-0.7339927521593884,1.6472550863067827,0.1262190327394415,0.0905371768199398,-0.4945460803829944,1.243222610922234,-0.2520586631419496,0.7688242531511875,-1.5481
-0.568738162444075,0.911192440777472,-0.1837892381667613,1.3045181393875471,-0.1807555069666084,-0.3803292693285021,-2.399521697710616,-0.8959988750321026,0.93357750599685,-1.4502
-0.4089810579471154,1.801759922182884,0.2607243123773881,0.35877951276572,0.821682650581738,0.3040698000284481,1.2006592015968782,0.1639581645917737,-1.1828359923246183,N/A 
-1.0718479480465286,-0.5165301865363068,0.6138930723777144,0.2364442690271976,0.5828948193347547,0.3592554875149049,-1.609500369823789,0.7383933628187582,-0.0464448646613851,0.2370
-0.636916716038164,-0.6393206739397735,-0.5695356803620155,-0.0508161424785431,-0.5475714811979608,2.037834142528228,0.1008801489396961,0.1201707410425665,0.1252131029764653,-0.6228
-1.0410317973049992,0.6312157484631628,-0.728759608021006,-0.4122586791808844,-0.0745713515473553,-1.4500816550521838,0.3452048276508991,0.2571773205694229,-0.8312032336847113,0.5187
-0.1103353652474297,-1.0295108218413334,,-0.7066948049230592,-0.4068398997282792,1.5150871105746286,0.5690283046638015,0.1284335975200154,1.5329117708758635,0.0082
-1.5147689755559544,,-0.5986493786644302,-0.1510611736081434,-0.2115732255470413,-0.9079328778095624,-1.5350917402595816,0.5948022749828884,-0.8618767820108214,-1.2756
1.430522717257606,-1.297724492162066,-0.5358792768160578,-0.2758540809321295,0.0305579180619898,0.3867491805653989,-0.4156628331248811,-0.290449903249018,0.0209214776696613,-1.6591
-0.0431476867247608,1.6511394437966962,-0.3844423089543812,-0.1150559195049729,0.0660021686492522,,1.5570806172699847,-0.5144752762927686,0.9850276966158829,0.4139
-0.8233039428224004,,1.0993450565489933,0.5552270511168398,-1.6190095860503564,1.4680042604061003,-0.8949612232385178,0.9041401841931732,0.0270459760529607,-0.6973
2.1484394152189923,1.2608261733502657,0.5977704165942602,1.013207744870113,1.3217926999760978,0.319156506585402,-2.1882041243106163,-1.0333834931705612,0.36040498043471,-0.6961
0.0168458468764814,1.0370525169687217,-1.9619154331142807,-0.5725273405735569,0.5080928752631124,0.5402595604095185,,-0.3152800511425241,-0.5754785569663119,0.5387
-1.6585798810197234,-0.2065182363888307,-0.3799551418764754,-2.4299241151664197,-0.1590895645737534,0.6741395177077606,-0.7837158254067074,0.2883211413416526,-2.027068951757744,-0.4453
-2.324307845563052,2.31821303096593,0.763901825700034,,1.1234459581528995,0.0304893952675949,-0.59830876994077,1.2424242625906985,-0.5043042902343294,-0.0867
-0.317061862575767,-1.241003115013579,1.5641101796504069,,-1.306131002561551,-2.643742105925408,0.5287616916409142,0.5632057583703883,1.6799211394818585,-0.2033
-1.51623540332457,0.4272751197391615,0.9071047860054928,-1.5469043126530693,-1.2748523348339893,0.929911760591708,1.804118713202857,0.5677586930925433,-0.9826009594633794,-0.4166
-0.4978555824223259,-0.8651490261535034,0.5520662443185419,1.2194882463417254,-0.3388985196398507,,0.1967119418221973,-1.7943040670708033,-1.012016251379689,0.4789
1.208397487535114,,-1.0934667730811922,-0.0096448889197016,-0.9566101146852732,0.5341967652097139,0.0958533339100418,1.3376434390354182,-0.6036414768293723,-0.1111
-0.6046500751549502,1.1368064666940882,,-0.1867466002315294,,-1.07279044254523,0.93581307178494,-1.4948429659778502,-0.4478369024926016,-0.0140
1.5940120735858965,-0.0387315618773362,-0.3729191358339712,-0.2402908782540253,,1.7932691098213511,1.991680743819076,-0.1083900354578985,-1.3815666603181265,-0.8413
-0.6737577988915517,-0.3229438806219281,,-0.6564312262299127,-0.7213788493761613,-1.020539697756693,1.554470110236649,0.7561640581390353,0.8088973333392486,1.4054
0.5081326772836822,-1.0147388118580798,-1.4053547246263778,-2.102001107899373,-0.6491637640339708,-0.7174788171559199,1.046119510632686,0.90099752668215,0.3883015340557575,-1.0429
-1.2087679913013871,0.2781342521849581,1.2138229516486705,0.8202998651991056,0.5329424982506096,-2.553626892087008,,0.9959195134247256,-0.7094203222569317,-0.5872
-2.9545534541863754,,-0.6314780807392089,,0.548318749928277,0.0224959761724902,0.4593686691909199,-1.0442859047379958,-0.4769700489590294,-0.0532
0.7761394698267675,,-0.7385658693373376,0.6523531153623604,0.1552540634441299,1.1149330654597345,-0.410075838268866,0.1614441204664066,,0.5729
1.9088907255390104,-1.2433282839694784,-0.6030928174247695,,0.533807728253414,-1.7779472219731258,-1.4890066485952365,0.6410827453080046,-0.2505476257224786,-0.5416
0.266070164000551,0.6132041848596391,-1.7433722958989073,1.3979963770935753,-1.977728280657907,-0.2712479879657808,1.6726222133078277,2.384967330711097,1.1236912534094234,0.0991
-0.3221463925306702,0.0510453815529037,-0.5051042586134127,-0.301871898014203,-0.4061526706835863,0.8724860198208649,,-0.0181361435690444,2.1255592330236066,0.5984
-0.78968249565194,1.8173979919110927,1.7626214984443684,-0.4196580147697201,-1.3093583366019663,1.3816241902986022,-1.120281837141098,-1.221785091931984,-1.1086655891447317,-0.6253
-0.6967528666453412,0.0058161142528916,0.2389582042255907,,0.540187736490455,-0.94127646753388,,-0.3296667780334562,0.036066402436258,-0.2689
1.1208600027323157,0.6823616529845693,0.5750297834337292,0.2845678199902969,0.2227482420843123,1.1559084191568072,-1.1322411568821156,-0.4546281779356666,0.3102902640857766,0.3838
-1.2036459644921431,0.1106993588830989,0.6708964641976152,-0.7395770942828596,-0.0708797050351044,0.5129781760610665,0.5465591876654821,0.6356551964050255,0.2328485452082122,-1.2414
-1.1594864878758522,,0.4173352588293105,-1.609574379850651,0.1829695703839113,0.5780451083196347,0.2004540880019544,0.376110933578383,,0.5616
1.0595655827198134,-0.7127530704795669,,-1.2843989169228258,0.1010212746148449,-0.3326819905739006,0.6663649177621258,-2.080055983204212,-0.4438367343307385,-1.2783
1.33574622481473,0.3152875230800244,1.2981739846259357,-1.082268660408516,-1.0270723616209538,-1.637922799382579,,-0.9700409164199713,-0.47630195039272,-2.1191
-1.469988786709773,-1.798644103196987,-0.2432806025334967,0.2176375635582197,-0.9606313611759792,-0.1274759922977862,0.5191532566536814,-0.4788920267478526,0.2053846574894753,0.8047
1.3242105433097529,1.2757196629021592,-1.068228226629753,0.7368002958113185,0.0669541476909476,0.3787762854949957,0.0928376901001224,-1.8573638535619028,-1.2474763765299408,0.4109
-0.1259196952661442,-0.2786114654172065,0.3659565058469725,,0.0545106890670117,-0.1539263235712379,-0.6547358742708397,-0.2925869387995957,0.9871053211602518,-2.4279
0.2729785610158789,,0.1612602125696257,0.7444634219063723,-0.5365542666047043,-1.0089567682123135,-0.0802805803628973,0.8065076032583439,-0.8823645368121864,0.1348
-1.3674876522133466,-1.1319045142751234,0.9233022805949032,0.8620438253957269,-0.000412789650867,0.802584536511977,1.1772404649349653,-0.6532759250134573,0.7115831928494013,-0.4041
0.9884215752169272,0.0256300943324874,0.1268037888843409,-0.2133770342790505,,-0.6963624246920712,-0.6656803188165809,-0.2640579773726362,0.6787299007795486,1.7184
1.151247828863928,-0.24155348565116,0.8251680439132876,0.4113404900245065,-0.1900564830466471,-0.3289698444982225,0.2001174721874247,1.244516001369811,-0.8302458607716731,0.8004
-0.6408212381959312,-0.7437829545557793,0.7155746205350987,1.0725141428861693,-0.7566004614705842,0.0676158674287056,-1.0958506397224983,1.4390530105322517,,-0.6249
2.152199516104317,,-0.0300635557269368,,0.3967055862229711,-1.1412065875852986,-0.0283377087526241,2.43933783638453,-0.5852698824479491,-0.1233
-0.5143955967133055,-0.3781590857968467,0.3989756991389578,0.7098172694775529,-0.8842662912310304,-1.4205065389220224,0.702306802441287,-0.2495660312567892,0.62910254844235,1.9379
0.9167354475810916,-0.1782344595992034,1.6001902059380029,1.5526752177061478,0.924710410968261,-0.5846124495475449,-0.5632098880993289,2.012636825335532,-0.5719587685314149,-0.6540
-0.3387799379242663,,-1.121314561615716,-0.2896986391958044,-1.3990868000754275,-2.3951407077111377,-0.7506463160719415,0.16594855709692,1.3247708493888806,N/A 
0.3096067475656542,-0.48683871507241,-1.732328772806913,0.6751119905800197,-0.4073044674308884,-0.4016901353559198,-2.054922172323586,-0.4006571146289212,,1.0006
-0.9368590323780216,1.1951819820585237,-0.3621631073710028,-0.2911670802826598,-0.7790865739160633,0.7883311140381387,0.9079937724590728,0.8830594115719644,0.6401370965990295,-0.4128
0.6453441746417171,-1.556053256297663,2.2347974461048232,-1.3298496975659628,-1.288899855155426,-0.9921202607825194,0.7159860931033928,0.3657153780593671,,1.7604
-1.0426488688973674,,0.9224447591499736,2.461355887764827,-1.0629785665657483,-0.5979685674990869,0.9042470252206584,0.1586285421724313,0.3628734006551554,-1.0458
-1.7874794358491584,-0.4316192414820097,-0.4435026005578381,0.5086238474973486,0.0584813050891575,0.8753402577950198,1.4540746188551856,-1.0430964077479186,-0.3272043057511518,2.1751
0.8044721414935898,-1.354753266207185,,0.2493042769101339,1.3072067682879225,,0.2665147183172322,0.39533218673351,0.6544609140460212,0.9482
-0.770805344845187,-1.694169410360627,0.3435390337638922,1.2367961215120349,2.2581039948729904,0.2842054742370805,-0.6204658271760076,1.596001448483544,0.514979503320151,0.4729
-1.0349818316942596,0.839423156909703,-0.3717608926256271,-0.9781830650808572,-0.4839325938805818,2.2552761703423223,1.2841077980046096,-0.3222557295419274,,0.5224
0.792441085082712,0.1189127047525013,-1.099381228863975,1.2988345850899876,3.2138138674595926,-0.7026059763156471,-0.6756286806741795,-0.8905228491617276,-1.7654053392506217,0.1740
-0.0161700796962253,-0.2303538394279494,-0.1272148366290418,0.4060900656272737,0.1112395066190257,,,-0.8935149954632333,-0.3578865263546604,0.2208
1.3680517256560796,-0.210783596958585,0.5634782188285444,-1.909730561694228,-0.77485356360081,-1.2067394421881794,0.9836390951152896,0.5993012552723896,-0.7961969018194704,0.4634
-1.438724433806384,0.6052041690448322,-0.3373866853482495,0.0815274669087002,-0.9154136051867542,-0.1469763782382972,-1.8355525173934872,1.6736208157512271,-0.898835757188576,-1.8108
-0.9817606295100482,-0.5691348763614366,0.1548307176545119,-0.8351475514373388,-0.30719814176012,-1.3337946956920268,0.5213301133322796,2.1131715304847587,-0.4635801604966836,-2.3352
0.315199969893072,1.203392771714666,-0.8925707274553603,0.1502623516546151,-0.8475638776819511,-1.7559691478657249,1.3208169713292162,1.773992488663996,1.4450326151505493,N/A 
0.4730098936746792,0.9143726265966202,-0.5668590245145867,-0.4690377618074077,-0.463944420878586,-1.172359203310459,-0.2128408583315533,-0.0942129268635988,0.2284445527904699,0.9835
1.2262635118222949,-1.3673171135834017,0.0702959312359383,0.3044487140891759,-0.5331819071949195,1.495531599442141,-0.8824290956087466,-1.806053587249348,-0.1020301246540141,0.1282
-0.5103857535934256,-0.5801274806368819,-0.6974607245711065,,0.0344989305211048,-0.3525947043174263,-0.977101485432222,-0.2026299381806721,0.1768737148827569,-0.3564
-2.101670978705933,-0.1835910462691683,-0.7861595657251157,-0.1094431283985942,0.3740096392170886,1.0138949150258516,0.0078022323720099,0.5105702598018166,-0.4466947883531807,0.6179
-1.305765989468932,-0.5827452141796794,-1.395342421724927,-0.6779227211402259,-0.8832020325342129,-0.0494575851819068,,-0.7284838043623237,0.2348877784950166,0.1434
1.5672248751488114,0.572804502195033,-0.4405567337556106,0.3318880202959881,,-0.5021052957840002,0.210967147542229,0.044272589741941,0.1548904623730324,0.7456
,-0.624828321234824,1.2154975016202456,1.4976330384936336,0.3815811137569361,1.5156276936632491,1.054188762644537,0.3173064228051082,-1.487519977147777,-0.6932
,1.1629441997123056,-0.1535341346016191,0.647377812871104,-0.5766794492131823,1.2507392191958768,-1.0737881562460552,-0.5898886037846622,,-0.4607
0.3640435593419402,-0.1184739275336225,0.2948470328010834,0.026150877292301,2.576824635337913,0.9254430387191231,-0.6045462852182735,-1.3519081313223955,0.5028436956024296,-0.3756
1.812071793795956,1.4872348678976326,,3.1776970705894696,-1.261407940528442,-0.8753781305282654,-0.6054613741195727,-0.4513549174228888,-0.2432000424717369,0.4514
0.2570523407092907,1.5411851074973966,-0.199830840198255,0.6621303286651735,-0.7591870744213162,0.36945346955738,-0.3075076395458282,1.887963280536617,0.0811582294754856,0.1955
0.1023256253333589,-0.9308663387066138,1.0013003967326892,1.3292419983189754,-0.773572186759621,-0.7549974300937099,0.492649854258799,-0.8951885612367446,0.1721592204974266,1.1002
-0.0692240929038408,0.9962819261015832,-0.2368460109391721,-0.1109565776748125,,2.053065367625859,1.772165666570379,0.6835942934145984,2.0083535681994014,-0.6140
-0.0851404896884954,0.3413902973368349,-1.0140845368984723,-0.6740233320397068,0.8786028425615875,-0.8130998545798224,0.0341296080266693,3.847528294340516,1.043145838322754,0.7900
-1.7134690155197418,-0.9652143348612358,0.9317223134362346,-2.103627011082018,-0.5076804258660709,-0.7705888866389293,-0.2740995831652991,1.0624881816906877,0.0465219261028728,-1.3734
1.1761895588886888,0.0719147398735889,-1.871736690144873,-1.3402602975187483,0.5748015584007538,-1.493303948871708,1.8990313199733773,-0.9507994481998984,0.1170678542249762,-0.5955
-0.4871582578167591,-1.8967773072776035,-0.9413258474437582,-0.9543977231816716,-0.3311907032508915,1.6762232962435475,-0.997697527994452,3.189272355318834,,0.4223
-0.5845854100284369,0.70217921652849,0.8072779686867398,0.3795420492069034,-0.5918780562479239,-0.3982675485281493,,-0.2696623497416699,0.3251446349552275,-0.4685
-0.2981253435223098,-1.239302964517394,0.0269661232598124,-0.3743007337917481,1.568869541666832,-0.1659153672781296,,1.0906169975515014,-0.1301396511573065,-0.1503
0.751438026692055,0.6454031214370686,1.5501279644017318,0.1754509028338256,-0.0426659851875095,-2.877337457199312,0.6319135089343938,0.9179927050723308,2.3122908974197145,-0.5533
-1.261425488398948,-1.0552868497944776,-1.3696766570810943,0.3794329990030352,1.4989297368150822,2.2571778780873557,-1.5113548143827376,1.0325866848349143,0.5138573456899127,0.1100
0.2393529313105102,-0.5541640205684963,1.1582025233159274,0.200500696406198,0.1958933219268576,-0.3655395678112991,,-1.2071373029811296,-0.2975301975307551,0.8183
1.814439684585034,-0.4336714403376419,-0.9421433204680582,-0.3437876337713311,0.9892476627586648,-0.9954184786959798,2.855677269912668,0.5733500974801256,0.646196073284696,0.8509
0.7155052629881848,0.2886043325026038,0.8551484364002432,-2.0863578314216293,0.9128979072751492,-0.6474516490394501,0.766257498327422,0.5307210949968334,1.0334689408009112,1.3334
0.4933304987556799,-2.0021350445395245,0.0854519820808391,,,-2.1089561441266658,-0.9659112790625828,0.7198460718063548,0.6606242488824743,-0.3649
-0.0405969106401389,0.5263604193153951,0.6613452791888272,-0.2175975084022788,0.6810112888341707,0.5980296714204408,-1.054736722700211,1.2673249919254577,1.42087174924474,-0.6939
0.2288010510569392,0.1157472117158022,0.4268660684256783,-1.157253732662011,0.9771751908097832,-0.1892832697842358,0.2839868883106232,-0.755041871524348,,1.0192
-0.4690593009858635,-0.1393294525007306,0.0016838218704729,-0.9799613641444226,-1.1287268775169623,-0.4118031145775237,0.9091232252566156,-1.2319551438441243,0.8208865715869377,-0.8834
0.8486449664138898,0.3270029381617859,0.819132179625309,-0.5421220050496156,-0.1016011090752162,-0.988778082150462,0.2836222141608169,-1.4529640911196005,-0.318193113509184,-1.7456
-0.7889408467078755,0.4068297596523418,,0.0110528385130272,-0.4352951186881996,0.3806687562795292,-0.2083975615181436,1.089979134358544,-0.6604675545328098,-0.1098
-0.999813282976362,-0.4954037171322328,,-0.9712599787136086,0.6484247011662343,,-0.4445929963048713,0.3734697645368287,0.036966563345682,-0.9645
0.6536623143299183,0.4125327156615774,-1.3868225346111414,-0.9697056728048,0.8843676034925433,-0.9837281240335172,0.4772343031111985,-2.1766086346530016,0.6189489243944267,0.0261
-0.5054133467188865,-0.6702913498094297,-0.1605095042423652,1.261684358837743,0.7757185307976605,-0.0672655016463737,-0.3328730962085675,2.0898518727537425,0.9577662647053288,1.0899
-0.702940634639453,1.2238903267855858,0.2796259290883013,1.2070357249600223,-0.8716077099497215,-1.5659308679566646,1.5677951568370967,0.0736550916937112,1.0449148541076907,-0.0926
1.4892791396250946,1.3291488419828614,,-0.1268867246048921,-0.2194468164692792,0.0866594003477361,-0.8504155227306924,-0.9108654459796716,0.0057267490571395,1.3090
0.5116910476555638,0.5603446696317427,0.7751804948137164,0.1928410941462378,,0.7427716765160428,-0.8417475517426845,2.4843243480982427,0.3053748995853472,-0.8830
-0.798663551017339,1.767764264028739,1.4216160041140338,0.448015678382367,0.6577040248431681,0.7552777476259191,-0.2101982583982343,0.822625991001038,-0.965646794701182,-1.3772
-1.0418593549660866,0.5457662319311345,1.0422973248286815,-1.607682206551526,0.2718872665146313,-0.475045025103113,0.5482496119140802,0.0872524969343893,-0.384455838321821,-0.8314
-0.2301273673013694,-0.1771067544354118,-0.6982339217065748,-0.1398871565923631,0.7457399293593491,-0.8968457343390255,-1.5959508198933756,-0.4815720051769327,,0.3950
0.9343836961720514,-0.7812779898247548,-1.245707102873567,1.202500009427172,0.2486344758583524,-0.5740320426725187,-0.2170779027397672,1.8348071815742737,0.1912172934324754,1.6505
1.5019357442157453,0.2596969719822102,-0.6027288348838182,,0.7558528671651884,0.5126030838294532,-0.1921510464891736,0.3839137445969312,1.7153755072675088,N/A 
1.5661699775576132,0.3702224832259634,-0.4495701396128788,-0.1052731141164357,0.8053568600728415,1.0437836442913506,-0.0789276350571222,-0.0286886460718692,-0.0296402752647677,N/A 
0.3710399383887627,1.317082499927682,1.4221122775286097,1.1321855204429656,-0.3906320790953766,0.8151157847486927,,1.001608637453813,-0.6195557402890987,-0.2251
0.0693668587076236,0.4905103648477573,-0.0828882761263358,-1.1052092963879927,1.3431248683695391,-0.3034126689168419,-0.9036636917246338,-0.5699495184842863,-0.5056376043937135,-0.5953
0.8354041133957294,0.8113111041118829,0.2258861955145186,-1.049134042325339,0.4120872297710235,-0.0714368640385056,-1.867726229740284,-1.0902526974514823,-0.3553653147497051,N/A 
,0.9080221616996924,-0.2614353625600153,0.7847789517335576,-0.9703546360895284,0.5849960317638588,2.5671481416129294,0.0456315184777114,-0.9775614814538758,-0.3785
-1.5076639952707662,0.0486542864280874,-0.0951963168624079,-0.1325158180953105,-0.6843635492783223,0.3006992044786762,-0.0123935544883657,0.5358645100165208,-0.1563755098584677,2.3244
1.34928534598431,0.8579441274314723,-0.1828377105719737,0.0879051137482053,-0.3771138159605449,-1.0372180437381038,-2.0895349326383026,0.462100606969997,0.0639042868832619,-0.7404
0.4867183809697485,0.5752894187901073,-0.7088348956892624,-1.1803050729169746,-0.5078931667967642,1.438071306447768,-0.1154930246428739,0.9833633581932016,1.0724300056820502,-0.9093
-0.0077930335553206,0.5014033963175939,-1.0506806746756974,1.3541253874402508,-1.8661593904861224,0.5882704476020459,0.1304107924388375,0.0590606808599623,-0.9805185066956804,-1.1412
-0.0345918711864439,2.4413185240388118,0.0576762125869014,-2.0757971322328004,-0.3441129959921738,-0.3883074475290741,-0.2745090147478952,0.7117440232298654,-0.634554442186124,0.2156
-1.2521649954284515,0.3197294051603757,0.9453439323027056,-0.526819928717647,-1.109681784440661,-0.2599023569112558,-1.156638520516465,0.3510435395012972,-0.7276097349283562,0.7594
-0.2841875314850542,1.0336738927629932,-0.7516252254540396,-0.6391588873891646,0.2176307391209109,-0.9577205727932496,-1.9216290954405053,0.699034355849364,0.2392508191916138,0.1030
-0.855913562200674,0.173462814991091,-0.6646644137279314,0.4709881907156858,0.51963354335348,-0.6715567201590845,1.697540290436978,0.2260285128414799,0.1619710227467246,-1.8187
1.3110334206810017,1.2790525630900778,0.4718216312749343,-0.048675551832975,-0.0404149905380577,,0.1249552024235539,0.1414544193257702,-0.8577624462154261,0.2458
0.3551475399044517,-1.4862427569426966,-0.9957028513513062,-0.477745117258225,0.9362229095563492,-1.0018018458484252,-0.0523439445470738,-0.4118373594545647,2.001081425702586,0.8067
-0.2946980839896981,-0.285838629466299,-1.2419696500113155,,-2.3839794799609786,0.3081632231328318,-0.7816882679570719,0.3743877480297692,-1.4917070427467918,1.1428
-1.2739925749956162,0.5060576521927372,0.8541208106172526,-0.6653615826298146,-0.6815654853579773,1.6634556362613044,0.9650789841410404,0.2020234122354942,0.0184685594629663,-0.5401
0.4182303577032824,0.2089404830868097,0.0602509426687376,-0.4186102139584008,-0.7480365918316981,0.0409839270151905,-1.3955199143616803,-1.1797469660103403,-2.0357774516959197,-2.1148
0.0192425643457309,1.2094067766371093,0.0012794029838454,,0.711003405092175,0.4269440499106126,0.7457446926237249,0.2660731147230416,-0.2508037340905432,1.1847
0.6132757931556894,0.6495195091671647,-1.1233813325003643,0.4111892494814765,-0.5518205877291722,2.1121174851719817,-0.123143362523889,0.9857137736875848,-0.0034850802935725,0.0975
0.3380511854917549,1.4571770140515332,0.2246538660931091,0.1797389533349986,0.1238817804127955,0.3045760761496778,,-0.1269847811785109,-0.1311092886024983,-0.2331
0.6244560435916595,1.0134755248940783,1.844390730054267,0.5299098380141758,0.477489623535323,-0.4511484410781764,-1.5419857875898166,-0.0551595178169752,-0.557068902724889,-0.1793
-0.1025353235050035,-0.8876998307215046,1.600354529637576,-2.0823922183577337,-0.8009297336414093,1.67671396579894,0.0025637970815357,0.3986713317091732,-0.4629264770028879,0.9607
-0.6236190082778158,-0.0839152441812059,0.8370817753728033,0.2695724234188761,-0.6143048463375361,0.3753055510561212,-0.0339269996770814,-0.363186201427169,0.7594713311328743,-0.1664
-1.129594318157973,0.387638146324394,-1.6936418300529965,-2.7284379270312606,-1.0207527384997606,0.9742151095931344,0.3131099444192794,0.1725849243878515,0.3841331013326091,0.0908
-1.7602165018815572,,-0.8383547878772682,-1.6779361294971724,0.5706459785173427,-0.3276430697813847,0.6261077401507439,-1.3519796185195103,0.5840768308291412,1.8663
-2.1029567302676075,1.0433831992592884,-2.9747219836753933,0.0156445897010326,,-0.2272610844292423,1.2648259921867795,-0.0646398675436452,-0.4847795010935478,-0.7224
-1.0330735403560924,0.0366754574014288,1.0979819016474237,-1.234240629376487,-0.0448600778751162,1.5402821454652438,-0.1032813399472094,-1.26250513796722,0.5323675358245605,1.9758
1.5655806582226692,1.4344402439115254,0.69091509403823,-2.069001138672055,-1.3128746599945489,-0.508199433491507,,0.3396549943450463,0.1287670306852501,1.3999
1.4099131542689434,-0.1191527598669583,0.0951907939069705,1.2196326525604748,-0.5246287130203062,0.3602048989191598,-1.4349284990773463,-0.2894946806078735,0.7317182685081689,-1.8471
-0.4270032890769124,-0.2236674686126622,-2.9097156152645134,-0.7850674708022986,-1.226167824256166,1.7101967765658213,-0.037298867473351,0.8956979854545996,-1.4939849062548425,-0.6818
-0.3448977318394005,0.7789688306828418,-0.7768718441292524,-0.0911245184599745,0.4316351163434025,1.5262669727569969,-0.4177782803673985,0.3691783098473313,-0.1321990219596996,1.2945
-0.9343609208807468,0.5529474138233917,0.7420997804056059,-0.7398625956904953,0.3594047127620499,-1.133439329055103,-0.2319922836579857,0.5625904615687259,0.5528623979331196,-0.4152
-0.0031966160496098,0.0133308425586271,-0.2130003058524907,2.546039867378907,0.255045891043004,2.0990864014789588,1.0073167359497577,0.7463180938617897,0.3406149610895461,0.9159
1.8877885330410096,-0.4114811954597008,-1.1385162975601175,-1.1814569662827072,0.4176349705680661,-0.4155176353656213,,0.6339324742831008,0.3692557367412853,-0.6798
-1.5110411147595817,-0.7349652241097749,0.5976850348366747,-1.1740175157925836,-0.3476969758433978,-0.1338023739665703,0.7408684122065252,0.7568289527139508,0.8687835454306518,-0.6191
0.8518191219385965,1.4709549516194014,0.2982607016365839,-0.8825816683264166,-0.4392717737159008,0.0540679015206083,,-1.071980684670811,,-0.7860
-1.2607995542215376,-1.2988422599549794,-1.3988352381261808,-0.7854255477820034,1.222895224933719,-0.0169934397225441,0.8331108745511102,-0.7593243738425337,1.6080115244683673,1.0563
0.0377484862375075,-1.2715390285698842,0.574649512102468,0.4030717462529564,-0.2832688888331964,0.8670811804990352,,-0.2803023555921766,0.2378089809602799,0.6610
0.4487241630451916,-0.2421279452828876,-1.0597323847965865,-0.0446650931956223,1.0461103092268855,0.0367520758969103,2.0291133474790977,-1.374410474984872,0.3643718851600186,0.3843
-1.0020440388650251,1.1015888829128373,0.809959690520126,-0.8529417456739511,1.9131231687831312,-0.9001624859392285,0.2961730897441396,-0.2159911185520927,,0.9968
0.4890660457072798,0.1703552099397561,1.2854539258499698,0.7983884166247606,0.5327383382214453,0.9292814885616708,-0.371846947679394,-1.33860622567729,1.81759305082209,1.7174
0.7739539330317778,-0.5980861318561382,1.8003540869863268,-0.0210665599403976,-1.2551488715143129,1.1617969117822005,-0.6708895979453858,0.7908268752308066,-0.1273338134521176,-0.6871
-1.0389574086875264,-1.918168744946064,0.2848039394667753,-1.49448837748723,0.932836093354686,0.7330128071515079,0.1922147888876753,-1.987340861810561,0.4944801620241305,N/A 
-0.0804774585114073,-0.7535069385364513,-0.8558393834836286,0.5116967793725669,0.3483471107429571,1.575946691728326,-0.8734308129008211,-0.9293223511253454,-0.7000473728003032,-1.2566
1.1064615875140789,1.5388872655964303,1.0244944002407954,0.5908774820584027,0.8844311236976035,-0.7878054656042147,0.4122958569025035,-0.7114995783299259,2.2012860495998985,0.6157
-0.3104666375763453,0.1396213589057968,-1.649146775297226,-0.6100569402195559,-0.7045012887670251,0.6784695742235203,1.2185160500812082,-1.0928971861066905,0.5714222545500046,-0.3370
-0.3404712487686745,0.1448212653370406,0.8046372532717352,-0.376340398201792,-0.8721453738820315,1.190062539391545,,-0.0848465908786006,-0.2169880086975033,0.5845
-1.0704410473300776,0.711416399339146,-1.134585069657133,1.932758405384152,-1.37520661536569,0.191571930550067,0.5758353344747,0.1453767569406359,1.256701466529994,-1.2696
-0.380034630415748,-1.8253814971518876,-0.1268617598864288,-0.072135652779761,-0.2574456755204556,0.8468824679527773,-1.0564689082345284,0.224479960266077,-0.861963555928302,-0.8316
-1.5641181503270334,0.5921764664954765,0.567307629760969,,0.6141617741389478,-1.813514755067716,-1.019859636525111,-0.1272647744202474,0.5287415511394149,1.0166
0.3441741759318434,-0.3229421822135039,-0.2981534187715379,-1.390419723801758,-0.9502479719558344,-0.5293621624630738,-2.2704177458073893,0.1336100307528371,0.2428762805595243,0.1148
-0.7173225401718991,0.4202526653435425,-0.2607700561733874,-0.5005476161723119,-0.4680080611184464,1.163012725319041,-1.658825527463094,0.7318376157580045,2.645354056289449,0.6306
-0.2180723210552506,0.5817185802514622,2.0474025286080826,0.5485153402889854,-1.4528380036755355,1.5941845719744323,0.3403254415073105,0.2369344970577199,0.2475854613132977,1.4539
1.251549056036404,-0.6857720906087311,1.335577590827818,,-0.02141599965353,1.5072381810936797,1.308490949449702,-1.785014049533896,0.3311327086390473,0.7382
-0.5453007176983485,0.5610674934883237,0.7532104680407217,0.584531884129168,1.542338694843945,-1.202251896184675,-1.8811209972571392,0.9680859738254582,-1.0401424535057833,-2.3486
0.1937830361617278,-0.1554918258021947,0.4131615452110506,-0.414053273185312,1.080152800652132,1.2704683021970542,,0.3805085493375374,-1.4211223417130645,-0.1626
-0.8273852892120558,0.2426675613973416,0.3070317530222206,1.007867603827462,-0.5465902393403406,1.3558209010621434,1.394090311887886,-0.2591258909069484,1.6210099965359002,2.2457
1.3488360734212514,0.5254352438902898,-0.3317742404078869,0.7288080759140914,1.7503138485277456,2.046349906074909,,-0.3398507440904771,0.1834838689577274,0.9681
0.3942981116860177,1.5630525955988073,1.079706731587629,,-0.3507479400446599,1.239447758116937,-1.0695759583069306,1.2116975713836524,1.384385702462402,-0.0583
0.4030253579974512,-1.1280675981449189,1.310137625534729,,-0.1591612303680281,1.9445053575489204,0.4352816465110268,1.5647518772712123,0.8375870213546804,-0.4231
-0.8166807924135119,-0.2841913587386001,,-1.174167527799561,-0.8072731579435783,-1.041067399665426,-0.1523215347369294,0.514183505404906,,0.0528
0.444170179647447,0.2613765740365515,0.2054253744491404,-0.5816193316416677,0.4628927044488417,,0.6747470699964856,-0.3834921240034841,-0.3511741762814594,-0.7968
-0.592163212706873,-1.4278115799705788,,0.6461480262737,-1.217951355993906,0.4970391071395734,-1.681165702707651,-0.286792885372156,-0.0723814049732411,-0.2086
-0.0892160141449325,0.9826796116564984,-0.6692866056226255,-0.406279176696218,0.5184333659980749,0.1237900346866329,0.637670855419678,-0.2003602941900413,-0.2106689039898885,1.4539
1.468876690711852,0.6121190046959415,-0.2275113363039666,1.8585904887826457,0.2372448250196793,-1.3345274738071171,-0.3169872156363429,-0.2252507531144497,0.2750516170782222,0.1817
,-0.4874711906558723,0.715927968882146,-0.665072110538735,-0.1059512325262486,1.5092482123072373,1.6341203328104803,1.351167798618371,0.5272603541548464,0.3772
-1.1626332109605235,-0.4274013888488408,0.3394814120227798,0.9568588763604248,1.7737140587156563,0.7284032667128642,0.4835909377977849,-0.49254799939776,1.5282674633032511,-1.0784
0.6620445013477679,0.5039233851567272,1.162207685950903,0.0398639814548584,-0.4027097686429408,-0.3649255764999619,0.1044968084258252,-0.8788628976003555,-0.3288621955043576,-0.6120
-1.0768420778051662,0.7319052035913118,-0.1969491099719526,-0.2463095615208151,1.1414008473776438,-0.3818128389063602,1.0811002939261474,0.0148181064861772,-0.7631732612259551,0.3808
-1.8577020428945732,-1.0585703009488847,0.3407133055406987,1.2151677859115777,-1.1899025225576,-0.9268275397616136,0.5068171666634426,0.1034965473542279,-0.2395784426125412,-0.5654
-1.1072185042757032,-0.0842391202411888,-0.2709299066271715,0.1585771480729933,0.5602731788045872,-0.3459018226784737,-0.4903585297466163,0.0879375446376141,-1.0433958424962244,0.8679
1.5118008623092407,,-0.3130187355729641,0.0149482422574426,,0.5977452488809097,-0.3641769445987982,-0.3422442611914496,,-0.9899
-0.192785314809105,-1.1156531246183468,0.520393776374787,0.5248599085840314,-1.560669677378489,1.3555054496941137,0.2287633302875772,-0.2054728839974807,0.321248740027626,0.1147
0.0106471414561022,-0.845792667489435,-0.6344023945578279,,0.339935901412766,0.5934314613700988,0.350863109125614,1.062115522690653,-1.6900714347491188,-1.1472
-0.6801850519063464,0.0990262829357609,-0.037864305132816,-1.6012198980258,0.4613951162151949,,1.3476408729109837,-0.1614920791385106,-0.8401057617084186,N/A 
-0.1330143515664806,-1.509541115948462,0.467110230320204,-0.4174215234998868,-1.316343770561068,0.8770811500284352,-1.2608520918819484,-0.7002004854666811,-1.7245591352580891,-0.7237
-0.0019526503070823,-0.456741167771979,-0.9639328900336412,-0.639456526820587,-2.478006827635004,,-0.0778991075435691,-0.1137619808630462,-0.0594636775385896,-0.4995
0.7339104480972027,-0.2058902939742225,-0.1379183130158839,0.6619114864007631,-0.9088889950872728,2.31858161700588,-1.4938843252139418,1.1937706011025155,0.8941541443049901,0.6417
-0.0762065856402442,0.0801006655603916,0.3480778713293299,0.208775760471644,0.9954359952948364,-0.059317952848313,0.1311595563358077,2.7688415213758897,0.6874561644740458,-0.1790
0.0121352190014027,-1.0595699722860294,-0.3437591148344459,1.379098295451956,0.6820842034759995,1.8397224412553264,,-0.2087451544508423,-0.6843091766812743,0.2508
0.4655531006668714,1.0766851207821575,1.5498662423964558,-0.0773847509757989,-0.7891267220814873,0.3883804701930697,-1.383906316658929,0.5115522804311228,0.3026772734631343,0.1850
0.5690284108450321,0.0636804003624163,0.4058748213934748,-0.0392539338999933,-0.0284181751531204,1.3784296827361002,0.779919591111976,-0.9917099691483008,-0.1176178171156361,-1.1234
-0.0331345301385206,-0.9093183259310448,0.7763861165750614,0.3951527728614121,0.7477113773214145,-2.093470328478816,0.2227041782817498,-1.031730662857704,-2.6453380491967287,0.4644
0.0013378883056589,0.3572750835991842,0.901217567321882,0.7019321251436139,0.1712399047665938,-1.4671933141485864,-0.8499283131653134,0.8740122436567311,1.5776417520588544,-0.5693
0.938086732899162,-1.5333967659065824,-0.6630672417170853,1.022221665646114,0.1509284212450781,1.522175391764938,,-0.2291386866997813,-1.2401911512198045,-1.6543
0.4560835399178251,0.7857826386558494,1.15748800532855,,1.637256431088721,-0.2519449337668338,-0.149246213681796,-0.224207972272946,1.5790025429655663,-1.8645
-1.4457346173020404,1.4254048120225462,-1.1661983738965782,-0.3713244796004867,0.4816347044841348,-1.2212115100097662,0.4526887779093249,0.7524634486988079,0.6969816180105859,-0.9282
-0.9359954518103512,0.1291402665552882,1.6379650576531872,-1.330035155288096,,-0.5795350505955162,1.1079468797233798,0.8881666269640422,-1.0480626594857458,1.6340
-2.127496470729965,0.5138561588057434,-0.546343805898962,0.6850864580670604,0.4639151865567217,-1.259020314115994,0.0186030594686863,-0.6759285678122794,-1.753897592166311,-0.4824
0.3888873802394654,0.6133962438120054,2.182688500049591,-0.9774267682458134,-1.7347783958567145,0.2241538343072771,0.892422045487545,-0.0792374385108643,0.3453795273923501,1.5251
,0.1495644051470778,0.1981799143764938,0.6006767773679156,0.2605293552181427,,,-0.398272253593044,-1.536395208771964,0.1549
0.6153199450001283,-0.3393221175325834,-1.3802156747811671,0.1494222587278683,-0.8788115094868483,0.4696919837147429,0.215277935019268,-0.3445487770772795,0.1094332557825467,1.7204
-0.3889252038116967,-0.2567983755458174,0.8942096484892781,0.1483201416778155,1.425209413455138,-0.9342762623229948,0.7347176951073235,-0.5725598079929048,-0.0035839560806022,1.2802
-1.0518835367917516,0.7577712945467985,1.5820268154705062,0.5949991582938252,1.5377890128186391,0.1489716546596113,0.4418859425504472,-0.7068589685955776,1.2763897887587226,-1.5883
-0.5309767380883459,0.170219573590648,0.7293175476363778,0.2168124552728251,-0.5883795835369783,0.5804364199084527,-0.3316791292008139,1.3786330291818083,-1.305793567275506,1.2275
0.7626628660104791,0.9545398907943544,-1.5598895612476622,0.454680984078798,-1.1042795622966186,-0.1479200309793245,-0.6590386388241422,1.4758223386450209,,0.1877
-0.0219608067390334,-0.5860537280444007,-1.6649243923577606,,-2.404278179640553,-0.6464765242898071,0.6534393795581311,0.8293253796734631,-1.2430195804580526,-0.5090
0.4290374199447964,0.6986189690865717,1.8046444014639356,0.337364593876286,-0.5950619650003216,-2.0548911987573466,1.877826043531802,,1.436504552724131,-0.1121
-1.1051741666589432,-1.6750273205546813,-1.2615596828931936,0.8702684275303941,0.9487308277134656,-0.5070942042721351,-1.2768615306487283,1.071814625458385,-0.1615834797474115,0.5542
-0.7026092444497779,0.1653477203345874,-0.4028699916188831,-0.4033908420930532,0.1498293361922433,-0.4532805671619194,0.8410854707037709,0.0768190874633019,0.8329019424231541,-0.4841
-0.3331040399812601,0.7024650305636714,0.0866100802433601,0.4781681668039527,-1.2603011483288669,2.5561659495166498,-0.6853403227702369,-1.506131832098262,-0.7265626632111538,-1.1745
0.3895005587890105,-0.0923226398585608,-1.4667336343993382,-0.8374204228409435,1.9346316722237424,1.3683319233214897,1.7571602686596093,0.2325070266581923,-0.8398696157468766,-0.6712
-0.7397975177486793,-1.0702087108304097,-0.7614739039249666,-0.1226305079608341,-1.3335069320484816,1.0099425314273254,-0.7288072979117008,-0.6204526452527772,-0.621198172759177,0.1908
-0.4043663915191563,-0.2854310586017538,1.5415931850938165,0.4174091167190254,0.7526195819961364,,-1.3481107055412525,-0.0148212900922051,2.0361660945349147,-0.2335
-1.2164304130450192,-0.8610043236725694,0.96616838894689,0.1045897539568302,1.1786813367345723,-0.3803555741792465,-2.092009464302485,-0.2553552098974639,-0.7818641025589629,-0.1928
1.1886262602949609,0.5115814297552702,-1.0823932122160742,-1.6603683431887166,-0.0356789815744448,0.3227656314923106,,-0.0930804815638798,-1.7151630923258578,-0.6564
-0.1454091467989761,-2.420664161698501,-0.0757793295231247,,2.0342262008696905,0.785119040249545,2.4758129283002046,,1.5437372831630052,-0.6156
0.8190818597300294,-1.350997923810286,,1.7653053986288594,0.3744627997844514,0.2154057056123507,1.3863170835633376,0.1473176712264537,-0.7864264266122333,-1.7031
1.314927673008144,,-0.2327281507484556,0.3962152441771407,0.3213224946287733,-1.2661383189519124,,0.484347550640558,-0.7935268531554416,-0.3006
-0.6407482265526443,0.8998035036048836,-0.0806068086037493,0.5739468542965722,1.7233345927291217,-0.5124822682457149,2.5274952145302096,1.1198153115660232,0.4214373614920614,0.1482
1.316084665847862,1.386442651063546,0.4819813467658178,-0.3764979824355349,0.6637345802747081,-0.253340485158085,,0.5218440970661671,-0.0016953276559529,N/A 
1.479095653333056,,0.9495128833432404,-2.276554254699651,-1.25742774543299,1.503664280572926,-1.3822732847639585,0.2074406467604496,-0.3403807477130625,0.1540
1.3110334206810017,1.2790525630900778,0.4718216312749343,-0.048675551832975,-0.0404149905380577,-1.687371919277013,0.1249552024235539,0.1414544193257702,-0.8577624462154261,0.2458
-0.924997690979199,-1.6354386338262252,0.5045784864618961,1.483274789650595,0.2020226183734249,0.0674704451415886,0.6304546614354588,0.2151929259747779,1.4105446356520808,1.6246
0.941377467353349,-0.3866281161454667,0.5835841583765062,-0.0503800284257433,-0.5938955759495066,-2.192321394643259,1.898916458983097,-1.1103567724538164,1.4407444972345995,-0.2128
0.8311013736253665,-1.1327641025217456,0.4033934165957206,1.274296869408533,0.6568650934655608,1.5769763798740488,-0.5862954391179245,-0.4996282117945226,-0.8484305336683496,-0.4154
-0.075517401129101,1.0247072273862288,1.275286142759362,-0.5890529720025826,0.2480800389282076,0.372229718271259,-0.5716562631291319,0.1642036525057948,-1.0025222174893635,1.0250
-0.0733453124408265,-0.0559188663996612,,1.650399721427069,1.3606623694855398,-1.1726269947278274,-0.7850947698236191,-1.5349690684783073,-1.2066062143773972,0.1601
0.8857748576048973,-2.3955720133917984,0.3233899297216651,0.0110226967757981,-1.269819591802883,0.9800741280019828,0.3086676731877937,0.2643946916307119,2.3191273176274807,0.8926
-2.2009539915968723,-0.5405296648686637,0.3938750701241911,,0.1282728200318149,0.7151960961778067,1.2489377192630493,-0.1633461973493388,1.1724731636421275,0.9745
-2.022243215860973,2.9735751495805096,-1.825693946057844,-1.4403183674873834,-0.5078524282925814,-0.6730442987635197,0.046650935557154,0.1518856472622936,-3.1941707229507723,-0.4758
-0.1375234688996388,1.2308807189437327,-0.1848101974316526,,0.2046069470810325,0.7083835902978393,-0.0974317687588406,0.6856148540930629,0.0269366412017314,0.2009
1.9196396047140485,0.839793729113021,-1.011919732092058,-0.8563837247138726,0.3218315132357356,1.360775060783174,0.5910729830363375,0.5657856569079105,-1.8928977735724173,0.9113
-0.1046596644581806,-0.3834089584886231,-0.877986406421581,0.4256023446268114,1.0550002553831546,0.5153311450756178,0.327039453089294,-0.7945998877997031,0.9489170061621832,-1.1245
0.4452489330851178,-0.4671149204683512,-0.3704056161023729,0.6686108008701648,1.4027883143698678,0.9065028975807816,1.394626145496589,-0.6002710943622439,-1.2094354813321873,1.2309
1.784023780574087,-0.5440584323839335,-0.9607818658549222,-1.4422682355124534,0.5617410684974659,0.8632347980006525,-2.1313189239369263,0.4390310418013927,0.0793205525084287,0.3985
-2.7056071204127785,-1.0946756938054272,-0.7929695511794345,0.1244833614879336,0.0294378545522515,-0.3534605297670484,-1.8320302365644647,-0.999398507725688,-1.1917772568785256,-0.6591
-2.101784634579276,-1.4909765130443244,-0.6563293857935802,0.684026923836523,1.0902998900493015,-0.2586514336775068,1.1522057599109186,-1.690830978440426,0.8124380114719071,-0.1429
1.1018741009045765,0.5522808643925452,0.8053994295988723,-0.071446528041646,0.7847799908728134,1.0417518295379182,0.4076788409025765,1.119120146518702,-0.4782339777045402,0.8507
-1.4531000966261065,-0.0360924113300394,-0.7794070707618249,-0.1572669681097499,0.0412772255353696,0.5000307961602493,-0.0026414854587914,-1.528766843370202,-0.7976415914907898,0.9882
-1.0728414908294637,-1.900730474267703,0.1297870924406741,0.8609683144831495,1.87551426913838,-1.2920662263199432,-0.1390825549786089,-1.49006401439738,,-0.1101
-0.1851262976686573,-0.0811301880688515,-0.0474701425341925,2.002247030692106,-0.5103049223898742,0.3246020126877091,,0.8334945849369584,,N/A 
-1.4329727745506298,-1.0323913785548882,-0.7368480378181741,0.8689486532291973,-0.7480559431624503,-0.122805903911364,-0.5486274396229094,-0.1797571205438319,0.2851348811613095,0.8306
0.4496379034581617,0.1667865946858947,-0.1873686251094452,,-0.5788179102299253,-1.0920697650037932,,-1.5794370131895914,1.7554082559358932,-0.4856
1.0971208292630386,0.4578919738590196,0.2839309194548075,0.217228216690118,-0.6051039725082145,-1.5250342901043503,,-0.5385773684260569,2.1955967428566745,-0.0606
1.4037163042554932,1.322866763552232,1.2079145162641831,-0.8325267112345932,-1.817012659421188,-0.7884005855440684,0.1702664868615821,-0.1559120581955541,1.953369781622554,-1.2229
0.0417223024532077,-0.9146655059184612,-0.0472271041894266,0.2277480136218864,1.2269107290974022,0.7319006916853431,,0.4771952192113498,-1.0929145089151275,-1.1959
0.5948992036982063,-0.3807301175972293,-0.0478903058298605,-2.300586363434796,0.4114999377984935,0.0807917315503591,-0.5791983120638786,1.6881577412373012,-0.4545259854326443,0.7043
-1.8279681130078305,0.1799046000503727,1.2187765141961309,1.90634541136402,-0.943241300399414,-0.552891383079626,-1.1381757457023824,0.5313746660044074,-0.2359862252683096,-1.7418
1.645485628995618,-0.3665886089531652,-0.6268754447003179,0.816836239555752,-0.4605205847460015,0.296398237124147,1.1050032887537913,-1.5107722415307774,2.2365748975893127,0.6582
-1.4463377429428133,-0.0641341531680891,,-1.3238062579023664,1.8067769639855,0.2795110525655815,-1.2888059963617826,-0.8947747510214332,1.0211718216566494,1.8877
-0.847872564114257,-1.1927956118704457,-0.3203690306181499,-0.0325183422618659,0.8782830304953186,-0.0331582091616669,-0.4625866381592778,2.377283237247761,,-1.9240
0.9620194747340612,0.3872836818067784,-0.6388752374668633,0.400643781102631,-0.7898787419508451,0.4742184485314489,0.4108060911472004,0.6128187751544457,-1.128374937076245,-0.2778
0.5503843902370992,0.388695942657449,-0.8298885265293476,0.3626694463933319,0.4988073546148419,,-0.3177491039634921,-0.0152774844921028,-0.3401660285442685,0.2510
1.393080745561869,,-1.020477329163036,-0.4090962552780852,0.3470621524857049,0.5788538984925233,-0.2011205565665337,0.6451745702152595,-0.5806718760027457,-1.2800
-0.8774241709087838,0.1701501850122762,0.7196264214529846,-1.772666487267926,0.1796305542424507,-1.0804858892360605,-0.877791501185543,1.7741824707759677,-0.5361067227141769,-1.9893
,-0.215587141581788,0.262896924007556,-0.9889028984303798,1.627239736974483,0.3915405262176387,-0.5901358373325988,-1.270319193364448,-0.3735734720141874,-0.3426
,2.3755532375308386,-0.2920052347711915,0.40713038121842,1.38146220270894,0.4608331944735827,-0.8888046241838604,-0.5604432655283311,0.6463421146935135,-0.0152
-0.3622346346889254,-1.4802656727139998,0.3987352740059034,-0.6136086844445751,-0.6588944884286576,-1.58825787400785,,0.2494148778306943,0.9534385097124612,-1.1432
0.2992692735441672,1.56924662341448,0.3353640360158965,,-0.0218311206202855,-0.8966217700796711,-1.0959383506976976,-0.8123915684751786,1.3626541098642408,0.8505
,-0.9854601429857944,-0.5148779207361611,,0.8716957929356083,1.869544225343433,-0.5373615784160801,-1.4841142372328346,0.7419218528548277,0.9340
0.4570965334339737,1.4321889901727018,-0.195768751577342,-0.9178793041842814,-0.7827673603201144,1.1292506004992755,-0.4238121673066253,-0.904264421884164,0.0756300912683199,-1.8719
1.012045556299087,0.7059875991736383,-2.02520831190272,-1.4480729730285782,0.6474879031108283,0.1697318930105397,-1.533780990121606,0.8752842143445515,-0.7325673912519324,0.5741
0.304306565419473,0.2861361090373231,-0.3578784515718889,-0.071581168254166,1.6053641221348776,-0.9310515372908204,-2.4402950325140886,-1.713066904787533,0.8710643236395693,-1.6435
0.4243522576156812,1.1267721544662974,0.4308049086108539,,0.6764228996512138,-0.6745955040385807,,-0.3830426480767713,0.3595409802717272,-0.2685
-0.0941716875393115,1.616629924568433,0.3680133997397204,-1.243913124099549,-1.094446007395984,-0.7702158544131629,-1.2423883411053538,-1.7115920647904748,-2.1909703511389447,-1.0328
2.555992401526123,-0.9812823211810328,-1.211128102211558,-1.6346009402840198,-0.4755594415288982,0.3265734821305928,0.6010130526975137,0.0645145578692288,-0.059556983517438,0.5653
-1.2284342574124532,-1.3529035732179222,0.6183564864460371,0.246646899512788,0.9718087339950016,-0.5598646391736719,,-1.4090015084868792,,2.7502
0.9403688959465684,-1.1466608782591137,-0.9989773663633226,-0.8691785935476121,0.8873236637845267,0.2374009049288536,-0.7386960291119816,0.5294316518449109,-0.0708375815596417,-0.8377
1.5590956724445664,0.6853298717350926,-1.213755079732756,-0.7599035011454174,0.0185154399690175,-0.5370558028561883,-0.5370444130634433,-0.9674676985563476,0.1099617355077034,-1.2481
1.5686884378462531,1.1162682016754988,-0.8006022554181558,0.5120678910184635,,,,-0.3118642040472644,0.2549344798895834,N/A 
1.0846999308705334,-0.628039299213483,-0.7486776880400698,0.4233271572098027,-0.8372671726725751,0.9407831981729444,,-0.7297344811263257,-1.7662381326576635,-0.4277
0.0300419143194259,0.2295937935573732,-1.081735222836647,1.3357973407162855,-1.1694127423863585,-0.1140200006976537,0.0240823854666474,0.4228748039847886,0.8629997366070342,-0.7251
0.6532948145942842,1.1286024184130243,-0.886568470754276,-1.515900879581069,2.499846940523126,-0.9944842356236244,-0.3217889585594664,1.5224229387339696,-1.398207705013993,-1.2421
0.906991050940348,0.5391601589227457,1.00033959790534,-0.6469779989355738,-1.771301268912674,-0.1644614863667007,2.7006487817230664,0.0086679112825538,0.4585104667050867,-0.3694
-0.0436431999608374,-1.1103845831999106,-1.205050625675469,-0.2015035159725631,-0.6941857321071331,-0.9817071796028048,1.2712929611136414,-0.1258236785469527,1.12593252607373,-0.6280
-1.289580288883465,-0.034226561445578,1.2174413924062566,1.3275813822781437,-0.2028110338520918,-0.4877907849813858,,0.7884998476591214,-1.3547489609768184,-0.5529
-0.1569906360278094,-0.925002837430867,,,0.0970989486733834,0.940042657391607,-0.7305030096326608,-0.2738143222614181,-0.9866995606179708,-0.8954
2.1700985285549312,-0.6251453581957098,-2.013751506533595,0.6452858239554219,-0.9744268253717404,0.4992886359592642,0.9891181558139625,-0.8407276545913367,0.7807743352703477,1.2499
-0.5595585111506086,1.311003043562487,0.5088572345297939,,0.9471271586662448,-1.0016306761853229,0.6761840478103992,0.0138491208068671,-1.6169214419602964,-0.1114
2.095127138922639,-1.8523287695501351,-0.2037201764924524,0.806930681773669,-1.000952684691109,-0.278515793836424,0.616818391869856,-0.1397560711471468,0.2019028078268316,-1.0868
1.0507221656210055,-1.1982919487621602,0.3757004005556605,0.4966091564746651,-0.3278366638815612,-0.0225091663513735,-0.1245737340760978,-1.1132874377584818,0.127317409819757,-0.0783
1.1252650613689867,-1.326353974925659,-0.5191342114733156,,0.2524400074124207,0.7155706460537817,1.4761354954998265,-0.9477750099090932,1.2848664756242891,-0.3317
0.5068902805084281,0.062981979751003,1.1879151363348734,-0.8152938643371034,0.5049410957852161,-0.2367811108889558,0.288303701920013,1.2051837026635095,0.0260117748942778,-1.1231
0.1212877039884778,-1.053072314755078,0.0059228661340533,0.4395203407719965,1.1076632313136026,-0.0248029377771447,-0.8356850919496904,0.0350433156194007,2.3706377521153867,-0.1901
0.0441036140580726,0.27694720808395,0.1853176189321403,-0.845920133248596,-0.1739094724670976,-0.065610363116134,-0.0446133283684022,0.123374137832354,0.540233131899511,N/A 
0.3578458000794583,-0.7936094239484355,0.5142976712184366,0.1012010945288204,-0.2796014864303834,0.6376349601811475,0.1661436929210172,-0.0499639773236967,-0.9264731582656024,-0.7077
-0.922909264848946,-0.7872689262471867,-1.9074568881244005,0.8482086090216563,0.1174756610266381,0.706830454751635,-0.4001383519857285,0.4697514340830429,-0.1443667630269637,-0.2960
1.236394418580994,-0.5399742260765424,0.4856851674957742,0.6586265043634446,0.9852080511185926,-0.2211561123062748,0.60384379996493,0.2821671862266801,-0.6173620880561403,-0.0850
0.2278173638452078,,0.5914530866303224,-0.8627582993970102,-1.0047163525260954,-0.7418248387704077,0.4490217306938231,0.2491786578863352,0.0957632367377182,-0.2860
-0.1336034264503253,0.6552367311000112,1.4399731449151525,-0.4934850112753771,-0.3496015600138393,1.844819499061589,-0.1873758700614241,-2.179720643516698,-2.0319985638824902,-0.5427
0.128762345612006,-1.5964817583092508,1.2648960406933307,0.183867285763007,-0.1531150096877387,-0.3971650483320688,1.0753547094608542,-0.926849680977682,-2.400519416013852,0.7530
0.1622485687523756,0.086054116558902,0.4712808362078422,1.075475811763794,-1.5250463903545344,-0.1733673082530567,1.156393027770643,0.8520009839950742,-1.0111974670993202,-1.5013
0.6973610190210584,1.4869457662570966,-0.3358111535707376,,-1.4928461713967924,1.206433394174499,,-0.4833207460488047,1.2179655871444817,1.4113
-1.0115620767705764,0.1721750228399777,,-0.1034755432108932,0.7800596669953574,0.0410510122832185,-0.1843325140297259,0.3230795582087012,0.1615541139945664,0.2780
-1.377845751540458,-0.4392072932248308,-1.747888213652124,-0.4265276279328225,-1.8269249016592657,1.0864077418121632,-1.824086092423139,,-1.1110706834570512,-0.2185
0.2792372006893518,0.526430790480469,1.0937983753341392,0.177089820182396,-0.3499927321691899,0.2056254744934508,0.07435029150418,1.1675237493988178,-0.7997233860206568,1.2760
-0.3972740772146742,0.2846079438501495,0.6875251670047485,1.172601685014732,2.5060054900554043,0.002505453050629,0.6519165452392898,1.015484792942137,-0.4900785562696272,-1.0083
0.0277229299206361,,0.4533842477101302,0.5405632538257974,0.0834608242798719,-0.1032805254475268,0.5006529454843105,-0.025306832117387,,-0.6535
0.0246260708284372,-0.0147247168110854,-0.0037983330901727,-0.4142277562406603,1.6848857670471336,2.043165034295854,-0.0573121359454341,-0.2293833184085053,-0.5878813490394782,-0.4220
-1.336883463163483,-0.6312714639036976,-0.585056366613576,-0.0409334382161272,0.7176685898085451,-0.1467388294945851,,1.0810796041976125,-0.2789357073411542,1.1290
0.5640100236957513,-0.3903512132329,0.4804914905842334,0.2636821228771016,-0.7212932518451859,,,1.4957245035609192,0.4982568674238016,-0.9167
0.3129207437167781,,-0.4992232875336222,-1.717673371258225,1.1867035024815995,0.1179181151468084,0.0926518212898165,0.7655591918437331,,1.6074
0.1644080576769335,1.6761748483378591,0.0543095477441613,-0.2219832945528079,0.3815511617556664,,0.3873077858460644,0.0568992719080824,-1.221917545848204,-1.8609
0.2997928710110546,-1.9078243735047855,-2.525209984260254,-0.9511682146253064,-0.8360806627269718,0.1331048968180905,0.5481543432028438,0.5203949594318984,,0.6140
-0.6155389078950246,-0.3933855684097746,-0.4910543997579651,1.1688607005215457,,-0.1414619406001047,0.3454692144495025,-0.8074535323349668,-0.5711224938865082,-1.4285
,-0.8522579190947076,1.2918818204223288,0.125817884387059,0.5156343800039439,,0.520831584024388,0.5070104196855072,0.6492388779885284,0.6873
-0.0304697046949575,-0.0376548728337088,0.5625311280966512,0.3034650993565181,1.9705999363609872,1.0805968757901367,0.0707863113053129,-0.3673215626503445,-0.314635120800372,0.5567
-0.3555009697146691,1.9611016759906692,-0.5617973426077382,0.352008987827589,-0.4750755656015199,-0.8115907054208528,0.7506884054580591,-0.8161891782174538,-1.0063168960477868,-1.1132
0.2927410766350031,1.2880576967085509,0.2170948692875236,0.7948392494322872,-0.6329949041176902,0.7091957502058992,0.058657010683811,-0.1820199417971985,-0.314650566715282,-0.9543
0.7946852743367756,2.2009664376417875,0.0447746854169492,-0.2552804540442848,0.189419842289393,0.0258075915065076,-0.2192602640029987,-0.4931407414409451,-1.2615897389997326,0.1973
-0.5585327671749772,,-0.1198364870667324,0.1632876502997922,2.2683673989123947,-0.9563705130828424,1.3659573535342104,-1.0636589734846684,0.3952521538721617,0.0058
-1.239361115319529,-0.0571217620141076,-0.9129133965677096,-1.4704560735411718,,-0.1144527535497193,0.2185792789722529,-1.3339396955324023,0.0763579592611252,0.4580
0.060490154061367,-0.1329371818552251,-0.4058940713054081,,0.2055769589681089,0.542532089391391,,-0.49791436626321,0.0790981974468024,0.5576
0.1705367385084678,-0.914332348970711,1.146232850308693,,0.2535106116131312,0.1999064434021507,-0.7185330315244942,-0.8505781748703404,,-1.9185
0.3004570904548944,1.0223556555526696,1.0950486277474507,0.7485699564278846,1.6020431477243533,-0.606735943537441,0.4076514163970623,,-0.9374726406982192,0.8096
-0.5906647963708244,0.4405061678142849,-1.6107228375259632,1.122667847050892,-0.0842615784760276,0.2108006936756161,,0.94948379998267,0.5095930379634177,1.2945
-0.5238733048080594,-1.4379578893264673,0.4281593403696869,-0.7190481043401761,-0.8995745678013902,-1.1558898559925763,-0.8642106456272741,0.2755739845699794,,-0.0628
-1.6875687439442637,-0.6280064493920371,-0.8396340574351243,1.8979148577776093,1.1048897694960136,1.081732291420791,0.6096269694035605,0.4195947685619225,0.1833720960186599,-0.6889
1.1859049028243802,0.1369884291224173,0.9734913221850776,-0.773736957858216,-0.6887926754583102,0.3657520124210575,2.634386445979551,-1.2181174840155713,-1.652023832471165,-2.3487
-0.8576344867529581,0.4659716441707844,2.802756374875518,-1.075240442543345,0.2359781815040016,-0.4303734319447749,-1.2236923274229967,0.3424923742420174,0.7422659104479031,0.5629
1.3425360533368045,-0.128474585540915,-0.4759298814800171,-0.7310422747006831,0.1832467841014563,-0.4926629161513476,1.4610934735810504,-0.2333923546370668,0.784913064855746,-2.4464
1.3720018475748292,-0.9718817413988876,0.0675749759737101,0.4625174228627164,0.240422900205392,0.7075337155324712,-0.3115778017589882,0.1295068528230867,0.5798039202612348,-0.6796
-0.8673860646921823,0.7466899322761489,2.471692635169911,1.5667081950995063,-0.1115209464997832,-1.2914338652385362,1.1602646953390074,-0.3214337298786187,1.888381157287624,1.5786
-0.1370852626941512,-0.0128366896597591,0.91105972212223,-0.2698462172757672,0.417586093113694,-2.110480436463839,-1.4283269496814577,-0.2683020423888557,-0.1194806214667284,0.2589
-0.5630189660055226,0.9007033229533059,-0.7405955720618659,-1.731870455650923,-0.9362766425047652,-0.8222256154170356,-0.9376809349379448,-0.7277394760937732,0.0399699578367425,-0.0554
-0.6889445716789832,0.7009725022645596,0.344801494722517,-1.067581260822876,-2.4570763895342185,,0.774112452625624,0.2262036902657244,-1.1630370578962537,-0.6448
-1.8034949267976816,-0.042744029733433,-0.9746678232252964,-0.0285532272758304,0.1279741769477795,0.939394506806492,-0.2102828404335177,-0.3959824690962397,,-1.2112
-0.672612821705904,-0.5900109067724401,-0.01745170492303,0.0978201260791229,-0.1380640663370321,0.0283470240649474,0.506778104195251,0.3092103896692648,,0.3973
0.2876158011757245,1.3479469545177547,-1.8853257752147816,0.4001383056485945,-0.6083447631839396,0.3281679295802399,1.0429674054023916,0.8774558882363139,-2.2355112741743746,1.1757
0.2880744174869514,2.5940703057088443,-0.8516938821065897,0.7061596945288222,-0.488831044016723,-0.618258846585237,0.8500437524107028,-1.7613582748755177,0.3928534671381922,-0.3881
-0.2786156631762419,1.722655235647872,0.1354744991433743,1.709069220222759,-0.1532269893427378,-1.2635572304199032,-1.130485502206937,0.6673428713919782,1.3865800070818115,-3.0651
1.1655563417598724,-0.1304310087111944,1.4677758208874916,-1.776863125146161,-1.4789342980471485,0.1191338545434946,-0.0700652701584959,-0.6386960628459696,-0.0887746935127671,0.0602
-1.3866269557046624,-0.303192496647507,1.13436246177999,-0.1523954903980289,1.5434156843848092,-0.2643395206906273,-0.4587493721797601,-0.5715585626743557,0.9368345976977402,-0.0062
-0.3357270273174534,1.234801993577257,-0.8393672137564318,1.0891924349306688,-1.1611178468668155,0.4117149034178628,-0.2471284025343234,-0.0338326475565723,-1.1870367931376524,-0.8494
0.9917943912059414,-0.83793726478315,-0.1774084021834319,0.0953649750760909,-0.2533062999004637,-0.6674158909634084,0.1229245531811345,1.658200074116279,0.4230643470211379,-0.2420
0.3466549884085799,0.2325073701956765,0.3535216471237843,0.4159921027598967,-0.5043456336070129,-1.6483639228838671,0.7387486987862045,-0.4284710743818223,-0.986433560705726,1.1315
0.1881280037986208,-1.454165543900526,-0.5378591485891969,-0.991933336974171,-1.0952989935591386,-0.9619403379813471,-0.3481093775541003,-0.8018805776548763,1.6567254612288806,-0.5807
-0.2745161020958979,-1.8446656458127817,0.9389951499295568,1.8258058064434888,-1.388462281487591,-1.7766147971775628,1.5739087604805166,-1.046086689861509,-0.6358667734483929,0.8162
2.732353942084304,0.0391973919228538,1.066826267953113,1.212622588664375,-0.861449168280124,0.9529587029364872,1.6791765493644737,-2.2048166780350984,-0.4579778653828231,2.3138
-0.3342561177278229,1.6803744198691193,1.47454477439872,,-1.0814519493229535,-1.6033900832222152,0.6459714398055952,-1.5476641255980212,0.3060690199970344,-1.1332
-1.2303483992418571,,1.2866391590365007,0.3238906398290043,-1.4025855954415425,-0.6129610008748833,1.847486946499193,0.014003434627383,0.502329538266522,-0.3052
-1.5352173182931934,0.0429663124333365,1.1210570471101504,1.5686589800688788,1.4118187715866335,,,0.5453551592602214,-2.108656131545178,0.5760
-1.027491082298776,-1.6898258597036873,-0.5775058501990743,-0.0857671800891872,0.9270235239409664,0.594691870068011,-0.4322748479132965,0.1506708920958532,-0.2076016095357082,0.0774
-0.6634408281707619,-0.5066296833085269,-1.263376181280794,-0.7775589601611956,-0.816958339815599,-0.1893499099657628,2.673457688312193,1.1438688914785349,-0.999454768348363,0.7060
0.4354757720102706,-0.3184311307677975,0.6692248558670024,-0.3293629586812415,0.7844461924553389,-1.1244725376972675,0.244089565225992,0.1162502986569592,-0.5890853744424264,-0.8998
-0.6367836076285369,-1.0748233803556633,-1.1306844257271116,0.5609671655603622,0.5151340533030453,0.3667534146799447,0.3558881746708043,-0.8317200266802354,,0.5501
-1.732900894448923,-0.8042017350288622,0.5364790717223343,0.2938779468786464,0.779154898741493,-1.2154477466696938,-0.2514389650534375,-0.7199675708883477,-0.7904199270094635,0.2350
-0.8638980682393117,0.0293293364404225,0.6969599182750046,0.0987140622873957,-1.3929031251670192,-0.0700792868304109,-0.0405091815546937,0.2143660746605709,-0.2289033105213597,N/A 
-0.0556079384158344,-1.805713249592544,-0.1931090086634718,2.7126056719999814,0.4672981047437948,0.7323583852023368,,-0.7656540073340913,-0.7250501270447439,0.1679
-0.199265987593019,-0.8936643224573478,-1.453843327994926,-0.0237628520117968,-1.0170702029420426,-0.8348123523710206,0.7666627832621321,-0.7947648327091585,-0.423174712609411,-0.4853
0.1217266483857373,0.8741590759823784,-0.0936622187090245,0.9697787183088544,-1.0568652301265915,1.5554718640529048,-0.6804339330015436,0.8533763843416659,-0.0542988475363763,1.4955
-0.6800719721538365,0.4729461581613037,0.3465351459968397,0.279704981418698,0.596240464544345,0.3744295272561563,-0.448390105148758,0.7407943942347224,-0.8023220093339831,0.6968
0.1520752212198358,-0.1816471142407362,-0.1982649615574714,-0.7837597619430621,-0.4453051136607904,-0.3855936142780695,0.1698698641823173,0.2341872259795126,-1.4860732944151824,-0.0250
0.3517786853284985,0.7239033671160581,-0.1822842554780875,1.1101628566654138,-1.607855212720258,,-1.5094821044160676,1.31148309793697,-1.34421896616358,-0.6012
0.7544333266195411,-0.4457452247178742,0.679139233814451,1.1788264096990273,-1.5417960827756014,0.4941402888927489,-0.4025230959152782,0.6984302283071293,0.1897699877642586,-0.3926
-1.110775919809429,1.0574329165240903,0.7225993587348069,2.198656732308684,0.90589823502778,1.124574271650609,,-0.1566607327990091,,-0.1028
-1.0436370715275427,0.8861099704020934,-1.611408032064114,-1.238191142478709,0.3403394521304034,1.555068304618216,-1.8982877695607123,0.1581356334973796,-0.2351955547452736,1.4018
0.797032005456962,,-1.0566942254117495,0.6827375157271479,-0.7889968935748147,0.4350666863125526,0.6078425819471126,-1.2860299988295891,0.9297349788541336,-1.4933
0.6584777913673654,-0.5136399085099824,0.0152460639844359,0.5468310107386919,-0.710346264152281,-0.1697351253843667,-1.3592787109634488,0.340184932025484,0.3282501871498292,-0.5811
1.6879794381702553,0.131807579714278,0.2089441020573547,0.2879652101558712,-1.1062569176987922,2.0220642277500813,-1.908223565335908,1.9241936626661529,-1.4644289266165522,-1.6818
1.1287851531098774,-0.1219056911618885,,-1.4185560292233947,-0.2321822559440909,-0.3624991831556408,-0.5292960809994882,-0.6978100304717146,-0.0811221838169461,1.0462
0.2723728087397558,1.3775477514070171,1.0470295982264453,-0.0493118307251937,2.257188524296243,,1.7432714849272644,,-1.2736275331168696,0.6884
-0.8274676390603962,-0.2047444205338052,-0.2274266402748289,,-0.4821456437500713,-0.0364764177166061,0.4278420418043371,-0.2722630932913789,0.150234818953606,-0.5369
0.1909140989257685,-0.4569906278516218,0.5780008608238792,0.842467654127298,-0.1855830751243726,-0.8457954120633118,,1.409283423633287,-1.662234287739201,0.3014
-0.2626003013233283,-0.3990171816531864,-1.2736936260484029,-0.0779916128410544,-2.14187265707418,0.7727301321844602,-0.3313630677542892,-0.4845374883051903,1.1172500908833738,-1.6273
-0.3727392501696568,0.2047434180772923,0.6110250957167371,-0.7370552609420434,0.0267064855840353,1.4697112899629317,,-0.5517571386079295,0.1840262556358081,-0.1093
-1.0119003400756623,-0.0806342805816619,0.7560191275283978,0.5119892049319344,-0.6300670809674319,0.3483803898548516,1.0506752727983204,-0.2047461818481621,0.8424630562501702,N/A 
0.7909606620965868,-0.0461298489574733,-0.493258977121925,-0.6932727199892028,-1.6142964156579422,1.0523607974826388,-0.3925269803532358,0.0949581210725649,0.527910115850096,N/A 
0.2192590342405121,0.3826397422257789,1.464224334475968,0.6684986392760507,-1.0308761262411612,-0.3712257833641844,-0.6141777662283588,-0.4282110856081697,-1.8842963240665775,1.3212
-0.0616559267029677,-1.7336797278176996,-0.2300913055664272,-0.0664978677857507,1.677230438723479,0.2423025343992168,-1.3255548543322642,0.3215580005122612,0.4164532480178385,0.7859
-0.208752294878604,-0.2943867483554745,-0.7878049020806235,0.1342823376376429,0.9016391525421152,-0.066342038251449,1.0378588061994325,0.5892915471588966,-0.6071067201524257,0.5654
-0.5864046220949233,-0.7587980969501326,-1.1490698735653118,-1.0438786359362755,0.55093385607449,0.3839911821956489,-0.1988496755462515,1.130293385854482,0.4247244384074601,-0.2103
0.8898363963676504,1.112123837616448,-0.5836100550357406,-0.2661828149363447,-0.4924871849772319,-0.5953769484218276,-1.796634967464383,-1.2576619754180514,0.1114786014443709,0.7252
1.470947854210813,1.5824578376846756,-0.9430488453252992,-0.5045589740604918,0.5377481330609123,-1.4791048712446948,-1.1274185464460482,0.7242284407103066,0.1341577412309364,-0.3658
0.501726453848689,0.6587527464182238,-0.8194991803959597,-0.3954251530493523,1.284876642111384,-1.1570411316088556,,-0.4944554063461159,,0.5228
1.4204713289720976,-0.6994660767593285,0.2304491352297958,-1.103695743240989,0.28595115454846,-0.5661522021594688,0.2546704856628227,1.4056329993863417,0.2321950757459177,0.5778
1.1785839193492962,,0.9593456965225392,-0.5396020341738774,0.4361568513836324,1.888849373767648,-0.3940594958614207,0.5522067824850992,-0.3459838122158868,0.7720
-0.1565991999561091,1.3035660447683657,1.2504945303904225,,-1.591576177970134,1.192552918807012,0.2154301724108784,0.4822658169928595,-0.9043469436553118,0.9119
1.298966573158535,,0.9699439312131826,,-0.0327703176280754,-0.1827090007678278,,-0.8761001403672137,-0.9872121622565948,N/A 
-1.198834559731471,0.8885289652241362,0.4006658042833707,0.45887088111467,0.3373254882538032,1.7341735336325392,-0.7961615289265628,-1.2935771207215243,-0.3177362777777885,1.0015
-1.092214438716292,2.4263884216418408,-0.0957318643202732,0.129237230227,-0.6802455719555843,-0.0466603648804127,0.1472425093574313,0.4385741967350737,2.5566712373120666,-0.8640
-1.6863777612696955,0.8425178288334509,-0.4343448212898743,0.6203800311922736,-0.4194759193070485,0.4689028300076542,0.1015881329932303,-0.3313536661999382,1.6744198061941624,-1.5995
-1.173587392749314,0.6522564602404244,1.2737271891054234,1.2692504778777725,0.8496862822186682,-1.436420070225373,0.0589038527823793,-1.2113701660501153,0.0825913519283996,0.2670
0.2058526206857969,0.006219323138273,-0.5135263983067395,1.4019984436344022,0.9029069786289982,-1.0080785817057822,0.2026204491700012,0.9691741817106008,0.3864825121519545,N/A 
0.6115756584060064,1.6311961787813358,-0.3627682987436503,-1.225874499333818,-0.3685725198354759,-0.9712983664266294,-0.3005346790226106,-1.7587943601530855,1.6605938318354423,0.9970
,1.1721895084037266,0.5580047604606051,-1.9186518031180355,-0.6756384673318183,,-2.1194257412418374,-1.806279133272502,0.062456332760125,1.4678
-0.2993869155075253,0.3610071318067825,-0.8726585098622287,,-0.4518565344526931,1.8879327907406624,0.920606987913052,1.947744813827568,-0.4092848436946711,-0.3740
-1.7292479537810412,-1.3490993120535362,-0.4242163935637826,1.0376365716959124,0.6774937114028173,-0.0574480421261155,-2.032502357565081,0.3705308145346506,1.0391892543343648,-0.1732
0.1054922970321661,2.0521060588210416,-3.185572387563819,-1.5175314387603542,0.397035802134777,0.636024872462862,0.3029206913023226,-0.918423257457932,-0.9321398235997403,N/A 
-0.6389627058979466,0.1616966099000694,-0.7599868819310586,0.0259849074942121,0.4604884530698459,-0.2228270294414166,1.1182614464526484,0.0743869874544273,0.7497025399752761,-0.8151
0.1208918746997377,-0.1815512209935,-1.5268686489462704,-2.128355054934359,-0.8255936674158028,-0.5999742927751097,,-0.0974896982253775,1.5641194375961565,0.3420
1.5783238565382602,-0.074293797970866,0.806005758931081,0.047053008713786,0.2162067358883428,-0.3430186701758805,1.5700722308414403,,1.4855724745728502,-0.8901
-0.7862461232741546,0.969244789571078,1.3781681610970604,0.1423134137639547,-0.622376894913226,-0.5702109937208395,1.224494574189286,-1.711709462576028,-0.4400547653384668,-0.9771
1.331068418813366,0.5568571219556769,-0.0708704033267628,-1.7737570448119258,-0.1036238176873083,-0.5617747040631188,0.6185369068098387,1.0286004646085547,,-0.1788
0.7622984732047884,0.2897220032270665,,-1.149029063103406,1.2636575387168854,-0.4826813383357216,1.4928598863300788,,-1.229466561406153,1.1159
-0.5038194122422627,-0.4298036043509312,0.4414342831304306,-0.1576437516765471,0.7960344336367244,-1.7062381693304531,0.114920186081035,,-0.0315637671709907,0.3178
-0.0291798902128719,0.0818353723726911,-0.4116382142772299,0.0748071777011939,1.480683840626443,-0.006935504527674,-0.0553717138682996,-0.6719092057540852,-0.7947815465577506,0.4724
0.2066832227674317,-0.4697969018794359,-0.1294294104491785,0.0181134114023637,0.2009121645142863,-1.261287976122684,-0.2855198573940078,-0.2511232268213308,0.2995017220825238,-1.1758
0.560321216593957,-0.710876905547667,-0.6902298446166847,0.2644691867502364,-1.86926817830338,-0.9384758645939828,-2.2612865938825206,0.5238800309445546,-0.1727373649336415,1.2086
1.9042090976872712,1.3176947896243163,0.9955673230081368,0.139143885770687,0.0766161475753588,0.387801498054258,-0.2282144821040358,-1.207430406580828,-0.8927630637618656,0.3303
-0.3011914695794196,,-0.2702527992304746,-0.3705350488694739,0.6537977409447051,0.1455161949485691,0.0868084664863635,-0.1830735910498759,,-0.6278
0.6059999317315548,-2.4751266068271693,-1.060703090735523,-0.2436252036127505,0.5910183280213684,-0.5173531125658777,-0.2779813859844156,0.2916770556291547,,0.0325
0.4847289463425386,0.2369721037475285,0.6517815815695701,0.2928111363435784,-1.0653163657021458,0.5621867494141671,-0.5400711447488737,0.8177898414259844,-0.6072038995818955,0.3194
-1.1807926649941791,0.0038519113326754,-2.063294772485374,-1.107772719841361,-0.1637896749655659,0.5674632086214259,1.44600110941544,1.451089673893208,0.5745848869517629,0.5246
1.5514346814488658,-0.221756015522293,1.577172447248506,0.0602542633173119,-0.50256843290637,-1.0929011877652302,-0.0512911415357181,-0.2470442519757095,0.2757899001092678,-0.7414
-1.5758544672622092,,-0.4421917349139651,-0.3484954018981989,0.4826067319397395,0.742552491968162,1.5272605966044523,-0.66692379056275,1.0112555469786215,1.1860
-0.3667122067561473,-0.099708875231218,0.1637477333969009,2.216064445819741,1.3850318756537532,-0.075140765235705,0.0434026240736227,-0.9952056909499252,-0.3219427240722304,-0.2473
0.975004603761072,-0.4489796707818856,-0.2438371128673936,-0.7313824736685176,-0.526317070143409,0.3433013774240773,-0.0764656055813515,0.9836020388991392,-0.0576363656438019,0.9760
1.1380521969661854,-0.8006601551206506,-0.8916578272888004,-0.3493254484013414,-0.4360380175367658,,0.9460278341923364,-0.2619504102031512,1.6143690698012971,-0.2200
0.7214113673531972,-1.290760152986259,-1.0731548245215452,,-0.7377202149536087,0.0290707179971902,-0.2795214290745133,-0.3771160182910759,0.8112335448090932,0.9408
-0.6479471445414019,0.3003500099051219,-0.4853552336145321,1.604847581310216,0.6795651149055161,1.1624414599730546,0.7839028256492852,0.1950914436978486,-0.5150146254177047,-1.2205
1.640661775686239,-0.2466331386009467,-1.165071441459857,-0.3245353292193844,-1.7529198066221212,0.4624086279584117,-1.4929932616519177,-0.928099218992658,-2.1922877988002343,0.4062
-0.9513267917925048,1.3410833209923754,0.9952615337703076,-0.2916392556324415,-1.605799329267212,0.5194380068294767,0.6749089609345069,-0.3496689740643662,0.2048562610165549,-0.3573
-1.1988974383079525,-0.3041624134713809,0.4088141366489737,1.221212713075058,-0.0300462733939498,-0.9434473631104632,-1.3011455287423352,1.970859769951056,1.1415481602671833,0.4477
-0.5398790713327012,-0.36218044714224,,0.9174589375104292,-0.0259053368161861,-0.11227247119416,0.2035807973274786,0.7081600199266035,0.8422247383826557,2.3947
-0.3129268776229583,0.7560319359215476,-0.1595374041410572,-0.6208236488187505,0.4302868086743118,0.5020222730531785,1.3269962493246932,0.8305456735375257,1.1249997960669762,-0.6395
-0.629327002686559,,-0.5935014107664248,-3.42959724005546,-0.5129198159594115,1.1815827573936275,0.7210582015580871,0.1392965773842699,2.227814957803347,1.7354
-0.7610898615352711,0.6836584302057591,0.6040018049259076,0.4280666697853746,-0.4222799888979204,1.792945288758084,,0.8678435405627022,-0.7139681625586766,0.4029
-1.80145413301259,-1.1464412320716248,-0.2734473649813722,0.2415695644654324,-1.3172058445968018,0.8553677636985073,0.7855813278435313,-2.1621736286568924,0.5649014874005485,-0.0729
-0.2192657623526322,-0.4150073287307818,0.9705440948238696,-0.3814919767182452,1.896475014463464,,0.821778813699781,,1.094882476136496,0.4920
0.844096482439395,0.1464460424480431,1.4409459337771826,1.2116205450528088,0.5086194935307887,0.681003940559786,0.0190898140819961,-0.2081670474507207,1.0156398041660766,-0.9088
0.6947841103248318,0.4961045782229529,-0.6482316743335922,-0.730949659412979,1.9826878346504568,1.039242373259388,-1.0564727859372394,-0.2496343532323842,-2.365373062915,0.3485
1.5099015325311973,1.4966899154105684,1.429613968594976,-1.921050187543054,-0.5584120012925207,-0.3840629562695813,0.0999733395242526,0.1130197563102932,0.2926364516509449,-1.3102
-2.6378203891081458,0.7284282765314771,-2.354464404486398,0.2067771709639575,1.7058478729734174,1.590367564601227,0.6383775290497341,-0.0976028887446934,2.296890325287664,-0.1490
0.5401869434466933,-1.1656800566981695,-0.2349169789956657,-0.742010060255388,,2.4475229102830123,-0.3188113213094539,-0.4985846094753149,,1.1724
0.8776396158167505,-0.7956019883858558,-0.2173356902931866,0.682566917292991,-0.3406674671365373,-0.4368644962463926,0.5745366945728229,-2.2526454975714176,1.0885427690999212,0.4392
0.6458998580756573,1.1286494425526008,-0.3042015739601589,-0.6835848978906267,0.9936965317013284,-0.2616428554939001,0.0289832109806537,0.1672544989955833,0.8753090888150111,-0.1530
0.4846104753930329,-0.9157746666404324,-0.886723545831225,-0.2179452032588882,-0.1842561246500107,-0.5222590854397021,0.8850627624444474,-1.5203875555256832,0.0025780353664481,1.0776
-1.0583713543014142,0.675052396927658,-1.1663145714603296,-0.5945524707950115,-0.071803779346069,0.3404273037672342,,0.7629525424753665,-1.4958490660309327,1.4189
1.7739445059951051,0.530170694938348,-0.1241825603432866,,-0.0241268789450216,0.4683081103502263,-0.3784937948426002,-2.4156218377601366,,-1.0304
-0.216171022597359,0.1572504614515106,-2.112476607750015,-2.2672812320998146,0.7362730876540456,1.7218285859165836,0.372270630243227,0.6303385540818299,0.3974054013064611,-0.8091
2.423311015691108,0.3976978862416674,-1.338844592520937,0.2054735987303254,0.7443482836329978,,-0.0328184204495305,-0.6975298206386608,1.118607868852247,0.5468
1.2057759201195806,0.8025561652422492,1.0155751234446158,-0.3201316661262689,-0.5279659807331459,,-0.901361898535249,2.219321864260588,0.1109075816286157,0.7082
0.0430009324311466,-1.7829766723633418,1.013668760106306,1.5107936410712055,0.8402815128606171,-1.2659260168767212,0.4762101110421352,0.4112850671824514,3.693792319862693,-2.5533
0.6180076032867933,1.433024006654711,0.044725261433471,1.188841700984286,0.4277771093955332,-0.1393144292038869,-0.3442072342790766,0.9615260657455982,1.4807810350576656,0.4349
-0.9162943648512012,0.6033266976171737,-0.942926274472543,-0.1115160476483136,,-0.7996956642530882,,-0.6192867199283784,-0.4265334635628001,-1.0952
0.8951815121249949,1.7110912378588052,0.6688187995862618,1.6152614432459171,-1.5735328747020536,0.3481560001028883,-1.5644632840629458,1.8478678837115876,-0.4241504463335474,-0.8998
0.354788878970018,1.806730696974524,0.3777173545446441,-0.8533202311213519,-0.3867106761343787,,-1.8895168767899675,-0.174309322338117,-0.5588841127586072,N/A 
0.1775690591314169,-0.757071453065121,-0.6289831850958376,1.977125953398733,0.0041435431174782,1.752971775667597,0.7309598824193277,-1.962326274091166,-0.5039552337894007,0.7996
-0.6496335962687078,0.7873838351429135,0.3185717995779411,-0.5651807012062727,,1.248087140181147,0.4149802274223125,1.856131741961324,-1.6303158864778984,0.0262
0.5105393929892801,-0.6924568713564548,-0.5297907889861135,-1.4603580230898805,-1.2383929001253111,0.5125710170030431,0.9241359410862736,0.4546678729830327,-1.295967116934278,0.0178
-2.273002544699582,-0.1003917498073692,-0.9936995427090694,-0.670391654842188,1.060830520629238,0.5324227640796901,0.4456028488068273,0.684482286670837,1.4208004993432322,0.0743
0.3205788626364794,-0.954694642417838,0.4342465108874552,0.7457891717994317,1.0225510394637014,0.2650451044886589,-1.355276356445665,0.7969237279006544,0.5435202789649014,-2.1573
1.4285188447512056,-1.0777693418803451,-1.0334268574728926,,-1.3920687505571516,-0.7199779442301389,0.247866627807307,-0.455433173560116,-0.1549672775773242,-1.6144
0.7765726903662346,-1.0861947500014133,0.1183942140339888,0.6581042925426775,-0.2667877596070373,0.8066776210425394,-0.3072386544100614,-0.9683977463368906,-0.962374516398121,-0.0644
-1.46478376450626,-1.0587084820079045,-0.7928041332558332,-0.1099700938027206,-1.27117444507962,-1.6516239350017716,-1.656585875934949,0.0237835106335288,-0.3988108768865588,-0.3697
-0.1487693355088551,0.5333461145827714,-2.527523508077042,,,0.1965272114837065,0.7276722638665297,-0.2459186602281075,1.3322977490805927,-1.0685
-2.613556475881156,-0.5507615064654462,-1.4754708607017872,-0.6768661292986028,0.9044244159271898,1.5391430493849951,-0.6865459444460884,-1.879211362825008,-0.2288390665128326,-0.5573
-0.8764688525116184,0.2163540807106594,1.083920884967278,,-1.6043361962243423,1.2057981175993788,-0.4595064894625034,-1.2021767327826085,-0.4571161149687892,-0.6752
-1.054443145313846,-0.2522639860253525,1.3411231444663396,0.437783016298359,0.7613237635489817,-0.4191852287035067,-0.4053399493695608,0.8893219745932937,-0.6206568682114452,-1.3341
1.021670134039327,-0.0921215293078156,-0.3879648272553561,-1.355305607048434,-0.6296336821155636,-0.4434139840701161,1.5198881372471134,2.88332477176211,1.9060844224216,1.8608
-1.0697406807533436,-1.7462157326540846,0.4497852918304513,0.4820153322607747,0.3258306697637268,-1.804070296330516,2.3829318974118987,0.113443137604443,0.0172209051580364,-2.4942
2.519146090887414,-0.9614667691324188,0.0204465005626479,2.962224349853128,1.893682562063461,-0.4461646022042945,1.675391554506803,-0.7066562308547826,0.5720565086512609,-1.9760
-2.21889056063249,1.2649251349150876,0.906397982119216,0.7135617509345868,-0.7332191149228389,0.8461558739082781,-1.1805454340411343,-0.3378585661845278,0.4984271287922419,1.2788
1.5679949190966864,-0.0253464612008651,0.2428159156998245,0.0886360235310376,1.0622909968677368,-0.4944642634694478,0.3901990275947443,-0.9794492085098324,-0.6239772116980554,0.4826
-0.4677348296434695,-1.48486436607239,1.3961245294085722,0.544117413629718,-0.3072824955543771,1.2498856768139146,0.605382093775826,1.5577161847644665,0.1948809479900043,1.5897
1.1498209415102651,-0.7126784256576729,0.0090541570939369,-1.693439405230188,0.6385677389174569,-0.8597296446454318,-2.0411053947135787,0.7639846818130075,-0.5731125374019754,-0.5060
-0.1248482602065401,-0.3659984864879038,1.4828972277042016,0.6879703642657597,-1.699668984221105,0.2983945362555249,0.9858557878135132,-0.2797622744175216,-0.1988625441618549,-0.4300
0.4353485686951511,0.7084959257552726,1.3115463380202252,0.5684258226877246,-0.2483216762703067,0.1944134371971722,-0.1387490107850894,1.2504195784220804,1.0617278981534752,N/A 
-0.1312973959605923,0.9313387059113968,-0.5617553157313769,0.1054783192451144,0.9859657376500058,-0.5252323417600493,-0.2693988036552725,-0.3587528713995935,0.8401444478282964,1.6168
-0.4126871082827847,2.0423169263676773,-0.1579793318607043,0.2768679717276439,-2.0809653627063303,-0.0662995545757949,0.8819558412371472,-0.3018310584658061,-0.6474018210708167,-1.9392
0.2345613251712468,-0.1687827107571343,0.5296071196480335,-0.6414852199444538,1.4056833924994836,0.7623079671551414,-0.5529004031772972,0.4663804575050284,1.8668613937268368,-0.9972
0.1043337220214208,0.8696018747980816,-2.1217052589900973,-0.7251092990567201,0.1502373530177813,-0.133661343511172,-0.0671938895150412,1.0355802402683567,-0.3004159569841962,0.9675
-1.143795939059033,0.7961387694184688,0.7124292286913484,-1.1673122269923837,-0.9119668383541942,-2.6028024999825665,,1.4481722753348272,1.3262817829938718,-0.7162
1.2408274262184955,,0.0382673702379016,-0.9521700241488495,-0.0060984790409906,-0.4360465619006992,-1.2886061784248102,,-1.1369562828563744,1.0720
-1.0796973839588486,-0.5719768132877665,-0.2072794857214377,-1.0223106922773948,0.3534776138038499,1.1671683684041174,1.2551737317095717,-0.1230698285101399,-0.3909821853064035,0.9471
0.1925728391902194,-0.5768933414874488,-1.219855533800418,0.12466677507838,0.4623855507238044,-0.8914514020336421,0.4349372745933663,0.435450388511247,-1.6349441361225914,1.3978
-0.7416371879513451,-0.5634545889702032,-0.0440101029705634,-0.4893214640271615,0.5886360495552383,-1.4283475196592488,,0.1071466400202829,-1.0886577132929944,0.0320
0.447030889095206,0.3300589864844704,2.1835897384158667,2.153945541643975,-1.1277453056974265,-0.5381314727080514,0.681009648073963,0.319494517868422,0.6514829070816407,0.8425
0.650936453095006,-0.264340365448958,0.5308916705243745,0.6426165555234374,-0.3972297909487173,1.280685619910926,0.8048147962809724,0.5316639396296974,-0.202526809550162,-1.9533
-0.1873002607157225,-0.0081406057727733,2.3888622156186314,-0.0825225330463503,1.0458537198958415,0.0157798862152568,0.5909402881803392,0.8889576582991102,0.2875917835512866,0.1057
0.4995217440880644,-0.1169396581856433,0.2350756798372337,0.7426512470076783,0.7441454448750318,-0.2348287932738763,1.6427917026527938,-1.5259946623403582,-0.6333480687535599,0.6681
0.5289189302714951,0.7338203963979056,1.1098626685324184,0.0597136930339878,-0.2551870795019552,-0.5776606506722476,-0.7037179421570342,-1.7081511679746435,-0.0137433151853721,0.6077
1.4587357985032905,-0.6451409907231592,-0.5943192040655303,,0.7009527553904504,-3.318227156330577,-0.0427360587830991,0.6729595469211933,-1.2902321249301605,0.9367
0.0440416923575173,-0.0463235249361613,-1.532287405481654,-1.9781805957127443,-0.3577705327832491,0.3109628426368846,-0.3770444322820874,0.3135875125091021,,0.1045
,-0.5552253889267128,1.1991167733634058,-1.580734131513373,-0.6490798410086397,0.5428561848652707,1.4560370189592298,-0.8993590390718381,-0.1320419850428088,-0.7219
-0.0216860140816179,1.3024627647235625,-2.336966285831461,-0.0592535144295331,-0.9963251166475184,-0.9909367280864894,0.2491038611558114,-1.7361811400688054,,1.1124
0.6572937730009387,-1.1488804658353529,0.1339790401161014,-1.5408216384690367,0.1536819174515604,,-0.1377318103084636,-1.274146982056861,-0.865765686666089,-0.4232
-0.2047965424653739,0.9577429851219056,-0.4586811366363661,1.6650817131797662,-1.6270466914210506,-0.0444923067642193,0.9640093045314064,-0.0292787922995408,,1.2338
-1.3301620786577848,1.233888751764319,-0.4619461820088782,-1.0699584329826768,-0.2023081815218376,-0.1316431841268188,-0.2203179316026563,1.4569768285785576,-0.497579887716137,N/A 
-0.4595602999582758,-2.28419608841362,0.1424455083108857,-0.4834559726791905,-0.6581672972288954,0.5563666088617273,-0.4586482074653435,0.5637879688885943,-2.0337938042100947,-0.2120
,0.5463210862971495,1.4040285747800805,0.1454041840565251,0.1180037156859414,-0.5111522769391043,1.533240588760728,0.7013819641565845,-2.424474362631588,-0.1980
-0.6429325661098844,-0.7919621718520194,-0.0137226110755526,-0.4830280116478886,0.8481749493964961,0.7274120801701067,,,-1.468373767901469,0.5663
0.1323778463900728,-0.0974997923799423,1.8729893657636287,1.054032920352721,,0.3025811984726601,-0.2625452777088023,-0.2095662080164677,,1.0200
-0.5048369653920691,0.7933829314625801,0.8519611904744188,-1.4100812109493572,0.429904867358816,-1.3056401824727784,0.4992134510550213,0.9587721999226232,0.1061197529156966,-0.8371
-0.7542701188346163,0.3392331979310614,-0.3007273294972823,0.5172483620831126,1.313024452166074,-0.4491105291339926,,0.2713921953710975,-2.9897568664978578,-0.8451
0.9341421326028664,2.722521654761151,0.828769182439826,0.2811444681693599,-0.3283806808679531,,-0.2216840348735376,0.3298723708486298,0.1084882817728093,-1.2443
1.1993225213328065,-0.5941150311517158,0.5877898185422398,0.4102110608731891,-0.1108185164714164,-1.2573716827010717,0.8435131525063817,-0.0024193761065329,-1.2361262317009123,2.2708
-0.7880488115606792,-0.9499920396894802,-0.1169570899674167,-1.2629543166367752,-1.745505605967722,0.1899593573598012,0.5460225080445475,0.6415632227156685,0.8752346624234885,0.4284
-0.9994988343203356,0.7383813184539626,-0.5082286558739909,1.2589286144048042,-1.3770773691130815,-0.2751599447336298,-1.0551299060288684,-1.5300621596983328,-1.1243413975889558,1.0860
-0.1028973698095462,-0.8259700241413587,1.4435501271240687,-0.2275900792318233,-1.481854233628163,,0.0235897933157148,-0.6183635639683024,0.9302269175702632,-0.6430
-0.1230726707576493,0.7375672060266206,-0.1922349547341221,-0.9738791671037124,-0.9720068556654056,1.7982937271792043,-0.0279244849275111,-1.0957488070686292,-3.6115757370302943,0.4662
-0.367430890492597,0.8963938223209709,1.1393149630220378,-0.7524319163256616,-0.0766000871034895,-0.2600079111356899,-1.639448532021471,-0.0601017860409427,-0.9669582349095152,2.3839
0.0567774880502289,-0.1134801413272868,-0.0067217090020781,,0.1557051491670217,-1.6775584426661028,0.3046515240733848,-1.8730666883960605,1.598228332723871,-1.5084
0.4784644957993508,-1.1833110277146823,0.8220905779609728,1.4278717733996926,0.4223118924475916,1.076296880123054,-0.2961359513217704,0.8491094120780059,0.1355702874440905,1.1456
-0.4111739764916715,1.3548537642426393,0.4625988230350031,0.3583509285052677,0.0353004782130702,,0.5259071701246888,0.1238131363650598,1.2099788576600388,1.4024
,-1.0896205985135785,1.1771087473630824,0.6737197984400813,0.930628341654592,1.1143602468880092,1.2300953799505556,-0.2458636955478155,-0.5374585365543697,2.1830
-0.928836888816014,1.7389850590039622,-0.7694638837718532,0.0065182050261474,-1.698280479942058,1.2240760344743196,-0.0900772498837708,0.9439436723215736,2.925324248883153,1.7345
0.2393827711684591,-1.0102668601496323,2.544005009487818,0.4349526854536295,0.7963478208804611,1.8861486014823168,-1.152688850659439,-0.6218244037510086,-0.2025763506043101,0.4662
-0.2562479699576,-1.2401321329452897,0.1585330415970447,,-1.252452632520079,-1.0263983394969023,-0.147846026288826,1.2420365590236897,0.0504956816101191,0.9048
-0.2466701607603613,-0.678404132235074,0.9290861370717324,-0.3552155824835923,1.0679426084323134,-0.659384556606003,,0.7587060661966184,0.4850713114117753,0.7812
0.0510138781547117,0.4380315537619876,0.1604250840778986,-0.6908518857798148,-0.079486306606087,0.458376266066665,-0.2911388325044504,0.7376734732027717,1.1004851303688077,0.1897
1.2942304154029785,-0.7982382465902835,-1.7642044330639703,1.4810594333860208,-1.4392382437914857,-0.2505408997125463,-0.0939638571203606,0.0141236910628675,,1.7651
-1.8426144755202447,-1.491813895536514,-0.1667133450326089,-0.9799864774416795,-0.346329708684846,0.7439808490438838,-1.615235242653073,,-0.3339481436547839,0.1395
0.1324271583340235,,-0.5329749285175615,-0.3078876402862405,0.7250164926458419,0.5488929092596909,0.4014429871520153,-0.412993698639425,,-0.9813
0.2286248220155164,1.094262024675428,-0.7496718724782965,-3.095508872135851,0.7935771568953794,-0.3409764510218201,0.4071080044151394,-0.6966709130186541,0.303342674006617,-1.2952
2.319702657438924,-2.0270793147926764,0.8002288706911158,-0.2949655664721697,2.334695615169149,1.0505379273338773,0.3921751252698424,-0.1411542352890881,2.195611964588302,N/A 
-1.5946884938351582,-0.4313414536669644,1.9978375884092248,-1.7582686250780029,1.0883085924950535,-0.950113589405798,-0.1781610544108905,1.2121716923620878,-1.5995128384127917,2.3627
2.00689842121439,-0.9191690852397266,-1.166343123016386,0.6647030250587157,0.9485321986313808,-1.970147786335818,-1.1817111118428942,-0.7056861171919092,-0.0853591975368641,-1.7750
1.1788283574522185,0.4197464260229744,-0.5204839216399221,1.1025711648748786,-1.5177878011932395,-1.955606680511784,,0.5657684727490055,-0.1167701761585842,2.6606
-0.8484541334116301,-0.4436034664735316,1.0228754451435458,0.489365314150314,0.8993958207130153,0.2011570040522802,,1.0063512881843264,,1.7143
0.9292700942307254,,-1.1603087431574384,,1.0765564850887068,-1.635521111540754,0.0977940342751658,-2.735131063358429,-1.2443376213166044,-1.6615
0.9222072437014354,0.2169486417922031,0.3538796295324465,0.2261235378350465,-0.9428315202665468,-0.4621974073462745,0.5032093373487192,-1.792190479621098,-1.7322116283436506,0.0131
-1.4711595131751325,1.074533359062188,-1.7788406029921542,-0.4690110458488715,-0.5681117031674248,0.2951073630707245,1.277383311240596,-1.207592759383723,0.1041449815310825,-0.8109
0.5238116024716111,-1.0284924226047727,-0.900744180581972,1.2567922152882662,0.857315194275623,0.596984151066751,-3.057499963198689,-0.1020817251454554,0.9343571727766818,-0.6240
0.4899140901218206,-0.5221508196757925,0.1130758182000549,0.2116706509799729,-2.4569390912299545,1.0169770921419217,1.1198595370312483,,,1.6003
-0.0239084586003188,0.087766115715292,0.2006604826166251,-0.525924228838628,-0.6407244165714606,0.3102795840683217,1.007777689267077,0.0718701893173698,0.0636965621111279,N/A 
,0.0297794838667651,-1.458654166354624,-0.5764806402736782,0.182483783104593,0.5617673844883387,-0.2189943770399676,-0.5181918680241759,-0.5524436300886602,-0.0900
0.770728904827199,0.6031475909276616,-0.4015543322468967,-0.1565731360589227,0.6045725976160493,0.7133425717031181,0.5667542138906647,,-2.335410366543637,-0.0048
0.5844186230584533,0.1692939520288633,-0.4828330453634522,1.2890249236175422,-0.009149821042062,-0.3098023495698825,-0.7774627064735867,-0.0823994041406193,0.7559490216869968,N/A 
-1.8210608480720345,-0.8059036719115379,0.2550586444282361,-1.8509663849584808,-0.4398976831456174,-0.0657755322762595,0.2353303902354783,-0.2292963483690228,1.4359315796771253,0.9626
0.5545768488208039,-0.2167416833549914,0.1722996646963518,0.9755025105671818,-0.3055041606623143,0.0096215386030091,-0.1052605145208543,1.7276614683591014,,1.9371
0.4119262905340934,-1.7788331597557503,-0.2566159670668439,,-1.375782919042147,0.030407754931568,-1.3408823035916129,-0.8641868040202036,-0.6941556104197939,1.0400
1.506891812407559,0.120363042431166,-1.3115504819856787,0.1218983417879606,0.0822949242485526,0.7710836199101261,-0.0822757258256089,0.9331299629500674,-0.2312098996839987,0.3619
0.3943877519520761,0.882574992521692,-1.0094978160569956,1.0238491334216724,0.1028463588294478,0.5523819991667094,-0.7590528797532089,-0.8335413434500598,-1.717111442620867,1.0503
-0.1589143904217867,0.089947038146134,-0.8086082647763553,0.1579404164741197,1.0494607456211753,0.6801848301420742,,-0.662789092142977,0.6529074854963764,0.6760
-0.4485843306737967,0.1857146153953193,0.9389242141094474,-0.3276852259819645,0.4292050003361605,0.7026502026763342,0.4327294918375025,-0.7058656815478587,0.3467789260664802,-1.4063
-0.1300313022396791,-0.830204131604838,1.5072854983180524,0.5198932004726686,0.7790041163407526,-0.5659982890823475,-0.2407482379163676,-0.753750841647004,0.0980679834638034,0.6599
-0.7213832500807305,-0.0517153265161004,0.0245141024823093,0.0023287998169553,1.26731571070716,0.99082706107037,1.2501683269234052,1.296309524604444,1.2271969140001473,-0.2419
-0.6692611432949668,1.7115951530835245,0.5250396201538493,0.0824652054668867,1.938253526491304,-1.7010142034962594,-0.0743999278411496,-2.1003429674178498,-2.0649466057675245,-0.5712
-0.7435382275474385,0.5625279271430466,2.025011700690121,-1.1613835455109809,1.408863368764384,-0.5763736743529144,0.9227223806668986,0.5752558784627845,-0.7693492207258577,0.9983
0.3688721566520914,2.3018926255966785,0.4503650874743141,-0.8307452988597367,-1.7662910435529822,0.6022348572171393,1.9721569070235625,2.0837227223521637,-0.8441151396245088,-0.4234
-2.1485782629654686,-0.0806121139726206,-0.0908280698438199,-0.1172293633041839,0.3768747477057605,0.4433515372451463,0.9299610243597776,1.132687112163924,1.2228198749004946,1.9662
-0.8320697586683937,1.0213174895173764,-0.1352058571166724,-0.7891042023169113,-1.6367605007049464,0.818498499304605,,-0.3822677283504394,0.7213352412499596,0.3847
0.1013811159151453,0.688665889341636,-1.0566778894873023,0.8451114515978813,-0.2576759358615458,1.3695865779331216,-0.3103638292287319,0.5953798049764749,0.7753476505207151,-0.8848
-0.7488527955291793,0.6667937624464519,1.411538896431212,-0.6312113081169055,,-0.1445002084295129,2.171258822400734,,0.0221022805920757,0.5625
-2.11730426014594,0.3197617047629827,0.6152367179338877,,0.2152257722339423,0.9564321947939702,-1.2618899764949676,0.3388732471566484,1.3771450900463442,N/A 
1.852141920713194,0.2246112867295923,1.5958163973337167,1.3418267008570035,-1.3914950021944277,1.265876164748616,0.6741132221816114,0.5893703637113035,0.3783694755651045,0.1963
1.9201376199802576,-1.017181544227609,0.189307067346906,,-0.3506152215422878,-1.1345043815734526,-0.1096345590691157,-0.0451265942341943,-1.1811949165896438,-0.0921
0.3870744393205685,-0.1370973759466518,1.7184206199789602,-0.0262432727431493,-0.6171356232589389,-1.1669567949879975,-0.7392065736582303,-1.1457757726269306,1.0384614666551908,0.2925
-0.945263370517451,1.9922771607547596,-0.5819902538296742,0.493516091834587,-1.4215772954258077,-0.4693627112077613,-0.3589446353809307,0.2265811889149707,-0.2174400165577852,1.2359
-0.7916136858415462,0.8334087190401209,-0.0547497666836129,1.2749940759386418,0.4568403914978026,0.4917859718305346,1.3465950265080595,-0.2089773610946483,-0.0369535442203938,0.7206
1.2848248984634545,-1.1194905864732307,-0.2976542075201186,0.3102449266024319,-0.829592551534451,-1.4167342774217484,-1.1159665066651243,1.5639742286565868,-1.3036251122301976,N/A 
-0.3739383123432534,-0.3479089391602996,,0.0816922928229248,0.8637240925498144,,0.2088284431382931,1.0988740564208888,-1.0998155375179506,-0.5040
0.7754618071219912,-0.4720038342951135,1.2891653185341518,0.3458693553608388,-1.8970957317356067,1.199587122592224,0.0415180681630841,-0.8858485973943278,-0.2133833143895271,-2.1472
,-1.3539251377478358,0.4939253834904679,1.4190833664238145,0.3313394775639128,0.8267609265056318,-1.217356706386074,1.5742678925692282,-0.1523818422369907,-0.9520
-1.309741500974113,1.4453552804991174,0.1519486082977756,1.0895851366053462,-0.8996108095744384,0.3759689947354946,0.0362176538594404,-1.037568711520194,-1.0170091843429654,-0.1611
0.4408304205739122,0.8878967723485833,0.4140092471340668,-1.1791745330108088,1.6555252605791368,-1.1307695696225697,,-0.9860917271806168,,-0.2306
0.7844774455946474,-0.4959155804148949,-0.6170084705849839,0.4407585730676223,-0.2748288151785398,-1.063865710430828,-0.5623925153661294,0.0795896993381226,0.3051330982107778,-0.6002
0.3071547101371636,-0.0456309679936594,1.4917714117942809,-1.1669179567608916,1.1530352505447587,0.6360404905198904,,0.9570950720185694,,0.4127
-2.2952536858481354,0.6093702322090143,0.191578597575055,0.7971762763064911,-1.2627959997030556,0.4146530890246004,0.0771106349981322,-1.385280632986711,1.140399200701255,-0.8433
0.1923036728639965,-1.4572588782332712,-0.4858331784414235,0.8475762794004744,-1.604525013949321,0.1456111118887463,-0.1832401139706949,2.1569399453474194,-1.6520330269257073,-0.3832
-0.9041600950598362,-0.7799528955690562,1.037718427775797,-0.1699227585274337,0.9084014299244364,0.0355221350189676,-0.9260381037171868,0.153958657749994,-0.769387795475482,-1.2692
-0.821849375671431,0.0603799404213441,0.5318216887523123,0.1894736965588681,2.2080066838032564,1.9395791401644056,-1.7264976122295648,1.2555814895972928,0.1071060502679284,-0.9883
1.841035782527004,1.265796491773936,-0.5015212999368156,0.556586564551884,0.1305551505715725,0.8312071613243291,0.0739832840678016,-0.5180758125489043,-0.6137317832137881,-1.2430
0.2757824229883798,0.8726301654129052,-0.5128751923514103,2.6625774738311048,0.5706934550173092,,-0.0244285389866075,-0.3892815421193124,0.6485294150417128,1.3085
1.2776938057862048,-0.6428647131265842,-0.7932911137864261,2.1309814295970533,-0.7723184344615032,0.4863676478476623,-1.2249142867791971,-0.1879074785731454,-1.1242172917523847,0.7319
-1.1751935685311323,0.4229270760207427,0.6961247092322214,0.4149959891771927,-0.9041638570607652,-2.0022634616147434,-0.5008893126051722,1.161519138459096,-0.7756404653724925,0.1930
0.1264434405353244,-0.1130811801645996,-0.912441940633706,1.1483937004032307,,1.0487783396005437,-1.6826163293237586,,,-0.1404
-0.740506364247235,1.2019659093424806,-0.0401264863130227,-0.6322915631621673,-1.3091446715759472,1.3819214809956957,-0.7391951490348326,1.7581209003517009,-1.4908219236702562,-1.1714
-1.7761986615773755,1.4394032470975835,-0.2709834471837442,0.1907134478305754,0.6365730987347087,-0.2102904482110024,0.1797013102741631,0.6624671814353011,-0.3352862255450079,-0.8868
-0.3411534468775462,0.2242331900917762,1.02385989396939,,-0.2225906726236017,1.157698134201619,-0.057093422216309,0.2182288052825212,-0.3100850272287681,-0.3170
-0.4283703971554128,0.14357842841717,0.1417355717920707,-0.5102479870894605,-1.8704669603325628,0.3778111822094876,-0.116969929523188,0.4050005063961778,-0.1796635804122296,0.9446
-1.0899189629909607,1.4501519733519348,0.197894868431878,-0.0882790605962018,-1.7532971145370984,-0.0320705865864274,-0.059957794099241,-0.6507882366864383,1.4119461378573257,1.4101
-0.2035674081090903,0.0835262939821575,1.256453096751985,-0.8213529382714457,-0.5161105204531833,-1.61927457010713,-0.9508541850543528,-0.2306845455961611,0.7847208513793513,-2.4008
-0.063833407817651,1.803013818728632,0.6759350326133314,,-1.2949085685215258,1.0080485858200123,1.270656646192748,-0.4717854046985411,-0.4194928943013687,-1.5764
-0.0487984118471177,-0.5787047224943703,-0.3513072431797245,-0.4036087599332819,-0.4179808889704234,1.296994236605738,-0.4510745277842718,1.7566262861457744,-0.2534897182571342,0.8316
0.2798181866610189,1.072776641407624,-0.1956645335911812,1.0438567792705091,0.9824065177247064,-0.7963627658118805,-1.0978280853447464,0.8263404581804983,0.0004231128732604,-0.2110
0.8923008513413797,0.5790382706250748,0.1040301938305574,1.064516056379304,-1.3167493280938998,1.1766370075103934,0.570043696902536,-0.3393517498165613,0.933301498032358,0.4411
-0.2807799345969747,-0.3619661096064524,-1.0193248035882934,,0.9540922012773236,-0.4648726811869393,-1.3432325113626744,1.2364550755793882,0.3974812372920467,0.5886
-0.3343341479883313,0.3958659798735606,0.7957147354527406,1.0940326207800033,1.8010624136444573,-0.9904938419693764,-0.7469631054600456,1.824601729247556,2.481326545803776,0.2159
-0.8048557283275712,0.1584877885802093,-1.457484963303584,,-0.7475705089487745,-0.639465820978091,0.06727008268811,0.7962222007396493,0.2137755530104536,-0.7604
-1.5947624783695706,0.9311200680613592,-1.03162599340325,-0.0467960774177796,0.1843213201944408,,-0.2047310185884346,0.8070062393299755,-1.4922217390816872,0.5593
-0.5106720984509725,,0.1710331498651138,1.9136199214763707,1.739994571714548,0.7442439252275033,-0.6547407970309513,1.293515070593093,-0.1200389374941636,0.0065
0.6583381278911821,1.6868326040628538,-1.1225747470977558,-0.6789130556248886,1.508879626253995,0.2082826639212788,0.1749970742249996,-1.7346090645308727,0.0979142723861652,0.5061
-1.0438907543276372,-1.752679264330752,-0.0253628410169028,0.1974087893080728,2.0892537945419503,0.6945752806420161,-0.3931752104672275,0.9753000963914312,-0.079391282403081,0.8190
-0.4564083442587153,-3.2972159386678115,0.0876866825180651,0.5838895964999682,0.9803145178482724,-1.0366141032296967,-0.1060934878758796,0.0105763331038685,0.1239612160480935,-0.5804
-0.7289453434982508,0.6167059111125581,,-2.1700030535581165,-1.855585256133765,-0.2573091613735821,0.6125915680739346,1.0842282256037372,0.738624524860483,-0.0824
0.0255375076364874,0.6964878756450814,0.774663085212816,1.6871922058737772,-1.6556195982092907,-0.4694921186710618,-0.39688707717532,-0.4812254762962616,-1.9346574300463404,-2.9833
0.0320771980640709,-1.4045856580810483,-1.1859248876680433,,0.0526710753316963,1.9519233345800784,1.2571494971960748,-0.4391431223548838,0.0721762656398625,0.4180
-0.0827300074152488,-1.4528170749143576,0.0514268732249159,0.5865932093342345,-0.9139512845344776,,-0.1490016793441935,0.6136516732454959,0.2009188219868651,-1.4083
0.5341229042196272,-0.9404468800092944,0.3464351189842749,-1.084610414110477,-1.815387272268473,0.2336540654781334,1.172798219170809,0.0356557531761617,-0.2353285002446907,-0.2401
-0.0438939536939158,0.1663867494627661,0.6331200573529645,,-0.3088148001613838,0.0493666651278451,-2.691066670768425,-0.7348705252248029,0.3939562164016493,-1.1035
0.1914608657055264,,-0.6772905579626951,-0.5312904359057118,1.549725628291469,0.5284753038739615,-0.3046985201807565,0.9435917936413056,-0.2858103727607963,-0.7449
-0.0595040243066061,0.1750498490547472,0.0519083132089851,,0.6629577274150891,-0.882746801432356,-1.3034659962480613,0.8141228325442215,-1.526284658714237,-0.3476
1.3810800518716644,-0.442529865894465,1.0742460874214177,0.5076459180058616,1.9917012072024924,-0.2043249096157803,-1.2135637913437618,1.3783516879637427,-1.681577252389754,0.1043
-0.6201550569829063,0.2835596616616738,,2.2925833583628,,-1.1392110495732928,-3.0004502671494824,-1.5279877606541277,-0.2629283852899106,-0.0916
-2.8984133438748154,0.1678564884253935,0.9908909189629552,2.098221093648458,0.5191533494213845,1.2906870559417096,-0.7437554476576929,-0.4250732660202928,-1.190317696730285,-1.7109
1.1865727126893943,1.120602300010655,-0.4190491128452728,-1.545931787309366,0.0840683818071469,0.0963513201624796,-0.0834265141136145,0.8871977670884511,0.1643556008286786,-0.2253
0.3651396987089084,-0.6370187598432124,1.329774128233382,-0.2059764395594547,0.5494592840141794,-2.518664605001634,-0.2957580534897844,-0.5927161569694797,-0.4230651885502108,0.7898
-1.4388915592340152,1.3506391754449565,2.002313674973889,-1.202162068148498,-0.2042960793019924,0.856961571427244,0.7141906688729928,-1.5590872981873696,-1.593027228310169,1.4349
-0.4638804424363397,-0.2592544917562116,-0.6427626781225938,-0.4196019266255099,1.1341288203049749,0.9535330018420614,1.0692868605439647,1.5306019948803116,0.2044418397765682,0.4947
-0.3878048890042075,0.8499173495521724,-0.4446797147882493,0.7575872540493156,-0.8059278348798244,-0.8060701609123464,-0.984642548812907,-0.6877356030438643,-1.330888576156869,-0.0923
-0.874226311688529,,0.1708933514817055,0.2740636605167648,1.2765189616764254,1.173459574863048,0.9984009830579322,0.4424071354118776,0.9175639583322504,-1.6038
0.2126921530909863,-0.4392994214165941,2.960463247952666,0.5758776151735701,0.942951075127465,0.4420068852186251,0.3698386079549561,0.903930458600668,-0.7219446083046969,1.3918
-0.0511666129414797,-0.7045958320951202,-0.9542672997224906,-2.239576203640815,,0.5811490734070182,0.8014891796926501,-1.5564865710475428,-0.2420207875446528,2.3468
-0.9404407098042914,-0.5750041132552742,-2.2935279026975945,-1.3553930207060754,0.6523494157670088,-2.245194005835654,1.530714667881166,1.8330388489684517,,0.5258
-0.1885702936468579,1.2265043038180283,1.5501000146840431,-0.8220407216854569,-0.4585608570792646,,-0.1914031839440504,-0.4194056646310829,-0.0656417748591551,-0.2389
0.9891346761824864,,-1.1985680087851946,0.6364256056360235,0.469089055572411,-0.5420066636654152,-0.4701239871671894,0.8836887627828481,-0.3155810499149491,N/A 
0.0575172181056091,-0.7312256751230471,-0.0312780892433567,-1.0278640237048735,0.49374750013727,0.1922551415008533,2.842495290406898,0.6809014236548806,0.2723360146933246,1.4758
-0.5155951433308493,,0.1316422878572759,0.498799530935813,,,-0.2677621508147296,0.5099380875701894,,1.8188
-1.591844327668383,-0.1744061471563736,-0.8494247303945989,0.0631201865274585,1.1925511730340337,0.8762035147518301,-0.5746505460622361,0.0130787362834702,-0.7033014442506572,1.6955
-0.7276433122980587,1.1086817386374612,-0.9000636740191438,-2.090358092020115,1.4527583116625318,0.0093996408342043,-2.132431938279641,1.133470399564394,,-2.0039
0.0099368883805197,-1.6402744830554168,-0.1534369621230949,-1.2713346260915106,0.0132175058625933,1.4362536592006911,0.1240700982351151,1.3044606554903482,-0.8015075550885911,-1.0026
1.1144493686869872,-0.3955383248067457,-0.0876107236843378,1.3490278521692014,1.1253826680997574,0.4538018618939241,-0.0944245412628335,-0.5465622923075198,2.244246561451728,1.0295
-1.0553856848063652,0.3499393851987731,0.5097576652992387,0.0594737362828919,-1.68271734964075,-0.4439290476929668,0.4366294736113943,-0.2188076720169413,0.8656504227116842,0.8195
0.0514277303298559,1.4488692462042554,-0.4449925084448402,-2.068415491872812,-0.6276681777334373,-0.367651994514437,-0.7949491400970139,-0.5015608076965882,-0.1020555381199682,0.2053
-0.1204384328005605,,1.6646048590332407,1.3307873185574517,-2.746761260906106,1.2043043068345478,0.022943113896162,1.7245151223399742,-0.1242965425447695,-1.5365
,1.1819497605617473,-0.6051516901790654,2.7029335208520884,-0.8909273525013313,0.0243150110343662,1.7380894451444442,0.0531217708162904,-0.9354023296879528,-0.6609
0.3937976396502438,-0.8551418780909672,0.8461843155260668,,2.2893849858595567,-2.078825440519468,-0.4497753128816137,-0.6968449874893423,0.1482847863944095,-0.3267
-0.4543268214630831,0.2647120111039849,-0.4562151720414417,-0.4088006749336455,0.5641571227606658,1.2084386444180346,,-0.2530370704234433,1.1318921848979224,1.2333
-0.3064602144245616,0.1884452072679804,-0.0316189333137511,-0.0432068175723062,0.4928083650658588,0.969856696493666,-0.7472274645207458,-1.828532809455172,0.3170430921827002,0.4833
0.7269732370770423,-0.6612701813240853,-0.2262579027001538,0.5332388152031471,0.3394635946550365,-0.5692885506147265,,-0.4172057459639581,0.7358085235960892,-1.3515
-0.0153782716485561,0.8056368355685244,0.5351852301900715,0.0380859779780971,-0.1271354298857804,1.8605646932493272,-2.069160165676211,0.6528351176220419,-0.2757507206777365,-0.0152
-1.0286579808335752,0.01587538548208,0.0113736316359608,0.3623060363033674,-0.8501423493927683,1.4680941586008622,-0.3150896958547259,0.1598850839628071,-1.481453395115939,0.4477
0.4082426944764528,1.2270642802251706,0.1258067194752452,1.248576345943055,0.3536018243214605,1.933275071050556,,-0.2972601644178704,0.9001525490900548,0.5809
0.5271246651981618,0.07590884703848,0.7201823229289113,1.1690576644957096,0.4487873544728911,-0.0390196096059738,-0.706666022936642,-0.0481373360106336,2.5862095234150964,0.0263
-0.2592036806596366,0.9379261940984192,1.3932295642701862,-1.940452498431467,0.0136749303421016,0.0087823994343839,0.8297517234701498,-0.2895396587193682,-0.28481320880034,-0.6190
-0.2100271301714439,,-1.2499055101140182,1.91545280331106,-0.156752368650033,-0.8831107601873699,,0.6187177582219464,-1.2559385013282414,0.1660
,,0.059065570600439,-0.3093336619331793,0.8177083097633618,0.4199799142971019,-0.7672041915027938,1.2853095082623145,-0.2185455224430915,3.2263
,0.6611088767344994,1.4653935262516982,,-1.256553995383304,-1.0588604356850804,0.2955999690192369,0.8833831689611084,0.2636745631157911,-0.5253
0.4937573854042422,0.227027875980635,-0.2341846689918345,0.4831589561631387,-0.7020650093269591,0.3803770442067195,,2.886684253210243,-0.8529686199205528,-0.1498
0.3008691563778943,1.11964369011864,0.2026981903389712,-0.7292345673294042,-0.8723823719665085,1.848780589534193,,-0.1637314536141725,0.6258905709185447,1.4158
-0.601834568749178,1.242461726274891,0.3725662865347316,-0.375440730259003,-0.3843441716368452,0.8200935790726064,-0.2737290852636919,0.8623370859821617,-0.2196399979895014,0.3868
-0.0135256235888879,-0.6855881142401993,1.1564525433994834,-1.258791339604786,-1.398479946540463,-0.7518779142281226,-0.9723229044452272,0.3927016460194678,-0.3489248615636651,-0.0267
0.9045270267673744,1.518791722446803,-1.1482849102075228,0.3008650091683533,0.3281101532695354,1.2617913791049962,1.5119815748541776,0.0419656451929213,0.3755107908197473,-0.3308
-0.1394199613746662,0.2519878040898364,-0.1423335882393974,0.5315612397864866,1.513252226094956,0.2454289832401483,0.683407260572395,1.1755075428263666,1.1837890142815162,-1.2151
-0.465283089995074,2.125678928079978,-0.0940681693258233,-1.0023660768487102,1.75414657094002,-0.0209543753148739,0.2102145605050751,0.4734229591489187,0.26358489087976,1.2640
1.08065639976563,0.4800883475263214,1.810800559951813,0.3737303128150167,0.5530119037269912,0.1902696576328859,,0.1765121731304406,-0.7659253559643666,0.6556
,-1.888952140551004,-0.4312345443914763,-0.1242468968754795,-0.1527842858811944,0.2101805171530644,-0.0860930290963472,0.3592283301112702,-0.208622822081232,0.4765
0.9887451987218692,-0.9611707840881196,0.5905109522653662,-1.3080171846136797,0.6265032380542491,-0.8727550829928422,-0.6288347785435181,-0.5255558980204937,-0.7115678331437965,-0.3214
-0.353024431417573,0.7449033826984468,1.688557167736642,0.2680763888512033,0.2314717421632945,0.8748396922114581,-1.515060197838213,-0.763381522362365,-1.4161325270740968,-0.5381
0.4278860088973824,-2.5981835328614467,0.7477704172015557,-0.415677331508592,-1.0271628121984555,-0.3362899685463706,1.5868290045110724,-1.0392153319427788,-0.5206147822814444,0.3850
0.2432182332076106,0.446732898777798,-0.6999903339972637,0.4341502534046427,-2.152646958730524,0.0412533351946849,0.1873206926229302,0.4180688590892042,-0.969709857093465,-2.2103
-1.7761424726434345,-0.2107839548705493,1.4430132906455602,-0.335867645783875,-1.431102432888022,0.9349692776895092,-0.7533578782288706,-0.7970072811630032,-1.2640022393759045,-0.0710
1.3372449654602894,-0.538451260117264,0.5399852227928678,,0.1905188253696627,-2.841659045243644,1.5888328631215642,0.5927381597065948,1.6341859479155525,-0.0228
1.1456044473450224,-1.018948140932954,2.485379700425056,1.4549159007213384,1.8989296275930347,-0.4182038588445887,-0.21685267873447,0.7950160451457208,-0.0121520213831004,1.1107
0.305469266637758,-1.0850273656778062,0.8793939199035999,-0.277002196712148,0.2140463002514967,-1.5606842220033967,-0.3625178049788625,-0.5896120509956182,-1.5746016347312453,0.7169
0.6934162957970785,-0.2595571702652372,1.2358309777776646,0.6353035360511959,-0.620420466253301,-0.5343597522947302,-1.2465918206257391,0.8918266706429739,-1.577984013146691,-1.3845
-0.9240409937540506,0.5486065208770566,-0.995969877887023,,-2.8247964010301385,1.6016728664065596,-0.4763043440617677,-0.581304803417064,-0.8325601442392613,N/A 
-1.187495331026,-0.3967607577853701,1.1070886957761692,0.6204834511874442,0.7183882945492632,1.3376574612266925,0.5587051649118413,,-1.2636749144582378,-0.1141
0.6823240091393422,-0.6811301075200938,-1.4583467341522596,-0.0200131654561866,-0.118750148140455,-0.176321575282517,0.169988091804821,0.3855831297154406,0.6401794204240532,0.0561
-1.30301851905757,1.046748006796543,0.5787676474713905,-0.9858411917015412,-0.8476614450974412,1.3521774589818747,-1.339146662791552,0.409990094677908,1.241699113889046,1.9048
-0.9558504545079656,1.1098609710705518,1.1137515296657905,-0.2694128057685874,0.1771273081188107,-1.489805547748413,0.00599333573428,-0.5412730762058982,0.6820376569433443,-0.0249
0.8264674770387916,1.512628290175749,0.3415047469829104,,,-0.6646325020780413,0.9723241635559972,1.3024373958644129,-1.074199696811586,-1.6697
0.481470325172642,0.9772326619796792,0.3977512162151022,-0.2241568118226264,-0.5382684168224453,-1.151031067188114,-2.334891573819576,-1.523909637422766,-0.6077573535839709,1.1873
0.7020577012264597,-0.3126420538124623,1.7717548019868523,2.1319964739230044,0.2459144567217006,-0.0709520943503712,0.5177957670660267,-0.578225058534446,0.7729222349316519,-1.8829
0.4608884523988659,-0.5149099224712518,-0.0565207230825905,-0.7913907709674438,1.2181488503510474,0.2741727807601068,,0.6623740117246331,-2.2951033289626235,-0.3331
2.4081831003573884,-0.9184755321986584,-1.067189325869244,-0.6666704269467308,0.0543000304962407,-0.1579788472638148,-0.3104290238702378,-0.5412494601910172,,-0.5955
-0.191818376022112,1.3048599620048833,0.777464876292572,-0.9314591054719416,-0.1034068845583806,0.8902455375903182,-1.13670471092836,1.2155035213150365,2.128097282257269,-1.8042
0.0686039349638689,1.3197023949347797,0.9625302382675802,-1.8331631762908749,-0.1392363181196219,,-2.456483120621635,-2.1361081840377696,-0.6431167354548946,-0.7994
-1.9311386568409803,0.1930824083783327,0.7759040754346589,1.242315686568067,-1.7035509772125246,-0.9638997390909518,0.9130609149571112,-0.1377189656973829,1.5335571298793114,-0.4232
1.6594392613391524,1.4884373054963382,0.537503214425092,0.7701026903002742,0.0752042792158828,1.1482177034816383,-2.3384321837175093,-1.0518178216368488,0.1696738344360451,-0.3379
-0.8391346398563606,-0.7361700788541927,1.6797652981606015,1.9393287888579709,0.6002560507847796,0.5166850142626424,-0.7923569582191081,0.8130656271411136,0.0524128935170352,-0.6678
-0.6838865862346136,,-1.6670677752017342,-0.2450409452898524,0.4824096156000459,0.3819636222495598,-0.3877271874689803,-0.8066766191891164,-1.6605495949956377,0.7801
-0.9025933494338476,-1.9289984088739072,-1.2302903874169495,-1.530378191169029,-0.1067286060021424,-0.5051935873326485,-0.8166574448265141,-1.04586909120953,0.1234246671322932,-0.5845
0.3927352254434726,-1.2465905947973543,1.1132344132165692,-2.0217677158925182,0.4283964864113583,1.2271569823807662,1.0574694257166608,1.2906202789338912,-0.0792895835973337,1.7862
0.7867724191477274,0.6393671497609605,-0.0834115655971632,-1.432922202224941,-0.3657460746176565,0.0948460003753326,0.8457997582333351,0.4595717586698177,-0.4812449019632363,N/A 
-0.4293275021914707,-0.0690225882762377,0.3410520332941694,1.5852947989325032,-0.0674176781148352,1.239797172120707,1.3986606425063757,-0.0207456524049838,-0.2145286025798794,1.0653
0.7463303982687752,0.4457563748225195,-0.4186693732702135,-0.8070815863768839,0.4363780563366793,0.826280176943125,-0.2183176828348201,0.9280142482697036,,-0.6325
0.7342809130076773,-0.1056939667417863,-1.9115895561748455,-0.1285656194020134,-0.2404217810716533,-0.364532746741801,0.790004211779696,-0.8249396907304022,0.3526132741888425,0.6660
0.6926858211151378,-0.5005872171392277,0.981185069212439,0.0690383837660886,-1.5946581691447552,0.9695462248432628,-1.607835883617377,0.2082182997953029,0.5181564376253421,1.4303
-0.6166306382089176,0.2082454790815308,-0.2810945064046281,0.2597501078509402,-0.0201736207073634,-1.3263991837624565,-0.7210966989022326,0.6191579024146846,0.7055339118877295,-0.7985
-0.9642304167354768,-0.7488714880571824,1.434476154589307,0.9377729913826508,-0.3069621705677496,-0.9232605137010078,-1.5978818534570125,1.016146336120085,0.3235478127109844,0.9600
0.3584582595934481,0.6723790006687026,-1.0856924334489504,0.2151306649961528,-0.7276115693778628,0.197065921333735,,-0.5440457215968807,1.4156183080761084,1.3911
0.5013889234184392,-0.0937723568882534,0.2184110358299879,0.6730897969032692,1.3060947907396911,0.5461693522847498,1.1173664232746132,-1.575189856867282,,-0.2211
0.0238947661416719,-0.341858647167409,0.4126388895794866,0.038078277396467,-0.1045241895743297,-0.8247563786373759,0.4528115887400993,0.8186369659586624,1.152209830345847,-0.2086
0.8318826920938662,0.6758593817740877,0.6102595630452599,-0.8514706003051583,-0.5512674328264386,-2.282329972604749,1.66804479312981,0.6601250608134777,-0.0905962282878112,-0.1609
1.8550461810504053,1.1236262945397522,1.1377775251331197,-1.0923360955730836,-0.0691439074068387,-0.4603753813057548,1.356476130308276,0.9356786995568968,0.1829860902219956,-0.6333
0.3753476644541276,0.6485969693885867,-0.8116847699139709,0.9151687073404128,-0.9953793156157242,1.2879705171226388,0.0355471342350759,-0.9224194792157598,-0.2704810712527288,-0.1893
-0.8939068972936548,-0.8448448186974374,-0.0307695016520892,0.8124598602380254,0.3473035086176755,-1.5072646464012986,0.1748701204755946,0.2035125816965069,-1.374005212096478,-0.2370
0.8214005810723424,-1.0226344106584675,-0.9710063883869652,,0.0682788054910158,1.450901044843001,,-1.5114308760445063,0.6972809998781878,-1.3887
0.756579766760703,-0.330711241143408,-0.6828857105828942,-0.3501523625293892,0.4395235195424775,0.2233710263792445,,0.7829420350766614,1.294567494977919,0.0899
-0.0865288796855431,-0.1860011309972345,1.5684633160295725,-0.6934095371043526,-1.4259425429532635,1.6203855280667483,-0.2487537369615987,0.0389505381971388,-1.214823653466355,-0.0402
0.4629733495790643,-2.1661292366043408,-0.3817398458146522,0.125119912098943,0.4234316256109278,-1.736231983834588,1.6158463233109288,,,0.9874
1.1482344716882658,0.3387828593931717,0.8512097564119384,-0.8479788203307234,,-0.0890874490660263,-0.3138939083661145,-1.3215901688437133,-0.9156137509191484,1.9067
-0.5045535333839459,1.4023976090743089,-0.1401934625923707,-1.6279581236044274,,-1.374780310101563,0.1968701416704385,1.154287117279821,-0.7887860584728177,-0.0775
-0.1454660364092038,,1.574640558780347,0.9815183374222356,-0.8278065160971938,-0.565727752717715,0.8027848586168239,-0.6925921038411559,1.007207096036293,1.4069
0.3727446476823613,-1.6251712461243892,-1.132484529424939,1.0406035739694774,-2.3800295770511743,-0.3420233534898726,0.2365837861418547,0.3364401824935931,0.8904526114610977,-0.2611
-0.729222356358995,0.2979316196264903,0.3306617151153856,-0.3410611314292789,-0.0675389929503019,2.0252062972325264,1.1007260828456569,1.3993029847005791,,0.1097
0.9182491375721844,-0.3554126077994462,0.6352121830081056,2.381127799107676,-0.5893580836229483,0.0417362194397963,-0.1201045335748421,0.3065584356634819,2.3506144360365,-0.8783
-1.8650062325215728,0.2270870977393823,0.1913358416483338,-0.7760121313369968,0.3235965074274533,-0.0987086289770104,-0.4120642485181948,-0.5832348572938729,-0.5161628895382223,-1.8796
-1.3544731288882308,-0.1325262094760337,1.279081617839689,-0.368404724690292,1.8124954158086044,-0.9064820451913936,-0.1380284631127769,,-1.173704279699061,-0.8125
0.4766735227005776,0.4449637679387132,-1.5850719971779232,0.072569935584246,2.2701192227044893,-0.3588729979264929,0.7850628792437938,0.3100447891924017,0.6372069402445355,-0.3299
-0.2994879942804975,-0.4949194264117655,-1.7593457736641458,,1.3032853253644665,1.428775087000029,-0.2138148576424643,-0.1493481852911175,-0.997297601071634,-0.5482
1.619210965561671,-0.0090903267953015,0.2282371716977543,-0.3086751332111806,1.082824596601996,1.1156946308789892,1.0801704874422704,-0.3683341073101632,0.2495638006229135,0.5774
0.4652506636266067,-0.0192209672979742,-0.5383401503138394,2.4870679692949147,-0.1626411848977471,0.3703123153832754,-1.80886241768299,0.3486496892691048,-0.4051647208544524,-0.5951
-0.7380279904433977,0.4484873869637568,1.5972698517013924,1.1517042089399656,-0.6605765562865671,0.0312963800660471,0.1422429755153152,0.7437741630916898,-0.0631546468102467,-1.6018
0.0285237399292463,-2.4855867348246994,-0.8974421561974746,-0.23926152768129,0.9983025041416056,-0.304270899965955,-0.2637737654109439,1.528966219472512,0.5045756534104061,-0.2854
0.4095907346562644,,1.140210908521731,-0.1017786003480433,-0.2563198126383558,-0.5050793693411209,0.0202437916808403,-0.2643386947605787,,1.1489
1.686251805071867,2.4380608861876314,1.8605646316678248,-0.3867998593443658,0.7706965128534902,-0.4203306658007653,-0.5128350898341097,0.7167538749846022,-0.8154278122353308,-1.3233
-1.794928862679402,,-0.6955596119443342,-1.027530460046744,0.8260066913439348,-0.4325976263656509,0.4707856012023863,0.12336536271572,0.4783248617481874,-2.4757
0.0786919056962047,0.2731474416382585,0.0776725606538119,-0.0058107987082444,-0.1703922989547537,0.723225573428944,-0.525133484796404,-0.9760207757029872,0.456543829398023,0.4735
0.16909785455485,0.4932008621300279,1.3180635696669514,,2.534107995087848,,-0.3440854560622815,-0.5033179292514943,-1.0502980690179895,-0.5699
1.2892542135410645,-0.7935357356600237,1.0969136375227826,-1.3064818145977064,0.7760767550209261,-0.2788282726602661,1.2174017910490789,0.8521929616619632,2.840953549229128,-0.0901
-0.0719307322233013,,0.1538169508624573,-0.5671910703195694,0.4482070568427541,1.2408594611708958,-0.4395604898646438,-0.4149074891485131,,0.0849
-0.6777217404192976,0.5177033936794414,-0.0514764772970954,0.8139623241385309,1.1628306925404082,-0.0046701837927515,-1.0175921652741344,0.8622728455405814,-0.5521657690297933,-0.8498
0.98805211636629,0.313043999678667,-0.7516845964356977,0.1821127400158691,0.351710471176676,0.8021093726982388,-0.2360618920870023,2.263768315441673,-1.3312868088937777,0.8719
-0.073860617078522,-0.4804980430040341,-0.2812264396623088,1.392600592168526,1.1179148502419978,1.6274021283894364,0.6743667032596974,0.2924277840629427,-0.1181934167707505,-0.7048
-0.0585534641113642,1.722125647600234,-1.271321778207448,-0.2558934846017064,-0.1999762244482033,-0.3589297377615856,0.2483301248209933,0.4257856210287687,0.7866381630317864,-1.4626
1.492515612045089,-0.1672789629676274,-0.996360884729798,-1.5824934769767711,-0.1979051159126471,2.8328962673907965,-0.1430868947704092,-1.4922598231427682,-1.614833950669491,-0.1361
0.8528739575654621,0.0769518014957412,-2.42119925177004,0.4726617844220632,-0.6547253264813786,-2.624763753453878,,0.2993280889192681,-0.1533106945535827,-0.6777
0.040627494473396,0.6204936511768354,,0.0931825230793352,-1.080834336726004,-1.1928089363290906,0.126362658762043,1.8181487951300543,0.4730172164824706,-0.7493
-0.051995974490554,0.4055671587083612,-0.4197124470398862,-0.3499271565819696,0.3890083506701545,1.0545131445112583,0.7492403073630546,-0.2026984312236373,0.1307606681229088,-0.5105
0.2800034517181168,0.1609561758153704,-1.0225190233685195,1.633389325842955,0.4247502867463537,-1.5027802057875557,0.4873473482006578,-1.4267773719371324,-1.4073255260073367,1.6356
1.1529719556750029,0.7627557715477353,-0.1140811647507591,-0.9874476599340788,-0.1394093550693688,0.6401594147244667,-1.2446629204190127,-0.1726934629048908,0.2523067332700187,-0.1294
-2.879137761294766,0.7847961842157648,-0.8202928299648385,-0.9280482932363971,0.7559377426333997,-0.8032509570145003,-1.5568540341398922,-2.014469933385756,-0.3925006746664872,-0.3828
0.0358140107994096,0.8163885689168191,1.963466559129698,-0.1821408904228972,-1.2121359960595592,0.9453229323301736,,0.77856229890456,-0.535536409004231,-0.9638
-0.1549098025576578,-0.1606099907520253,-1.890503315532332,0.203569456502465,-0.9898885951261917,0.5118352378346057,,-1.1748908629196109,-0.4510025768893662,-1.8304
-0.3710755203065627,-0.3740590139540197,-0.2137526240389532,0.0002951893707536,0.8277057831195388,2.147899634388883,,0.959644972130708,-0.2830310624418745,-0.1112
-1.059667141392686,0.4550376616041539,1.3887124991783633,1.4714363319428878,-1.892540710004484,0.8011197899629541,-0.0519051495159967,-1.0221190612600108,,1.7426
-0.6194870242469108,0.1406218126737147,-0.6112633453137396,-0.1807243406486543,0.9523897138614132,-1.4752852179257687,,-0.1797430351744914,1.3565521923959158,0.7785
-1.2258486832327964,0.4346550654269344,0.9046663237142264,1.1035115411071104,-0.0416630652685523,-0.8423336926989258,-0.7907357525212111,-0.7160550427794897,-2.270212449699005,1.2509
,,0.9448408321048394,0.3229350976394021,0.3667589161352403,-0.3914933745591403,,-0.1126173784475109,-2.378939056920983,-0.8764
0.6839656062071635,-1.7327593182545686,2.9991898338069647,-0.6761833260424756,1.6478593949395215,-1.6128124445961862,0.2394737652865892,-1.8776419354210456,-0.1250988194404428,-0.3098
0.5778640704225211,-0.0761805818388393,1.0336471560018188,-0.5895975170388514,-0.484265328121155,,-0.4572344575355246,1.051850091017443,,-0.6787
0.1429785968358409,-1.1238469712924193,-4.199682593051555,1.9545507820528571,-1.55509121216992,1.1621019161759674,-0.1486148294703484,1.4928844675798247,0.0469933678563253,-1.8388
0.1233850781405829,-0.5047290685957982,-2.1406614802900936,,0.6083115931930184,-0.6810386948002523,0.5674169754666827,0.7693287050069785,0.8080914877772529,0.0454
-0.555100959015713,0.8599068329310606,0.1139230160833112,,0.0496301893524589,0.2981420521758102,-0.1364490719131114,0.4694888003275025,0.5654923435274871,-0.2338
0.5842626844942519,0.9911693301306322,-0.5785497507155589,-0.7856026833348231,2.1324336831908184,-0.1119416689955116,1.5880184354107625,-0.5599987718360189,-1.4040293379694786,0.0759
0.6786209589806597,0.6686274310676726,1.275361635958974,0.9883236263208218,-0.9268940194242388,-2.1992418280153614,-2.6312335491197563,-1.0058980301037743,0.7662188839693034,-1.8427
1.0903795704701655,-2.20217696336226,0.2279711680074647,0.1629019136662268,-0.241217399788012,0.3745919316101255,,1.386515713796081,-0.9382134602683222,0.4998
-1.1735579165457093,-0.6266704758664929,-0.3696462125726285,0.3626570043118437,-0.3033521211098938,-0.6736952949390668,-1.0167235713182976,1.2256135000451045,1.2509269061989223,0.0215
1.3841375857850446,0.4222196781291502,1.0976394419342994,-0.8617556501720454,-0.7873918790571194,0.5395196736215196,,0.6599690565049459,-2.363879847861112,-0.4783
0.7315694980425588,1.6314280178071647,1.722676860361584,0.8019304581469198,1.0521718235099873,-2.005969958797539,-1.3201922341852854,1.8091087893343287,0.4637424012206038,0.1327
0.1065744403918859,-0.0192286773673096,0.644650280241223,1.5090478304262185,-0.3315789581202389,-0.0122479230000631,1.0744383650608988,-1.019454458658497,-0.8573734381203807,0.1235
,-0.2690596459739863,1.882285673927419,-0.4365967411643993,-0.0893867902023166,0.6331993468157545,0.3407180589381533,0.8541168787568025,,-0.3598
-1.9636066310463616,-1.2100571982255726,0.9938676877441588,1.3011782479032208,0.091040388747652,-1.0400254549494292,-2.804648973158522,0.7555102399431155,-0.6137903621745411,0.4779
-1.0253069518463949,-1.437242810287109,0.4859178092926789,,2.987080859950124,-0.8901811637600947,0.3590607224858223,0.0929583752876034,-0.7985232388270689,0.8529
0.081262316744762,2.0796962687976794,-0.4227782612093679,-0.4528052172756446,-1.792294298751345,0.3836463559195229,1.3594321543355776,-0.0020588898756666,0.9802954715693324,-0.7378
,-0.4823836706742191,1.4898769939901677,-1.1457955055532865,-1.143998901551075,0.7490825713338036,,0.7439177982977696,0.8275487311243083,-0.8967
1.6219881789395905,0.3036510486406546,-1.1586524893427723,1.086745400294435,-0.1310633806173676,-0.8790318487224125,-0.3183223431165257,1.352056059364993,-0.5426827466068285,0.0759
1.056310303360432,2.5049024925344128,-1.58768246713188,-0.2305455888582818,0.4564863165599642,3.4197043873571147,1.1565061108846977,-0.4463467668219142,-0.3524594740985824,-0.1853
-0.6248227305337627,-1.2164368022303058,1.369947846739464,,-0.8704321671650131,0.7735870860279485,0.4583896021946078,1.1400801233643978,-1.3659850026118834,-0.8444
2.055141579630596,-0.9516230445383396,0.8492422742886222,0.0488657469694582,0.2042767521951863,1.278944860576599,-1.4369736807941444,0.2383929159069414,-1.1570447497300986,-0.1770
-0.7433029197496929,0.4929327710807468,0.2962200765331897,,1.2488721896875443,-0.3159191109127415,1.9036487924345624,-0.1991008909616364,-0.74705473465518,-0.1193
-1.7677022169159782,1.0905886709908252,-0.735813950815659,1.1177551850088947,-1.9890616575986857,-0.2533804366235227,0.6972104780495313,-1.0677885998083725,,-0.9139
1.24636059730573,-0.2734155976280414,0.7333713934272035,-0.5989262191628374,2.579407380415792,-0.7907985435092731,-1.450943478208462,0.5437917400882322,-0.1481067036236109,-0.7204
0.7761283720490311,0.0314070252571132,0.5023004547422275,,-2.524809501509949,0.457038774362196,-0.4115710410279101,0.6095802103398479,0.0200707433766649,-0.0908
,-0.6964008013860635,0.4204932690163331,0.1084614004256094,0.6952543324140932,-1.0372506475791696,0.8264413604021343,-0.3831786472912493,0.4218177367184596,1.3861
1.6593295576339269,-0.3504494754531021,-0.1611503829812816,-0.6147924602519131,0.6289983136986844,0.6481906403352763,-1.4180636726360365,0.2601736597608302,-1.307854314074527,-0.3135
-0.5145323416371231,-1.5195001136609243,0.4281338657806676,0.8190573762792402,0.7315502588656978,-0.1507427164151953,-0.9295369129451508,-0.5232599208404194,-1.2978864502387712,-1.2286
-1.08213415978501,-1.2061165116065546,-1.3874673728933553,0.3725182136714005,-0.2490781730350465,0.2363114958398271,0.2897637020582549,0.396731379811813,0.2936901091247167,-1.2849
0.0171042000317941,1.150291130736293,1.1088534378681505,0.1515907098144062,-0.0497963727815317,1.6923846610761797,-0.999432530170904,-0.4353468522443696,-0.2952093823651002,-0.5605
0.3971207139673536,1.771137989393235,1.1519960338159094,-0.3638843317226167,1.08138541928286,-1.498996734422389,1.3743847991599458,-0.1534602947532957,-0.6433404148789432,0.4016
1.226844110187658,-0.256840334848233,1.4815235225337355,3.5012965313512567,0.1913916925567591,0.6053885708250848,-0.2620839010871153,-0.521282262211426,1.4856147118842815,-0.7504
-0.2092583201966906,-0.3176170280458719,-0.912625943435612,0.6179334023732783,-1.1652979012789084,1.4831111008906614,-0.0629573018405523,0.8696735512576882,0.9207426378495304,N/A 
-1.125001659538324,0.460483846790962,-0.8956127869848782,0.294416987119741,0.5820693574129695,-1.961854881155708,-1.0203988869321328,-0.8903080388013515,1.13872266520107,-0.4582
-1.089309238243424,,-1.464943907122275,1.7570607372617886,-0.3135696443007598,0.3012874526485686,0.7723283797015212,0.6214997466749084,-1.3903424929516257,0.4515
0.9685439119690896,-1.1991579185065322,-0.4011106292852999,-0.8527645705551796,1.0479064945021912,1.5361487118924118,1.6773730341039244,1.2244459695915064,0.1188055465252726,1.2665
-0.2242141077064244,0.8476504529014536,-0.087379876216098,-0.9719994390048956,0.5662541979913485,2.228852211948737,1.5738037262293647,-0.6694856838426039,-1.3711970499753654,1.3414
-0.1649900649933556,-0.2031956807892556,-0.7740559694217858,0.5485956581227285,1.21035744945658,-0.2650327331919602,2.255233421597709,-1.2424077811856966,-0.0116374079599029,1.1234
-1.2155354354037715,-1.4026012841734856,1.2907686053951024,0.5470149094078817,-1.2985410508073725,-1.5150799291400736,0.7365181216801576,-0.1254000162243261,,0.9070
-0.2823990935498721,0.5140551563192751,-0.3037493893032132,-0.9748462489233652,-0.4095309946485732,,1.0934028058800596,1.4374265711499117,-0.6184206834371745,-0.7121
0.0638383881972741,0.3842266835607765,0.1031158449596657,-1.531443007482958,-0.9220734926114996,-0.252931406852213,0.9311553947227954,0.9061162424240644,-2.3343410152803434,2.2539
0.1468054754069687,1.0306842424669205,-0.0727614223803299,-0.3609152611637004,-1.3946256224322848,-1.201571359815154,-0.7970305808002409,1.1337178581179936,-0.981411845009515,-0.6360
0.1601912495714607,-0.2222490172245148,-0.6337231649880839,-1.2199434067743309,0.9736598395042704,0.593547250275203,-1.5643087086000798,-0.683139728394715,0.8955525868849934,0.2651
-0.8337769215896476,-1.723740947532407,-0.9619354352031284,0.2914931688485065,1.210931713837459,1.3052059236305116,-1.084519336437469,-0.2147686286423975,2.128588718181444,-0.3649
1.95820329268721,-0.6501263328459763,0.4802751181264102,,1.539706486833197,-0.9671184809909508,-1.3116259231976508,-0.3960109840995134,0.7735767176445595,1.6371
0.6736620249795773,-1.1355968244020893,0.3579142004954568,-1.5994366701065068,0.5361279150091371,-0.7093236468504506,-1.6119003662769762,-1.0009422430743344,0.0575048923974374,-0.8305
-0.9518382447867344,-1.8556481815948105,-2.0208711757862097,,-1.8254083026074848,0.2508906870536504,0.9977919052122576,0.5873281982521755,-2.0256956810507267,-1.6320
,0.1977611440296663,-1.103021212003791,,-0.3814869239721729,1.0426451620988917,,-1.7332979292845012,0.8983078215407366,0.0390
-0.6480443633610091,0.8783098814637684,-0.526764630601142,-0.253330892931271,-0.2754550640951196,-0.7457357008382237,1.3515475324364965,-0.185268535672083,1.4256192315740712,0.1469
0.4595352419274853,-0.9162592407096872,1.5981498825652007,-0.2941465125703071,-0.915564212090848,0.4865865779058078,-0.4824005486907994,1.0071379075487437,0.6323752799570675,-0.2790
1.5278511193983773,0.9423644974568104,-0.2474752730676218,-1.5575424720309945,-0.4092692006106081,0.346351576613855,0.7548760707265404,-0.649438370907116,-1.2690155260995772,-0.0239
0.3637467199284029,,-0.2983600892590416,0.5498370250593483,,-1.2890885792526838,,-0.9490057439247483,-1.2127984920485273,-1.9271
-0.0408434951443957,-0.3915231085644465,0.4848622586012074,-0.3596325232448135,-0.5689110417035351,1.551486733609083,0.0898397932238752,-0.2570587023050186,0.3832653576717089,1.5347
-1.3229130159848133,0.4298326985065806,-0.311430797085369,,0.4689147060584599,-0.2000439529398925,-1.628019962186991,0.9530418405328128,,0.2787
0.4875923405168905,-0.3921204457967931,0.0781778324886364,0.7620583606915752,-0.5531364542319226,,0.834476221319618,-0.6574132863922818,0.4317096691596732,1.1027
0.1415773628225919,-0.2081203148889595,0.8970715076243907,-0.3993300364844645,,1.0062132430660424,2.4963077943981062,-0.7829628353059063,-0.7841481905712692,-1.6986
-1.1159407650417978,1.008101743480283,0.9148928909454715,-1.593166202467174,1.2822425199774807,0.2725292229340694,-0.4275436031472309,-0.3020900217488566,0.4915562251111488,0.6807
0.8637389598421162,0.3878014848519616,0.94260605714446,,-0.3959406561386526,-0.3636405464435542,0.6588177274416808,-0.8071805347571267,-1.0406316911047542,0.3460
-1.9220907642151828,-0.041954307707799,0.9656014297383286,-0.9080515574841548,-0.102284770771675,1.0829932433725349,0.785773001848473,1.2072690053101502,1.6900837867736642,-0.5118
0.0607278235453989,-0.9062468207238444,0.6767081954943132,-0.8754223768039278,-1.6804459190064798,0.0107814289986304,-1.1061232362828763,-0.023041188373248,,-0.2171
1.240942812962658,-0.1367122652075352,-0.9001158887499325,,-1.5730043950528916,1.9816060462137317,,-0.8665375526130511,-0.6412531772799238,2.4108
0.2610980187117809,-0.9424300183826244,-0.3458912393985382,1.1708853954727465,1.4046997654885798,0.4401290213598562,-0.4046857500350773,-1.369369205657931,0.6187495729020471,-1.8658
-0.6389543304404346,,,0.6773323728600051,0.298786576660823,2.3371249174465283,0.5250016525490961,-1.365310813041199,,0.4281
0.7767675652257936,-0.6684977816922074,-0.5427787051656484,-1.5315427467576956,1.0739897444819058,-0.7907744569139127,0.3817054007792042,1.4692719207605005,-1.766637197506742,-1.2799
0.3741356045810555,,-0.8758432649117165,1.65829506663903,-0.0654443647620228,-1.040457003285402,,,-0.8029617542077546,0.3492
-0.5215387639560887,-0.4604666622549224,-0.1857792465742549,0.7789173357766318,1.4281620034324227,-1.6945700685868712,,0.0554830587999343,0.24833250976624,0.5207
-0.7035498405456803,-0.2855876701630547,-0.4230450340813898,,,0.5519604183339911,0.1672088874659616,,0.3051007640560674,-3.1377
0.2665501323676837,0.8527168128258207,0.4179120335343531,-0.079481349223112,-1.3497295260071351,0.794358694144403,-1.3772826941121934,1.312684576599232,-0.6687462696716143,0.8864
1.242032654948651,0.3303230995808096,0.0787975192613601,-1.1409017191026056,1.227489122714371,-0.9452852689089866,0.3568097224675486,-0.8118675338032718,0.4463302491595385,-0.4376
-1.808692568665584,0.5665135388107142,-1.4027098325261411,0.8338206344423192,-0.6799170845338269,-0.8051725851153575,0.7075630056482527,-0.3151801381161827,-0.1066201873189674,0.1391
0.5716674598889,0.1081767491146073,-0.5873622376983942,-0.9919347040172496,-0.3733443008782335,1.4953038851092095,-0.5749606483815906,-1.0396515485803703,0.1053732325169572,0.2140
-0.640224620575463,-0.4717504973347436,-0.2295423437382026,0.3734589008532181,-0.2723798423505458,1.2062294446077904,,-1.3425837127462017,,-0.0218
-1.2539676915223688,0.1189714110751001,-0.5259393421471689,,0.0566625169854218,0.0298034164959862,-0.06351996873991,1.538379810700174,-0.7952806708840339,-0.6035
0.0823918636117866,-0.923494419995566,-1.7402875056598006,-0.23027463833347,0.3352176956988968,-0.1599716824235975,0.7272695311669024,0.528342552783033,0.3819472484300754,N/A 
0.047185305337178,-0.0174745610625994,-1.3367330642955249,0.1092530849333669,-1.5742697934460137,-0.0510009703410892,,-0.1297457345119847,-0.6401487330471243,-1.4473
0.0157208458473477,-1.5135944897110365,1.857107253197778,0.4752734116254072,-0.5386829515750867,0.7446116090895517,,-1.3888840395682716,1.0642924760780206,-0.1605
0.4994408127992115,-0.370869313796733,0.00677103141269,-2.9644296941568293,-0.5280143507240325,1.1185862575548513,,-1.066266377689671,-1.1715939001736524,1.0213
1.6922497859840726,,1.7104348809352967,,-0.5617115253232122,-1.123841256409178,-0.7464158408648762,-2.1096978345575748,0.1586282871337674,-0.0434
0.2273662097768007,-1.4027846311763714,-0.732304534026442,0.335542652871667,-0.5827475126940793,0.0623727853715548,,0.2673672891963261,-1.7333486147269204,0.8313
-1.1648291299288671,1.7748704291190895,-0.533883645920859,-0.4339049407450879,0.112395284175511,-1.697739735733294,0.3913750510904941,-0.4124056748571075,-0.8738794224259491,-0.6757
-0.724742433405903,-0.0811108679962505,,-1.1001740486800853,0.0139767341901847,0.4203245495714705,,-2.6189174675128437,-0.5824134859455908,0.5734
0.8352454956134879,1.0680373341396847,0.3493584036763823,0.6156772602692445,-0.466964364928182,-0.6001286955622601,-2.2965653874536227,0.6718498570756002,0.3591529083684232,0.2089
-0.2818531181361775,-0.0048349984451076,-1.2996956304246392,0.0973505520849011,1.7297824581434544,0.3515465838034965,-0.1880206663399383,1.0183607374153767,1.3633279428424976,0.4282
-0.2836740734629646,2.057122340053671,-1.2231802720288505,-0.6131565889795509,0.0162304502762036,,0.4757572565043909,0.4283175421556453,-0.0737442772448652,-0.1060
0.5495766485295478,0.1993274355255067,-0.3046015749530621,-1.0559291087056957,-0.1144569998565729,-1.0432470679280332,0.3339197711147779,-1.835495042891483,-0.9741880594524334,N/A 
-0.189654025740857,-2.512353186777234,-0.658813953571301,-1.4835975866252191,-1.9463685876235168,-0.2979080292337351,-0.5564789698082417,-0.4415842575076074,2.09440639495531,0.0803
-1.3149864267579092,-0.3642419570550647,1.784151076265604,-1.3563180989098949,-0.140564933921605,-0.0656065636216136,1.5808441465935883,0.4782388689133727,0.667883157151791,-0.1847
1.9134918492401845,,-0.4547939086494711,2.227156560670804,-0.9050668657593453,-1.0387501279743965,-1.320285145003054,1.159359418792457,0.9041400372979524,-0.1636
-0.4452283724850583,1.6089337314284873,-0.9098306297612256,0.0191917814779887,0.7332975646875932,2.375651567447601,0.1209592535343479,-1.073856516985104,1.1093743780582506,1.0521
-1.7213284723128148,0.968676653680239,0.0805339819306314,-2.406069782930547,1.482554043367819,0.3888993791260339,0.5351123882126105,-0.6148424723310157,0.1583832886342694,1.0551
-0.5831998942332571,-0.4028058941494107,-0.5240955857043338,-0.7521566282891566,0.1975419298106953,1.2748127271232224,-1.7369576074066844,0.0264746196241821,-1.3909354612800275,-2.0070
0.5876734535168786,-0.9433176808281358,-0.4136158354459109,-1.3204348805443202,0.8181685661849565,0.3293357418799493,1.114149427111857,-0.6522119237900393,0.4686682409471495,1.8274
0.92132043118123,-0.0388811330963141,1.382146624990064,1.0584366425059322,,-0.1110804426272979,-0.3288320400000261,-0.572887221777517,1.2750491009333504,-0.1463
1.719299456255553,-0.036722711740834,-0.6957591177148756,-0.1749705758887938,1.2022264013708337,-0.8368258380085624,-0.1241223173484796,0.1291842833139589,-0.6463937104961425,N/A 
0.0024438211155295,1.2910661155050631,-0.6791970250548818,-0.2987976030029333,0.8807099305895427,,-0.1025382169724921,-0.7048667946707159,0.0880369792194576,0.0456
0.1850055034396133,-1.0650616856753656,-0.4045758796176122,0.5011426076118232,0.0639320522009493,-0.7144301358014573,0.4682623175970687,0.7455633373146234,1.2870597104912849,-1.5171
-0.0884257785783478,0.4987144860562132,-0.1660718393480887,-0.9652834857571736,0.5322671020676364,1.0476326432102614,-1.1418910235496356,-0.2301300641282878,0.270456422925641,0.3312
0.1143150875626019,-0.7943342403180076,0.1719289254030262,-0.1058421903139892,0.4841882739666353,0.0615438608815446,-1.5202185476015635,-0.6552973176528873,1.9609298574922176,-0.8107
-0.3759986039205572,-0.3782737580068745,0.6613756634904708,1.4276958955561727,0.6407681807610693,0.4261805247043819,0.418089394131314,1.34315556290295,-2.117055247294363,1.0450
-0.9370813240511852,1.9272053274024104,0.1513494581686646,-1.531916033804744,2.8362575162975774,0.3520775886812832,,1.4873568618630204,0.9770085616050292,0.6352
0.4398785799699592,-0.6464621290347962,-1.6427670197256834,0.5007145095132924,0.5479881340939676,-0.5264685950296742,0.2313348637918845,0.3932692787529188,0.8894473583775674,N/A 
1.2345822466181933,-0.5899600600886279,-1.2403020123998618,-0.2407360132615672,0.6319336513639282,-0.2658846260024146,1.9205118805640635,0.4519263540848955,0.6479166611752979,2.2165
-1.0787391990684103,0.0399825341887427,-0.8401976143559451,-0.5599823709581037,-0.085752852667939,-0.9031447704376516,1.2476622551427996,0.6156929001434103,0.2416126925677949,1.3994
0.5150666612671367,-1.8125302112933,-0.1564567565012317,-0.8642522826040755,-0.0940395879431319,-1.5552517142085318,0.0017709946727138,1.6030151648440938,-1.0874751564668723,-0.8845
2.383103315816081,1.942291875484507,1.0658659156385233,0.0559163425674718,0.6335665839797543,-1.4523022401164225,,1.1964581979634732,-0.6797603614407257,0.4540
1.3420544632125653,-1.7080884065493522,-0.4671246287879455,-0.2203187283199809,-0.0103127123626305,1.2941313473369118,-0.1993472878541052,,0.2655748428475563,N/A 
0.2095510265776598,,-0.4740502576184553,-0.4940781481377139,1.5050630621035752,-1.3523264511061144,-1.505991687159558,-0.1354784476750838,0.9914336423576612,0.3952
0.5653130087527389,0.5264415325093761,-0.6053525462023492,-0.3554508083015613,0.2899914367586882,-0.3221055011898456,-1.2413941371629835,-1.4543074019887647,0.5700175699501012,0.1395
-0.5323482840823202,-0.4947448230248443,0.7024597662849136,,0.4380179917401401,2.040439867597365,,-0.712231958287958,0.3304938557594023,0.2823
-1.0596898295702617,0.3410221366948692,0.6549493196395654,-0.2567503283371375,0.7035967643021055,-1.0244819061085864,0.0861287177587939,0.773946786169387,-1.011775775117851,1.2914
0.410443012211005,1.485846816823586,0.9146788545751936,0.4006755965076813,1.4290296605627868,-0.0800666052887581,-0.4727845154458099,0.4276986334405505,,-1.1400
-0.8099782405352994,0.3099922783621688,0.2045514135538709,-0.1487694692479675,,,0.9585101729393968,0.0336601469013111,0.972712569848832,0.9223
1.1985245585350082,-0.8954869857995539,0.6095469361757142,-1.557890451727328,1.3493143879351488,0.4063350196652524,-0.0421936830757932,-0.58554522581528,-2.073296576396567,-1.0966
-0.7056887011848543,-1.0401098504174584,0.2128730487086227,,-0.9181093174709898,,-0.4888086424963038,-0.3382137070506225,-0.1476163261779831,0.9345
-0.7674568710215282,0.1097235551875633,0.806969494666869,-0.3039302960474165,2.092540195501679,-0.0292596266890931,-1.5483091662488573,0.3376371837320349,0.9251000571845316,-0.3028
-0.4493707652792324,-1.1534187614366744,-1.266775506508985,1.2881684875675783,-1.100704074424497,-1.2816406732353574,0.5008031523047001,0.2014259770798969,1.3434142655514183,0.0181
1.037654189621772,-1.2208422554138043,0.156371521816426,1.2548798401947634,0.0210432210697005,-0.0805451681315732,-1.3377890509693122,0.0456659002417522,1.1073361487481852,-0.2537
-0.8975159051302476,0.3676743922129002,-1.292638327142256,-0.9880231358098628,-0.5976835045823129,-0.1467932823385512,-0.0636221903913197,-0.5617641132491851,,1.8876
0.2612837951720316,1.3575787977790637,0.0209221177883218,0.3812680470981621,-0.537902452040308,,,-0.1201547320585599,1.0693021435783008,-0.2224
-0.4807627830331143,0.5353942827977849,-1.4047608709353,-0.5501529148502281,-1.6690328770856673,-0.2680372247429494,1.2238600056474642,-0.8172459708601114,0.7290245026030701,0.7829
-2.119498362865159,-0.6537015746085131,0.228923319676322,-0.7305827000258643,1.26294681280268,-1.8196841080670731,0.6279262135816162,-0.8907685806335066,0.8838336748885892,0.1799
-0.6542268671721755,0.3760207281190397,1.227869785651724,-2.354835863550304,-0.9207783111566532,2.0468848285516312,0.0627771605186823,0.9124777936762014,-0.1295332619327208,-0.1303
0.4690786322802808,0.6358077374485547,0.1683301633284749,0.6431092770864417,0.3531928935776183,0.0669936215507425,-1.3180987705336658,-1.7840776237511726,0.2840753807268382,N/A 
-0.6823215748148047,,0.1484701677771956,,1.2346352054682106,-1.315813024234295,,0.0763471785949629,0.2935527573949493,1.2253
0.2052925102886322,-0.534371008572016,0.5509010166151609,0.1502987086350566,-0.8342738946007998,-1.2389491876206302,0.5928049050336361,-0.6612226907143409,-2.0896491305559346,N/A 
,-0.1215443925347461,1.4384996219891986,1.6643324985749752,-1.1025532895475496,0.0118608848932038,-2.303788347863201,1.1317243271078714,0.2402715936999371,0.6663
-0.6623866351713334,-2.551977461973601,-1.165208535826763,0.1272248197427629,0.6510916899102167,-0.1092788116540429,1.742355055998271,0.9645565353936504,-1.6836411193065108,0.6631
0.1825971130900377,0.4848853437027285,0.1482904322061454,-1.1906998431145457,0.4483573500974482,-0.579914412940153,-0.3461985655538356,-0.1368633424255473,-0.8839117140139916,-1.0902
-0.5642916504779717,1.4811649389011263,-0.9600018627460292,1.0961214037363936,1.0976352546606096,-0.6500869013776871,0.3439409880373646,-0.698398346853777,1.4746864119139131,0.1342
0.3568324024911197,-1.2127717935855842,0.083854111393096,0.3339810936510668,-0.4543527314123848,-0.1718665533561483,,0.7771163659477255,-0.8317015341578413,0.1670
1.6590500338985437,-0.0138445960887337,-0.9571136187677146,0.4424347782850134,1.0265830347585214,,-0.2229726163909441,-0.1084613333916115,1.8202848617735703,-0.0398
0.3227095656510631,-0.4183179408508646,0.3345350229562779,0.4206975086984046,-1.7376355286777088,0.0415174056541189,-0.6073254565633736,0.6071807801377593,,0.7003
-0.8685271351046526,,1.2017209661303805,,0.0737883433630708,0.914957477861164,0.0757887642705463,-0.0997465816313469,-3.481812237931171,0.2433
1.6699637236529778,1.690393070135312,-0.4147790053557479,0.3517097120897888,-0.9518850630602824,-1.2396080917726588,0.1111810830985618,-0.1887755650265876,-0.3961034576490099,-1.3830
,-0.1855044694694655,-0.1299027462767398,0.8929478215883795,-1.66184705329753,-0.4606422036312081,-2.578127140563112,0.3157350732663903,-0.2947070808706176,0.1639
1.0013233042009044,0.3835151146001651,-0.0227812996681525,1.5961349370995226,-0.9196902682049244,0.2298352522645183,1.1214344155722602,-0.295208458895315,-0.0506815566618403,-1.2218
0.9360939332858232,-0.1020751513717129,-1.7226093084389118,,,3.1770534035238422,,-1.566745257999021,-0.3352623308021628,2.2146
-1.6054238074127647,1.710275068126874,0.293705121034891,0.3722333845315233,0.5342365072232839,,0.6332427548510853,-1.3038904977985042,0.5182096501726047,1.1526
0.4972914237512512,0.2500034178624581,-0.0873418646934308,0.7367819301689078,-1.7364751109462238,1.5798743490932687,-0.4586223505762136,-0.1201839130378378,-0.17815624759059,-0.7814
2.2423118430198583,0.4024878380681196,-0.6959121708548408,-0.7847595824446234,1.43460045759897,-1.322807278920375,-0.7913472881693542,0.4138129283059338,-2.120991522268452,-1.3555
-0.1886164675532076,-1.259319476993598,0.9600448341965574,0.2469230067304924,1.034998194295452,0.073817229156454,0.3796969329345017,0.5576839702242975,0.5289829906215239,0.8695
-1.8976773495791357,1.696326912970238,0.3111138183774506,-0.0028432682123865,-0.9092587178542418,0.8978495583629583,-0.7725365051119913,-0.3088147064113625,,-0.8033
-0.5295966757469055,-0.1013276971744137,-0.6850682692612984,-0.7395469446475706,0.0503306246872055,-0.9489784390540942,0.2232406779627841,0.0663050745563533,-0.4388988217409333,0.7736
-0.6028481582036281,0.3295457722757264,1.919381856778732,0.1710500092300454,-0.6566778484185417,1.0525010862545172,0.5543552721635058,0.9751196948626032,0.0170244876720128,-0.2235
1.5492218100107054,0.3147068593514719,-1.8382483749206529,0.3151056612679702,-1.6058476475767838,0.2505423809141844,-0.58481161106636,-0.0781191040148084,0.1731392535874976,0.4125
1.1589521068232298,,,-0.8843262117097488,1.588690203990934,0.1447886329551428,1.409734408660139,-1.635750775158725,,0.8769
-1.013640958473098,-1.3498373776300343,-0.8141037252883478,-1.6489404333565765,-1.22747372430846,-0.2993833193339045,-0.3024334056101452,-0.8493082886032302,-0.2217721422379009,-0.2866
1.5275315461951748,-0.1612939890728963,0.1873797153928688,0.031205439365284,0.3719037974390881,-0.4903031262625338,0.333943761739767,0.1260192759638581,0.2018311428168103,0.5469
-0.0082266096961467,0.106357500098156,1.6556105639335976,-1.3751135418207632,0.5005684754855794,-0.7257294048847638,-1.1071249253276718,0.9129181833632048,-1.7489674009764011,-1.1141
-0.4569606150357482,1.8893735713551945,-1.2225427292683122,,-0.4562430708116045,1.0285861673274057,-0.4597488090717742,0.407890428637585,0.4432832895403689,-0.2582
-1.1276253718193543,0.0366163172829967,0.7414886643146512,-0.0572887103409627,0.2854540607560997,1.1400527725609315,-0.2340172961697264,1.7683747088867352,-0.0596347959978617,0.0742
-1.8866044619253937,0.3016880214477139,-1.1655352926231133,0.8822313782670641,0.6584532045186002,-0.6411311806014208,0.6863508163726615,0.4269110972817249,0.5547886607188098,-0.5699
-0.9495927256440574,0.7966240751089709,0.6847702798470389,0.3591505025066455,1.904673722212141,1.0546160189360971,1.6227914410555195,-0.0783394008751405,0.2666835764680365,-1.8507
-0.8996218340987723,0.1528569623668131,-0.344014650140875,0.4931144775619502,-0.4007679672052816,-0.5439556375707306,0.3918644833156683,-1.0292994969968496,-0.6345540670686084,-1.1758
-1.0658739417009853,0.6405943234900894,0.2741826098246275,0.3292493219481938,0.4376588708124347,-0.0739784279875442,0.6538965575341127,-0.8704562265312428,0.9001705727637194,1.6356
-1.1076166216216268,-1.084757962559462,-0.4719494232819586,-0.0505521855431696,0.1660563890636256,-0.1511016796252906,-0.1312295464438566,-1.217156494764356,0.6838637376770523,N/A 
-1.4588443763087902,0.1951927961171903,1.422853345250872,0.9308356346633864,-0.6522613585421451,0.5382686483345053,0.1618127861497545,0.4776489442639591,0.0294007941047244,-0.4109
1.3853000480251831,-1.3889525583380768,0.1129146855677493,0.0716953234533702,-0.2128876119338804,-1.6732263989170164,0.3226506838008585,0.7477424015251918,0.2829456582437762,-0.0299
0.3322146488545521,-0.5630588253812839,-1.2163139890654835,2.408094150381217,0.290910490002524,0.8595435739596333,1.7935369783459785,-0.640110993029367,-0.254297675411127,0.5398
0.0902427343149161,0.0766619440543463,-0.7741429776968943,0.5895089640323723,0.8032996392817034,-0.0337904830467083,-1.389757972717051,1.4753859881592832,1.5511863169866549,-0.7044
0.0939217915598605,1.4525074069949608,0.6691617007812822,1.2867616538751192,0.1150308850216067,-0.645982786213801,0.8165978522947586,0.0595088200972096,0.4121012046458244,-0.3379
-0.2813444097054843,-0.5251536139103673,0.9312110667071438,-1.1976069333998078,0.606702757118516,0.6462667650360738,0.1913518289342098,0.9800954579022056,0.2093322593255017,0.3815
-2.674310085302228,-0.4575129450037203,-0.8315897443858776,1.2096983764179805,-0.6514679258926359,0.2739607117132736,-0.5573609231784601,0.2023910215929037,0.6183710279080586,1.0951
0.6925039863219872,,0.6339249724993219,-0.9127751542634024,0.6128098876648145,1.3109796961374172,,2.5961064694513616,-0.567962070916641,-0.7848
-1.716619079110944,0.3615210482419068,0.0165297859949466,-0.4256194130184628,0.0619191309062402,1.640357732877212,-0.2607698337513592,2.3457499881001778,1.1811709966963568,2.2345
0.5320699901479294,0.2183211753812337,-0.731599823107026,0.7454255113004538,0.3444708117983343,1.2667226630097623,-0.6377776002275013,0.448149077923048,1.5645373118751624,-0.8931
-0.3091550767324607,0.028282880244128,0.4141166953496522,-0.1322243678101566,0.3925030163277727,1.6476426073645467,-0.0106506121137199,-0.6718464690232447,-0.69303037382799,-2.1380
-0.1314265364065455,0.4343511686842694,-0.5970561901647401,-0.7501019836108003,-0.516004375585096,0.699991044715308,-0.3207278061074874,-0.9914015897141478,-0.2165073706410338,-0.2538
-1.3890815362452642,0.2876926294907229,1.2460228146540295,-0.8319056343678445,-0.2369426203366374,,-1.2490840714961646,0.7924661862029216,1.647452665810777,-2.0850
0.288644101705439,-0.3252771215280707,1.3492417715395233,0.9654416907627258,1.057760823274773,-0.2922509266762521,-0.8059688423133707,0.9670369661958887,-1.1684518442651946,-0.5382
0.2048965804578783,,-1.091551220405894,-0.9076667555014246,0.4239250334061172,1.486054665789436,0.1798720295962542,1.0806872154388416,,0.0283
-1.4081349354754051,-0.4559677398231411,2.182198805597699,0.0226137512591835,-0.9105678993305164,-0.2765662843296352,-0.1806864918551037,0.2358421911750909,1.079631245868006,0.7117
-0.3408840851824629,1.3117582089815238,-0.006506858379244,0.1179978218843911,-1.261367884735903,1.0837993345967902,0.8508789664249553,0.3697610768953013,-1.6615520232157608,0.5464
0.1426692935836473,1.4859794140389098,0.1095444263184567,0.5001368509453067,-2.81600121715101,-0.9845866480165034,1.3129227469784313,,0.2576107350883888,-1.3490
0.35592275086682,-0.9688025679075108,2.523679463503109,1.2277557316005363,,0.2893070445537422,,-1.5274643893735382,-0.8548916823257788,-0.9413
-0.4239753509234793,0.0032337499840984,0.0034733981341993,0.3844833729500538,-1.1095827136420102,-0.8720502197553986,1.0011246631990869,1.139611017212812,0.9485291091930764,-0.3941
1.3754937891288634,0.3828324825542806,0.0077877594169354,1.1760316008936158,0.5053331884187358,1.1851399218555496,,0.0841020919117368,1.134820842975087,-1.3035
-0.3564250194494268,0.4585811712182649,-0.979109573177058,1.201817854695222,2.0827916574753926,0.5203580987472208,-1.884105142979431,0.0485250335427942,0.1030146397637427,0.0493
2.534247006124658,1.1100576268453066,-2.011472073907777,-1.3532787096244023,-0.2475688372369126,0.6872598596981332,1.191501458540183,-0.8313656198674775,0.014579763141241,0.5162
-0.8262199765576256,-0.1262800528016805,-0.2001934964859714,0.5629809861727431,-0.1983624600356846,-2.2792483982137703,,0.570428955959594,-2.076227330260948,1.8599
-0.8743961344797536,-0.268244079856957,1.4458960770164766,,1.364763343343579,0.3497271263585749,,0.871494225198347,,-0.3554
-0.5548064734007159,0.3324128688082328,-0.8196766432081469,-0.4742929250448793,1.2977316749938006,0.5126531733325282,-1.4903132408575128,-1.5633724618790292,-1.1520414113850397,2.1866
-0.2571400637542541,-0.4533984005870324,2.421213251491616,0.4963230131595041,1.0658047550927183,,0.1741790803520745,-0.0718063938304685,-0.5703802628284489,-1.8614
0.8292976779167609,0.771821936980555,1.061042897675906,-0.8283145275228753,0.8701171916981354,0.0298972494356156,-0.1074439586628456,,3.100583587753302,0.4577
2.2427801684779034,1.6246054555278782,-3.767616443243432,,1.307634689968333,0.5275548386686633,1.436152111719658,-0.7986831741979207,-1.0533415056776434,1.2763
0.2930768685664038,-0.6439985819496938,-0.5868720140971355,0.6748618893022506,0.0294995736514057,-0.5671691782502635,-0.6337262063356739,0.778642396172598,0.6487539319355115,2.0104
0.6046789542761059,0.2564188203185848,0.0159557823545575,1.059408754936222,1.1182892973736742,-0.360655276930273,-0.2274782449567334,0.415125960129215,-1.2767589178814776,-0.2143
0.2061934871830241,0.3118243347527913,-0.8137030804011218,0.7796764343693294,0.3752778764822128,0.2359080926089408,1.0412251395516248,-1.131370033901176,-0.3768219425010147,-0.2189
-0.0912519995419876,0.0030188581031439,-1.8727071653730376,-0.2046514199522795,0.2009341571709201,-0.4277292743612966,0.0255134151524062,0.6524778589949837,-0.4513434985574915,N/A 
0.3459038405896649,1.946601555650709,-0.115472441666285,-0.8434864343401245,0.5101063281160805,0.4286378600061393,,,0.9303600042024838,0.4114
1.7403501025355312,,-0.385465438204104,0.7512235261514789,-0.3039827672127274,-0.3742141007472102,-0.1409783572547542,1.6426896631267056,-0.184632375877782,0.8928
-0.345046013578914,0.0012222342664481,-0.9402488453992124,-0.3867634008055238,0.6231155665866823,-0.4699076720188403,0.0197648512221209,1.1564004779539008,0.2176995732245762,0.1572
0.3364687152832532,0.0548419879404572,-0.0177512993351015,-0.284492123402773,-0.7405305935604006,-1.1792905739230155,0.6042953979644987,1.6171057084277891,0.1069201511981949,-0.0712
-2.5873472389899304,0.0272127587113633,0.3913863979111724,-0.4684059447701977,-0.3175858005294293,-0.9263356941231732,-1.5040632436908905,-0.8817662730054977,0.1334015988733076,0.7525
,-0.8005087638573298,-0.4165729806482734,-0.8910493365736009,-0.1548532763062167,-1.1367018598217082,,0.3984951176090737,-0.583828366652869,1.2931
0.5860180013588007,,-0.9497894119744956,-0.1548384537577942,0.0737585354999581,0.0367854038832425,0.2871621551866612,-1.324615519164527,-0.5421787194575173,-1.0641
,-0.3315522223267496,-0.4138106592739855,,-1.0170909146493547,-0.1891001303651214,0.0272795126564877,-0.0128191272264607,0.4556771763076288,0.5001
1.225910812747433,0.2957159586382576,-1.403765801817384,-0.0158231172238848,1.8988423084000752,-0.8983275985215612,0.5265599994171475,0.9444821992183132,-1.4597389764135926,-1.6835
1.09566571247538,1.173589702691311,1.349773183066197,-1.063597399832709,-1.2148622506365363,-0.3921897116422831,-0.1970626928441077,0.3835904947996987,1.0886521019291786,0.2515
2.24176490461208,0.1533508559527024,0.0528439267826076,-0.0527045126674966,,0.6410743714028373,0.8457640196300092,0.0950852887140436,-0.3681729160005936,0.0789
-0.546664279725991,0.2041202108760978,0.1202310771839697,1.517717705872851,-1.5743838574778626,1.0047147034108828,-1.1141821032259585,-1.2656118246970125,-0.0780104189170034,0.3142
-0.5918770013069694,0.4013720737288933,-1.2689266301892757,-1.4206083940941712,-0.1262874173659227,-0.1471916923572602,0.324717960494619,2.3418877917799654,0.596434783256008,1.4566
0.1474762595575411,-0.4149318688779513,-0.7149449363777888,,2.0144726047057184,-0.1342512352939314,-0.3679472883379359,1.0209064398810237,1.0188697916631035,0.1204
0.3224593714712276,0.3245279776799612,-0.8882636847075541,-0.269837075885616,-0.0568683332636565,2.947098706430456,-1.1757659252654769,1.7468182456632204,-0.7672857889850072,-1.9404
-0.9635719727371626,0.6857489623698516,1.1204214808355204,0.2255269424614562,,-0.5689288253382323,0.4690351165693316,0.628102263778042,0.199533485228946,0.8244
0.4647383052148018,1.4974519637304722,-0.4692294529454901,1.0718967203998573,-0.2860298960341175,-0.9245782265098292,-1.9999332695267535,0.2977651713073334,0.5053526944749865,0.6421
-0.7538746295188906,-1.110282337659832,0.5012785774787867,-1.2314817867932557,0.0607434618145214,-0.25142312258278,,-0.1285359635869668,,-2.8876
1.6148046209725089,-0.0679983798444433,-0.549374988970634,0.6085259920817286,1.6175538936717575,0.088517349817725,0.7962042842534703,-0.3644748730678021,1.0686671056935657,1.2012
0.4116368465380671,-0.3643351342796165,-1.004055007865588,0.6938106205574882,0.3228846416588443,-0.7062291707749709,,-0.0081800019874064,2.5476055844407712,-0.2440
2.565243645446528,1.811381129748968,-0.5418145405401993,-0.8264177736728465,-0.2240544240665332,-0.9232291251567216,1.0877232137868027,1.5003342184760553,-1.170937919241951,-1.8248
1.1238524911846002,-0.4465731332185406,-1.8164654567905243,0.2101205263187116,0.8759739316434461,0.2723548586271469,-1.0585783258896038,1.3319141316915275,-0.933399310799822,1.1673
0.7890262916480822,0.2413791723310049,0.3657719256546756,-1.7858018118365715,-0.0043562357116556,-0.6429428345496044,0.6895921318986726,-0.4328560786891363,0.9051207209488356,-1.3886
-0.9990188092079788,0.1693175822248067,,-1.0746676556738337,0.8140389032687257,0.166545464568602,,0.4950594830497647,-0.2251940446852737,-0.4340
-0.4097880190507486,0.8440213940419701,0.8364873266502659,-0.6820901639096014,-0.3347212114383878,0.2751828507695952,-1.4622910534190512,-0.0279371304997995,-0.0179546243779793,1.3999
-0.0415665915663933,0.7581996893654996,-0.7150114817648846,0.0799093014029146,1.1163585184377791,-1.484957430060729,-0.0777589237855485,0.9905965489676292,-0.4753846175643177,N/A 
-0.3221170179011536,-0.2904062378989407,2.3271358366671064,-0.4899825806394966,0.4211518929631316,-2.0352401836915117,-0.293978810869796,1.5029720128602462,-0.9881136669959296,0.2800
-1.3134158367989686,-1.0834667083337015,-1.3842928325235884,,0.2376742993387165,-1.5025055573200483,0.9390226554790648,2.142963211258135,0.6633777321184012,-1.1823
-0.7726000492287128,-1.686938343633018,-0.491173901250209,-0.3013833746586286,0.3700744543950913,-0.0995176449928146,-1.403185797229609,1.134397589871677,,-0.0998
2.0322650109964853,2.3064373507127,0.1838771810964135,1.5479439624811389,0.0662326645852931,0.1132414278145113,0.2226564649051539,0.8456106573404898,-1.0628941870150748,0.4336
0.7401520388367903,0.3108763754330337,-0.5402564214198547,-0.9423931270969385,1.4540183424317497,1.1450086577555576,2.111098536768399,-0.7082899385831712,-0.6577280701012301,-0.0730
0.9766236889711676,0.7564170271625162,1.1398434596806744,1.0077533726416783,1.2767068757893394,0.8025933887126546,-1.8620684832891785,0.8223017728085702,-0.6862944672524931,N/A 
0.6067178073541444,0.2413569168194869,-0.8328716471186333,-1.104722467474051,-0.0971359534288619,0.4831800961346159,0.0483492799806472,0.1746986547487553,-0.0886281478213982,-1.9766
-0.3148715953905356,1.2689946675339818,-0.1067159002426037,-0.1416108231586548,-1.0525616513815457,-1.3763195846135765,1.5790423088293102,0.5960328073676343,-0.884236961934158,1.0289
0.7177735339117903,0.9696578618930556,0.3105062511497331,,1.8895282051059263,-0.2411051217112059,-0.7872182541205018,-0.7506588447948647,0.3063770498657276,-2.1725
0.3914299609972702,0.9059542096433904,-1.5619170100654995,0.2226517890618547,0.7970440218153457,0.4329339860733567,1.3341815243790862,-0.3879539948780083,0.9729602686052384,-1.2022
0.4608459083166987,-0.2077972749837767,1.470911856176102,-1.7317015054174256,-1.739665182773455,0.7063647308098513,-1.0936335321716986,1.1733002750374537,0.7544453069586748,N/A 
0.2396306685752454,-0.4523902725458008,0.9896452109700656,-1.528410313498044,-0.6048470413782449,-0.8496716348501412,,0.4358947423855966,0.1274030628022117,-0.7764
0.2800933911317692,-0.7538546360953181,-0.2863112813366056,-1.6175485960910208,-0.413616983835632,0.5280456828267628,,0.928197227548908,-0.6130761797050733,N/A 
-1.3257945494273815,-1.6038395469628328,-0.6257511902100594,0.0258256371466736,-0.1681591331915789,-0.4812501403921601,,1.421520451308519,0.7758564663415333,-0.0237
-0.8790083787512705,,0.0477975279770132,-0.5199928595547055,0.5250849257933045,0.8361986209889929,0.6851876362716894,0.8493482988974871,1.0895611401486036,1.7788
1.7366487299072813,-0.4417006866308193,-0.3644672963906966,0.7112633450093876,-0.1525969267635565,0.5482188431528872,,-1.0087508662802604,1.0310813035688997,0.3881
0.7704189704041644,0.1494554946018575,0.6318388279617745,-0.2875844521309694,-0.0717003858174719,0.8466749234058126,0.2453307080145063,,-0.7587249691213536,-0.3671
-0.450903953147783,-2.039210805309095,1.3265847446172878,0.1279311040674155,-0.0415115783161645,1.3948264015067935,-1.0040583352456032,-0.0143915864824338,1.7942132712294885,-2.9005
0.4678375680352916,1.5481833358577344,1.2283012669184012,-0.7567538435636112,-0.9154243047350548,0.1469965386776066,1.6663735551606953,-0.1770499924789316,-0.3198588265790155,N/A 
2.3546974795991025,,0.0188188403913742,,1.15315240667267,-0.8382777601179883,-0.4574088454342412,1.531044072319837,0.2288243388228665,0.3037
-0.4555838148988129,,-1.5207170855257228,0.6748249118411004,-0.0620177784321417,-1.330052259016068,0.2332477537973505,-0.3227185010986805,-0.2131022345833678,2.0658
1.017752682365206,-1.4266709300341378,0.1894805555384547,-2.0192060830104284,-0.4920217853633946,-0.5841550419896616,-0.7117159480960367,1.1249221582564644,0.3267449124932662,0.1717
-0.4079008151716831,0.4468814207809412,1.745956619453469,1.1443783675180692,1.211240298130683,0.4785414828954979,-1.4614056201756396,1.8859815515739609,-0.2458706475779541,1.4776
-1.1522135602955312,0.2364925364733008,1.2366625306562458,1.5088473296266174,0.850765250623008,2.241037453698215,0.3624402823364251,0.1468951997096281,0.0128520093025207,-0.2979
0.0144512964363312,-0.4792262414702655,-0.1767993177701061,-0.0455229300474527,-1.5432392125746175,0.5601548063270827,,0.2916976919647509,0.7139302781898489,-0.4878
-1.7828746770861306,0.0016594213185476,-0.6324721050350984,0.2676348794429858,-0.7465378290833315,-1.111117110839015,1.179681189493976,0.5885857709158556,,0.7183
-0.9475135611238188,0.9338046872939442,-0.3551524743349841,-0.1896497077293977,-1.9302230801381688,-1.395072963999387,,1.5109354635740284,2.859873301724069,-0.1456
-0.3399968568102889,0.3538503344786129,0.5600537730866137,,-0.4314751309774576,-0.1857086115516924,-0.3153139973067522,0.2132719884676017,1.790050496260002,-2.2256
1.0854101438370092,-1.4330814098100244,1.187473807082977,1.5445003973507978,-0.0960165387244115,1.3340677059806128,1.0045303603891524,1.6782010524456643,1.0673118170146243,-0.1857
0.5757982817956276,,-1.21040888228642,-0.4059183792652381,-0.7895786391542851,0.7444399982186173,0.2043912914121468,-1.2384449082059632,0.1139037421962751,1.0585
-2.0354545276110345,0.2051647710530398,-0.8762058836224237,0.219025189508384,-1.9962807611825315,,-0.4533643374146371,0.6947644258060439,1.4709676227146211,0.8139
-0.4058513325805902,-0.3246543838152096,-0.1653595160769176,-0.0402524917467388,0.8010523454222245,0.5458454367241403,-0.8782842631509674,0.163528148222912,-1.1947143157788065,1.1815
0.4077083831803038,1.101486866461962,0.0286043308335757,-0.8075307495954905,,1.096486176753119,-0.5015419176593718,1.0802272735932987,0.7392418267617931,0.1827
1.1960942082565993,-1.564341438601364,0.2445482902763681,0.0968370620390194,-0.1651791907997024,-0.4231100383162495,,-1.2868083347729589,0.7700958390019772,0.7629
0.2558991498501755,1.373547276896611,-0.7548752736928048,1.2821507883136838,0.8398223950293636,0.4968042301156991,-1.9125854901595785,-2.3069115968213363,-0.3255021147942723,1.4202
-0.6685189016250999,0.4458235791253356,-0.83316958756506,1.5711024264484392,-1.2518142413307385,-0.5869548283466279,0.9500217422719784,-1.0637627970672798,-1.6432483958384594,-0.1882
0.2713376271552394,0.6204026505378086,1.1020094346966354,,0.3991110150447378,-1.3480097099473012,0.6166520060457031,0.2970525306022887,-1.5953698899218869,-0.0528
0.6664417173230759,-0.7134823623796883,0.7138979845773399,-0.1621336011662956,-0.7931104777740666,0.2960184557693555,1.7727370173829533,0.2401968177949779,0.9843572393272396,-1.7293
-0.6475658425428789,,-1.410043410814967,1.1334237625806065,2.150535459805752,0.3872537186004594,-1.705395031608291,0.1871839546870957,0.9796108344825492,0.3902
,0.839793729113021,-1.011919732092058,-0.8563837247138726,0.3218315132357356,1.360775060783174,0.5910729830363375,0.5657856569079105,-1.8928977735724173,0.9113
0.7103996879727877,-0.1577672267911681,-1.565672001603865,,-0.6819864350860758,4.052978665328968,-0.2572905694326167,0.930056176214594,,-0.5384
-0.3831091484146524,-0.632170345129911,-1.015404242299808,0.8330782954700526,1.405799506644892,-0.8189603532756711,0.7627432253560009,-0.4907785912251713,-1.480916125744465,N/A 
-1.9460816298041963,0.4837716825038498,-0.3181911183260963,-1.7310641916582166,1.6179768201128115,,1.8714131245833163,0.4711502583441468,-0.2959117891039128,0.6239
0.6818854964638776,-1.028145857842204,1.533654446425488,2.0070837481324832,-0.2956398702574715,-0.6877857684647195,-1.4195709036608577,1.5014165763673912,-0.6680755923876337,1.7829
-1.1474368846572205,-0.2715251526311664,-1.0794375307190822,-1.4367550929524764,0.3924742754869691,0.4881579392967545,,1.3549027651995935,1.0315567098012866,-0.1611
0.3139647082857757,0.7098517057990222,-0.16521217579675,0.2043966474499162,-0.9261903705529124,-0.0013816449117234,0.2942935047128057,0.1241135101951161,1.4769129957876406,-0.3730
-0.8359239019239812,1.130122024759687,0.4336932537848055,2.118884872876342,0.237219589453274,1.8078979681616727,-1.3614544035068434,-1.6517161739699244,0.9941255154049862,-0.9772
-0.3107131900721727,-0.6335816332069651,-0.02834812618367,,0.1080885487226408,0.7167142807138649,0.849806634042498,-0.0855202635167843,0.0178166266598176,0.2627
0.1593555446355565,2.5529627049856822,2.329051101064892,2.887639826217341,0.248034684597479,1.6919298473640585,,1.0453601139507258,-0.0449758732693438,1.4404
-1.4748987765314223,-2.8405556274364394,-1.3480348705577023,-0.6782700127904464,0.5749772882426417,0.6619817047400606,,0.4369976539899732,-0.1355242369324443,1.3296
0.7318283925895818,-0.4251672450623454,-0.880902543486738,0.7411098031365019,0.3539368288513529,-0.1246752030740947,-1.5220873046046035,0.4239488262833074,0.8323609065903212,-0.6628
0.528676518003445,-0.8644074875788094,0.4010796054503633,-1.4297039741767752,-1.0737233586363408,-0.8909700483093045,0.3868075416911459,0.6944974649103478,2.0805719887876952,-0.9577
-1.7007625458152331,,1.412286558185741,0.2122312155614757,-1.6268215608467222,0.1712781492638459,-0.5645377842455384,0.8383110764442814,1.029935592285024,0.5800
-0.2628635022078088,0.7030770599879613,0.5439642535333472,1.0314360949594052,0.271489860800759,1.106506754757472,-0.1958661017356297,1.2443425988906638,-0.7877534495787284,-1.4977
1.1777325757432884,0.8702318104011786,1.509723232313545,-0.3060800787986491,-0.302656007565685,-0.9860476287044788,1.04077996998759,0.0996690783724113,-0.7326056809731014,-0.1597
0.2522703635809976,1.0921396351179662,-0.6511105358243772,-2.750366142367617,,-2.549200341202399,-2.2694740171995824,-1.4924378826927145,1.80038736863541,-0.4545
0.8014142423869318,-0.6925454184373875,0.9122398817125368,0.1780176795835084,0.7162616807982387,,1.1601269690997835,1.1154923199739657,-0.454301220544421,2.5534
0.1327082957599512,-0.7319695020012079,-0.5493090141054789,-0.337632337085531,-0.2673171886735686,1.2564722637551555,0.1950132792330928,-0.4761420149273371,1.3084730808634777,0.4002
0.5683354088068722,0.5645358282898493,-0.0624507200493371,-1.0876539892624304,-1.0438316442866002,1.8916837829043365,-0.3382636342930011,0.5564371663659718,-0.1797248770054567,0.2179
-0.3010330586715659,,1.6798122319020865,2.12737676548178,-0.2211442743781238,-0.7967122186541515,,0.0903442125895367,-2.347067467456712,-1.0073
-0.6352520088927512,-0.0751137627649096,2.48423107467831,-0.0533184609725302,-0.3588126855234517,-0.775116129003557,0.611290923678968,0.9493713307768628,0.3175671477432686,0.2174
-0.3513494340723244,-1.541320533932864,-0.6431989251004248,0.0872839087488354,1.1036643370139791,1.7624980981453513,1.6870155693581828,0.332841030894705,0.0580709763200105,0.4835
-0.0238705479429887,0.7652473078728983,-1.4316340912936505,2.448004803835113,0.0389170174531224,-0.7837753314390079,0.4201907386102151,1.034350702473927,0.1329178657262023,0.3504
-1.5318651926253113,,-1.1209552818626736,0.278609157164735,-1.3080360813641565,-0.1508255513834401,0.5020300213255756,-0.7618485715927362,0.4517183980582695,N/A 
-1.2108583516263944,-0.0513936578455929,-3.5647365455546534,0.810230355209734,0.6693817359483473,0.0993335986725962,1.148600734830027,1.0724523553545855,-0.7330981794341779,0.3005
1.3004669144227654,-1.8582541960912284,-0.3909939951797762,-0.4366958289870873,0.7935763072711237,-0.2829415903959204,-1.953243608937005,0.5268756475628734,-0.4639438445488963,-0.0150
1.5013924379242578,0.3386544237680657,0.8656176792654315,0.2094117316916956,0.1931145260044394,0.8935418387418306,-0.8894554938924315,1.5468281942871762,-0.3347238416859801,0.0398
-1.5454002921112682,,0.7152789743984055,0.1085485257149694,1.331586504129518,0.0042914309340332,-0.7200855607188968,-0.0083838499285222,0.6213359738904805,0.2655
0.5665964602845531,-1.897560860392503,0.7249596450092052,-0.3896124894234982,-1.0545158895130795,0.190084262560863,-1.35195089890931,-0.7418411004539691,-1.0356302706131917,-0.9058
0.3551859844147623,0.213514194831601,-1.7428581887187289,0.4593029046670556,0.2415924161140556,0.5344704590427027,-2.710330186963411,0.7382718496809415,-0.5085627087829028,0.3809
0.0971893517124178,-1.0602873311014498,0.6588493962843209,-0.6481968150943183,-1.1329016821011142,-0.5406358513399979,-0.8773352891674857,0.6850948933290275,-0.5718843043428217,0.5294
-0.0395475053218839,0.0341737065955392,-0.1350732830444694,-2.1995443715607976,-0.69367573563588,0.9297634453871944,-1.2349341979589328,-0.2133879185237874,-0.3692330391281211,-0.0126
-0.972830585290254,-0.3649117571354511,-0.4294432347577979,-0.557901207005126,-0.1856936329201977,-1.23014191767607,0.8028509221410555,1.4304906499897787,-0.0705923241615022,-0.3016
0.1511525443559048,-0.1611369053027801,-0.6875631350743714,-0.4840567434946837,-0.2234753722323285,-1.8827126251142696,-1.060305928936244,0.5490075298059167,0.0206374956974273,-0.3225
-0.7485068593356826,-0.0088304572907306,-0.2504242024754783,-2.982769212965142,1.2756824380428513,2.2185749166163653,-1.1472472403153895,0.5886523099677258,-0.7975084649434474,-0.9645
0.5933553865205031,,-0.6646907900383987,-0.117755814739644,0.8026267266977195,-1.2815554334477348,-0.5610354416117639,0.287377634721798,-0.6352488585139682,0.9226
1.1944519588168574,0.7897482748678765,0.5949741463878114,-0.095220535245544,1.6211897149909562,0.2929081627885748,0.4894637728796862,-0.2662771877037777,0.2935214576700179,0.0541
0.7494991226904942,0.1042166639362952,0.5841445858367917,0.0723518792615911,0.9969099714610372,0.8945564696124989,0.5254201388824121,-0.1173591015818089,0.8226231444591365,1.1411
0.6516771397562979,,-0.2770477768144924,-0.651054067354309,0.7890956345229081,-1.2854033761683474,0.1646880997618655,-0.3614053415629604,-0.0503666474804442,-0.2048
0.5364834183252604,0.0386826199637684,2.166738061472225,0.2411900477288227,0.0505728773881822,-0.0875136253853596,2.170298947928333,1.6637301363260295,-0.2396644550441696,1.3651
-0.8715911530501467,-0.257242131771712,0.3274868634902799,0.0354516407246127,1.9226144060308157,0.4211783001954015,-2.05213658399709,0.5952050757886158,0.728388946560386,-1.3846
0.2816556178867069,,0.7277654509370269,0.4129365956524719,2.256722663471166,-1.671728188339613,-1.8813715606827928,0.950075082368625,-0.806150589480871,-1.7011
0.0871037274042065,-0.4592050495495062,0.4137080922063112,-0.0896333434759798,-2.780282396802264,0.8441021650846472,0.8248885752857403,-0.599961206824361,0.7711294064222081,-0.5428
0.1853281982610238,-0.4284657265542245,-1.4538552735940014,3.2256954696837035,-1.1746675370054456,-0.0492156320261386,1.1047870441252927,0.4130716722110449,-1.1587811121736162,0.0918
-1.0596241652072735,0.3022059338774773,-1.0016509822248334,-0.3019066335639165,-0.8152909587372847,1.4657230389676337,-0.4533481227242838,0.7823882550295125,0.3368175078216712,1.4614
-0.0443237485941745,0.1855978696706423,0.1881322039038869,0.7832055521974954,0.9809058494308158,-0.8540288276031799,0.0381659926997363,,,0.4996
-0.81720765759625,-1.6313959006384522,-0.0317221151882729,-1.1650189971331897,-0.6000076789907431,0.665347892197798,-1.2853845897756813,2.54764775068424,0.0137827233495864,2.4992
-1.5046637509115075,-0.7736306992722499,0.5602305147861584,-0.3238851771317216,-0.3031772124180455,-0.0677763382211175,-1.18152731549766,-1.4840634478989951,0.4525608544137384,-0.1733
-1.5903852997627588,-0.7316494691053586,1.1942559602523448,0.2540089736276278,-2.211803189716944,0.8546823337981715,0.2670490768050606,-0.6738446329158349,0.4439341845759365,-0.2203
-3.2044013443296304,-0.0929815415900884,-0.5217764481859903,0.2352447649955739,-0.0749488681319871,-0.4886082555487051,-0.1790197008663722,1.4627109926685042,-0.4669026215350844,0.9247
-0.7308073837609272,0.1934273824987208,1.0840763597791754,1.605747003291619,-0.8510638941161605,,-0.351374444906163,2.168990050133252,-0.9737279150868866,0.5723
-0.0899699683165074,-0.6651749876955055,0.5679033765300425,0.1725968427601928,-0.2083903631820283,-0.2143740269929745,0.747336730872687,-0.5014984615832712,0.5358587221304048,N/A 
0.0743591723959814,-0.2570786204876795,1.2295656070851024,-0.7171347104440456,-0.7269206011637456,0.2969871677745071,-0.2980932725067026,-0.3541938347877275,-0.7166694592580104,1.8128
0.9363316171332672,1.7074372553699122,-0.300421615441042,,0.7208606770074611,-0.5112341605751958,0.3217869137331345,-0.5376954530369061,0.8869379718923378,0.9414
-1.117096758877378,,-0.4014150779380573,-0.8546648263714268,-0.3455044465975324,-0.3886601486871377,-0.1325216448585811,0.8118608800644789,0.8715091150677308,1.4622
-0.4130770939197855,-0.1564237110791154,0.9225912444043228,1.128934553074327,-0.4761872591269639,1.4578884535227348,0.6894977313967735,-1.703402834000881,-0.472677821079432,-0.0154
-0.4045244610445209,-0.4745345098289996,1.681615346885802,-0.5753165234574761,-1.4528769204951897,0.7684017759384855,1.780692459303301,-0.815972077952548,-0.8680449469754509,0.6624
-1.015920048813274,-0.4243103835464876,-2.7075526466502056,0.3864716619611582,0.6287192979207448,0.5945685401982709,,1.3499862386781372,0.7701514332531251,0.5095
0.9647655980577892,-0.5219716936790164,0.9738523383726196,0.391790376912581,-1.049847741835264,0.7134376812227574,,-1.3297938020951163,0.3866875654735099,-0.0538
0.787288659978675,0.8706661787995675,0.201726949163831,1.015484821570998,-0.0832139317284852,0.5440821352876746,0.1150042559296669,1.19001002167674,0.2936131348893456,-0.4364
0.4600558308894821,,0.2478729539889701,0.2226046207397767,-0.1249252458610192,0.4944704257938992,-1.4721218972165244,-1.1008242164579811,0.9368994035929022,-0.1398
1.2515262265250058,0.211169158004513,0.9568146245532748,2.861790712593108,0.4143905044146448,0.6489327123886877,,-0.5278244782165931,2.412288893383583,0.1108
0.9507341878429252,0.5538362459455373,0.9588397184209314,,-0.0693679872615126,2.9392616496290938,-0.7029894678081388,0.4328145842475032,-0.0242762876719703,1.5595
-0.4213374364409204,0.3009661603109161,0.548867005318602,0.2964616821880034,1.4232220103409052,-1.893415223388892,-0.7280980473428672,-0.4068753279579725,-1.18031295883503,-0.2734
-0.8301327640537716,0.0069858003454511,0.8153409348153405,1.1836454121473283,0.9488474462213948,-1.245765810457829,-0.7199904912881786,-0.594117661592662,0.8452230271215404,-0.7281
-0.2759935859272559,-0.1767425881045166,1.3776740816094195,0.7571712897279055,-0.0282597743454914,0.6820090102924058,-0.8979430661817194,-0.4456732424252125,1.7805568672702796,-1.0093
-0.311745681963606,-0.7798782520842711,1.7080771578022929,,-0.6918948604975482,0.0847205869549459,0.9164893396353118,1.6381711687625689,0.8261227917001195,-0.1833
-0.1726307543214518,-1.095593654715424,0.87950967247501,1.19318883565502,-0.4966296124514448,0.9639869142229934,-0.0541736130579278,-0.6688266508278196,-0.4913465807072785,-1.4291
0.471440408051307,-0.1388462151612245,-0.6332950083160452,-0.2747907166770622,-0.945428759913412,-0.7789090348792924,-0.234691407306853,0.7754874773457036,1.3952594636668685,1.1313
-1.8935617005169176,-0.9644608468882124,1.4616847409520968,-0.7402959096436277,0.5567471895193293,0.4021506262309005,0.6607789620051909,0.7345482174903561,-0.0789274366005517,-0.4431
0.807925895467785,-1.212757235690961,-0.418225275111692,-0.4715685724000785,-0.9847980235210556,0.247996115386704,-2.0794595567676777,1.4469323219036532,-0.074370367158981,0.3912
-0.4091872972507214,2.2601376971460323,1.5703860901649993,-0.1157885084533792,-0.6148838936486214,1.4703237602880248,-0.8752650047861564,,0.8862178372208785,-1.1934
1.4112611122207832,0.6348518161323454,-1.3353366305351029,-0.3181600077286268,-1.199364145286149,-0.0920919265278953,-0.1183957552890919,-0.2421343657957821,-1.1353830525706614,0.7386
-1.881916366036795,0.5162947059833741,1.130120770535208,,0.4684738593924695,0.8194335561639257,0.2999292797863282,0.5133476951519181,0.5510102895900884,-0.3087
0.9701679888716442,0.2567898350195146,-0.3087808137976824,,1.198601830825169,-2.210754411719401,-1.0251420366652093,0.451046213413367,-1.0627067209359862,0.4196
-0.3190028412435265,1.050806950045082,0.5257676546687706,,0.452405004626994,-0.8226206360531968,-0.0414344197256933,-0.0534317044831105,-0.264590056794272,0.3141
-1.027290460712499,,1.6430648060345945,0.5638039657651068,-0.5121027306959571,0.4890018481950047,1.0326523148170004,0.2241838954320289,0.9795872778637986,2.8350
-0.8550565595136227,-1.0976479234388548,-1.4832847275970005,,0.7905165438210793,-0.8932616800848866,0.9378197070626793,0.7266064475400774,-0.0333289261880395,1.0934
-1.2406786111166528,0.9046720077559984,0.0547973838732614,-0.4803501288062425,-0.0332054514022711,1.0590844084392734,0.4618181653271309,-0.0630494781539429,1.3631444775571766,-1.3735
0.147499113945925,,1.0378517098479338,,1.2253003898461252,0.7808131701432285,0.0546859579127326,0.6342279582425002,-0.4659489556503994,-3.2600
-1.0548058857814702,,-1.0954529327403626,0.2625568522749597,-0.9878748407560548,0.1609510634284353,-1.0866818467374817,0.4974427864708277,-2.485534257383303,2.4697
0.8794498677476256,0.1952010578661286,-0.9324791653117944,0.8295776196445886,1.613707236384133,1.8611880290852043,0.8320929306986831,-0.2417135870902867,0.4976560311602685,0.6936
-0.6830572944776139,0.2093823897402863,-0.0912248780925719,1.599884690400954,-1.059666929858014,-0.7619970395137926,-0.4942097675690682,,-0.0884530829625429,-0.7718
0.7770415140323698,0.7517522645039417,-1.3553187959390387,1.113842036252056,1.0216840580183215,0.3241097623286021,0.1379108274420231,0.3427301893697331,0.7905545231828717,2.0634
-1.566579226358155,-0.2491450919171796,-0.8296919458264468,,-0.0845042150493154,-0.2482390492043094,0.8319105435859409,0.7492513131791249,0.1166439351287239,0.8759
-1.8925350180516776,1.2870017739377655,-1.0735183019392702,0.0104713109783426,,-0.6086674897387363,-1.4289613556182017,0.256020961954552,-1.414566275157226,0.5469
0.9964788473844896,0.8899226852999873,,0.3622192730599347,-0.5186716584656885,-0.50115900791005,1.5904072534703484,-1.4415530800551792,-0.1361657412782751,3.3616
-0.0839077049555662,,-0.1789928493803386,0.1331260544257482,-1.5163195721085458,1.3544969868335273,,0.3064512213840945,-0.6226687771036468,-0.8887
-0.6525606973003015,,-0.5075280590069419,0.2085049957285984,-0.1704647762735293,-0.3095974458724565,,1.0508625805660037,0.1104778541442646,1.6588
-1.4749234848070356,-0.7385933017932479,-0.9056718558799648,-0.522705371783062,1.7151330606796769,-0.7756569677867,1.1722398897253976,-0.4988353759041238,1.4162584083552172,-1.7785
0.2370443134824885,1.325079145317929,1.4352766177219407,0.6448880845331009,-0.6546059272133937,0.3139416831142587,0.1542679446044407,-0.4415391885282456,0.6937317986501985,-1.0439
0.7801109274626133,-0.6683611253970089,-0.1427276687901883,0.013933576006285,0.6837259588869885,-1.6226771912064988,-0.0323493756111131,0.1269749229075579,0.3439154728908254,0.1743
-0.1487658451111134,-1.1353066803163894,0.0640541197612233,0.9697560130661624,-0.0597128713134865,-0.4263538327097125,-0.4327620511628963,0.5308894101315698,-0.7811969192647539,-0.8256
-0.3447884447205472,0.2035594864786687,2.113040789896373,,0.5496528847164777,-1.6550732928993526,0.3269645356840742,-0.0046048161888281,-0.4996330025642379,1.2186
-0.4889829657258489,-0.6504885271846796,1.188652889438477,-0.4240409382920225,0.1261533906878574,0.0798471197612956,0.6156035008526249,-0.3876550986194973,0.1720206638156305,-0.0717
-0.8281941006505581,0.1846686958456376,0.7235639185957282,1.27348609245203,-0.2267360999568131,0.960441452787425,-0.9439927378565676,0.9713137293126276,2.025897854863806,-2.1066
-0.5474762272052521,-0.407685539697185,0.0287200019635187,-0.3701704308989084,-0.9858132428139736,0.1526072666991359,-0.1536967139170124,0.6670917568226573,,2.1194
0.9000817317407802,0.2651847118261032,0.4950892317732979,-1.1504564866590536,1.813345935608184,-0.4753460675055334,-0.6940754279821083,-1.038337546361711,-0.0719338013638161,1.8117
-2.425305864592758,0.368114584835517,-1.1962476257026915,-0.7421756125152421,-0.3677495920267887,-0.0481760147526262,,0.0467736475467742,,-0.8287
0.4676534378498243,0.1790805163788435,0.063805014593319,-0.2817174676942998,0.4056993070431097,-0.702667491249827,,-1.1645268827960351,0.1963020947529958,-0.9982
-0.0010277401290635,-0.3162914583822231,-0.8711561945257527,-1.8825533200033504,0.4851659429088387,1.6682205551160212,0.3045479920119229,-0.1027197691264642,-0.8551737732128758,0.4861
0.4987404482960378,-0.9120962617158148,-0.0045823790009896,,0.7227062705874842,-0.4807610652532978,-0.8953445057129253,0.8201679997061962,0.3188927106973718,-0.7139
-0.0619162127151089,-0.2946843576721413,-0.4185740231108837,-0.4520892869168152,-0.5241738232999129,-0.2094359602817567,-0.0740232239678053,-1.0588482919776565,1.80524557746825,2.2049
1.3531367910298542,-0.5741769352030293,,-0.7071464163543116,,-1.2178817522285177,0.7765609229770634,-0.5490590873240263,-1.3737927261622485,1.6447
-2.198582715244327,-1.2797332251101114,0.7978272705092994,0.0853319921332515,0.26837602121903,-0.4806838010699818,-0.3196921367430906,0.729918949833106,2.459403917366686,-1.0408
-0.3526750612122656,0.0004861722850597,0.344903290300335,0.3279124581358655,-2.835362100200765,0.5615278711137083,-0.6299203029080758,,0.7286912294224086,0.0701
-1.353573826664953,-0.1927161216565374,0.8317088093785254,-0.0457016786361237,-1.6524115137439213,0.1873778337567188,0.4189590279428091,1.0877880746107185,-0.7578038595000863,0.8994
0.6137987244599834,0.3451950057359823,0.4189216898900718,-0.2469119724086965,-0.1983754208543942,-1.046837998583749,-0.6189145950335844,0.6664313132322374,0.8175374065830285,N/A 
-0.4717587079262575,-1.258639954681685,-0.162426891407872,0.1358400545910416,0.1284615772588162,1.3448106413523395,-0.0054200160531431,-0.0533077295222833,1.274473433484782,1.5010
0.4101151140164273,0.4534916085829308,0.3731852397363192,,-0.9279715904520852,2.780928130090788,1.0551538541422674,1.2569129117205804,0.5990123795016777,-0.3864
0.602956221060987,0.7783094661824622,2.154139673519225,0.5616104936268691,-0.3088373297643838,0.0377374767653537,0.6334337246330242,-1.1363513776227194,0.299595412417976,-1.2406
-0.6157984061588859,-1.0297005546258575,-0.2829405195021148,-0.2175095308452319,-0.0717402328880369,-0.6859279290532874,,-0.419526100458699,0.1103491354985802,-0.7405
-0.6386593699890917,0.0462882146515513,-0.5325933147339275,0.8741381226953875,-0.3062837059174395,-1.310000279186209,0.955217442311536,0.7209127223881229,1.0263096371298874,-0.5905
1.5869005910803196,0.6350381864582895,-0.3072847772013024,1.8193081750660152,1.1554907621735089,-0.8945247800860028,,-0.2650799170184325,-0.6546323809500951,-0.7188
1.981741639437888,-0.1936589793265336,-1.149765128075744,1.4952398899081891,-1.7660341879010957,-0.4012057005036743,0.4961985858327952,-0.1919072894574058,-0.0931217767904853,0.7878
-0.2324292486725158,0.4894589588001796,-1.4654795332201904,0.5755968685554785,-0.5828675048018216,-0.0161560014145245,0.8021035754350757,-1.298218560021385,0.4840045406812318,-0.9105
0.3779318800618459,-1.6866596492988846,,0.3653381379303759,-0.0474823414214928,-0.3461618764119371,0.93371926157658,-1.773060922936549,1.879704937304861,1.0464
-0.4140662573419525,1.3716460763814853,0.4230315275097528,-0.6909354705272561,0.4565463915845188,1.5384118945577334,1.482120549631165,-0.9344906388420242,,-2.0349
-0.5914358972064883,-0.5897593582635491,-0.0232835586388193,0.8539146991084594,0.2968497114853332,-0.0788431175294387,0.3310785467043371,-0.8148638105567217,0.6838974500021685,0.0402
1.0552452583278586,-0.4855552635680686,-0.9951037898831464,-1.4686013664782465,0.3951327325372529,-1.7800932542447223,0.8042851124267627,-0.4631760533196537,-0.2244843059609596,0.2475
-0.3450487754409941,0.0881761578804182,,0.8836011780986446,-0.1508280531895494,1.0465681535665683,-1.6314312220657898,-0.0231865786875556,0.6353755906772375,-0.1245
0.5928412324669073,-1.110482094798322,0.6424136078579632,-0.6792705554680266,-0.5009659056833263,0.7517767311625198,-0.6302244425867998,-0.5723986873079979,,0.1360
0.2606795603233035,0.9995410201919788,-0.3014835434532293,-0.7971787378653822,1.6574204636003151,,1.94261938694372,-0.1070502882036034,-0.2522671319154951,-0.4554
1.4890738636626837,-1.5730960722054628,-1.8277408543644025,,0.7592804720158736,1.1444908907148703,0.1343001175055043,0.4572226977833302,,-0.0619
-0.9599160829449512,1.686459260296974,0.4684122896095339,-0.3560494105185445,-0.7027952689246778,0.9115668119162028,-0.6228228893414813,0.3512207466973148,-1.5909115139626315,0.3585
-0.5456440030460781,-0.4552148586576826,0.9060999730355712,-0.6981545493532968,-0.0425737606643233,-1.3997947788624314,-0.6725363902024775,0.8446698808752188,0.3396071970378844,0.0740
2.2688501250835253,1.372867573044937,0.4007695767848434,-0.7001492946628479,0.0169563774472049,,-0.6487385846060962,,0.0249270155244873,1.4688
-0.3397246683531987,-0.6348910809450846,-0.0008710478409004,-0.0069008268286358,-1.5756881165090433,0.681014809214659,0.6382027616680717,-1.1502645624900418,-1.5200648816821338,-0.8555
-0.1965157105229114,-0.3952098309921244,1.4604129501780478,1.505370087914409,0.3872745626522926,-0.3593788183982017,0.1260449255594427,-0.9771977267188386,-0.8348787186200212,1.4229
-0.0441124552340105,-1.332256364286272,-0.1582069501374916,-0.3288537398763514,0.3083953407068356,-0.0561740421960311,,1.477412178532668,-1.575997522315238,0.3398
0.5602514564865576,-1.249982109432587,1.4968130776835236,-0.4444664614357593,-0.5496872167096835,-1.7419516687181325,0.1412378992970641,-1.1968492746839725,-0.4793830133590295,0.9936
0.5142593881614003,,-0.5036259834908632,0.8253390641971335,0.8939041694025358,-2.1206409076049617,0.097098776932466,-1.0657250283439723,0.1085545750270566,1.1468
-0.1915220534992502,-0.4599255478958039,0.5508447011085544,,0.5354013822282605,0.5790484501808602,-0.4877244169471739,0.7946976277250961,0.7850964990591964,-1.0059
-0.2700979422500749,0.4752595097943392,0.7798118566289649,0.6898523525041903,0.7881517545586073,0.5773965930192692,0.5725834265158334,0.8176013429390432,1.1302069836987076,0.2762
-0.4118267917215366,-0.0423348379549939,-0.8570830727110279,-0.2751047383976989,1.1184522170875628,1.13704416500933,-0.6017135458749737,-0.8001321017994221,0.6773038626782296,0.9136
0.5104920416673157,0.2199423149774855,-1.916741598554328,-0.7799538939739165,-1.4187633959629444,-0.6096174099999881,-0.393506117498963,-0.1994095969506863,0.4667033471295795,0.9090
-0.4823766892297579,0.2036461875402338,2.290479721692848,,0.3716259991403663,-1.0732596822117426,0.9452987303416678,-1.7847495321580211,0.6444205328677002,1.9152
-0.9769654568652628,-0.8746687979843086,0.3352300877328348,-0.476726842731218,-0.5566192729026894,-0.1935533572551357,0.3078677160935033,-0.4763950306570287,-1.325611134114306,1.3370
0.6499389745823068,-0.1555233135894575,0.4509120837524734,-1.0116705214839663,1.128352188554039,-0.3093330894686681,-0.6484948099397753,-0.2239730829572344,-0.4045037510089687,-1.0697
-1.6290555709431849,0.3236717336908828,-0.4715825237616707,-0.920538024534708,-0.7383604487210779,-1.4142551499069966,0.0251135151657782,-0.3578018384436895,,2.4026
0.1849074747473213,-1.5782876687169822,0.8391887192456021,-1.1309520727323,0.5208024382468622,-0.7125197718434411,-0.3690413550780885,0.3670324398195906,-0.0693875122828284,0.7893
,-1.1305694203937218,0.3371328297716281,0.800860468909655,-0.3514292851381678,-0.2821008624936256,-0.2403991175415264,0.4750950020933285,0.4354199232404244,1.2648
0.8786007205133453,-0.2589726455966852,0.5243574135714881,0.203613484738367,-1.591587795704276,-1.1961589884317634,1.055081936248384,-0.2488177139458937,-0.3246381241152859,-1.4134
-0.7295358670828267,-0.4451525485037383,0.5376608440778647,-0.7555413257449235,1.030252951273574,-2.4625653522470405,0.1540081738814359,0.980301525291992,-0.8123803896523432,0.6462
0.1862430666527565,1.7695419889102229,-0.256105541342723,-0.5368592420468775,-0.9948713641049556,0.5157752446529043,0.2465627203579008,0.0530187792639369,0.0540224448323994,0.6140
0.5453461026521216,-0.12383597144306,-1.2153359961874586,,-2.2060874129679906,0.4982370714282891,0.3415183853964275,0.5011428775576182,,0.7890
-0.2772767909968019,0.7207010968495682,-0.7599859279914979,-0.6187173376256756,-2.3338920045140825,-0.7952811768430799,,-0.5255787360419804,-0.7018918373094705,0.1115
1.7258993278524444,0.7707918131988094,-0.9079868683816744,,-0.9365961546673706,-2.164462378908187,0.5672785467164368,-1.645018664911535,-2.418409996428601,1.0062
0.0357331844815443,,0.971728418965626,,-1.0668415933577202,-1.1383387623481571,-1.5744313192252135,0.506813274364965,0.2693198556966856,0.0858
1.8597700976277656,-1.385999777948851,-0.4179495030409791,0.7016493901046091,-1.2024152151965932,0.610189687692569,0.1827845168577393,0.3892575889659149,0.7257566660195099,-0.3950
1.420282548452883,0.2772473149207273,0.4876863753437309,,-0.668340071393316,0.0603870629546642,0.4383874010263239,-0.4266226670364961,0.6497904014659502,-0.6177
-0.2994856456471545,0.4464806813047484,1.716650367696084,0.3626268991649747,-0.7022051040505245,0.6710171931442754,-0.3801394293745525,-0.5985812810586182,0.6001039600196724,0.6257
0.6909833234851512,-0.3453775886817876,-0.5022694942040952,0.8633380037980108,0.6199331461296438,0.3757334810044886,1.660366252601331,0.1336678973052735,-0.3072299278124318,-0.0751
-1.2590384106762205,-0.1497330472874526,1.741565599950535,0.348335887247452,0.2478786894367507,,,-0.7462746267511549,0.0470925019403659,-0.1844
-1.288202442782128,0.9195539791054668,1.7372222508448436,,-0.8184493966174221,-1.596162752118362,0.3013523201492967,-0.4731110135983278,0.9030621040934972,-0.0182
-0.1062993904443418,0.4439763714114831,-0.2298888550656806,1.4367676529172166,-0.573784065185208,0.2171690082449962,0.3234958216128815,-0.1647445699064904,0.8425293039133614,-0.2098
-0.8454176772213154,1.0353512398485385,0.7562265474880904,1.1797104862192924,0.1890665037755551,-1.4094056504807264,1.4007659332905886,0.1648232887800078,,1.4853
-0.2203880495056918,-0.2948122817652227,0.9937842089369456,,-0.6546971930535853,-0.3877841436380022,-0.4363021670115258,-1.569393872053363,,N/A 
-0.9282418909179188,-0.190801221822412,-0.5429241922681585,0.996102789905908,-0.7534251337893269,,-0.3728067876090816,,-1.5326148263097807,-0.9529
0.335867267819954,-0.4814469423813398,0.4097016840468901,,-0.2598673059081567,0.2251932279542447,0.4688899192695166,0.2195949310171371,1.9139511466830497,0.8739
1.0953879157445947,0.1031578491960328,0.3676869208748958,,1.757902769263994,-0.6267344745250206,1.8433422118074516,0.7576692143776906,-1.1658852075070063,0.0545
0.1419713964344132,1.96763657630624,-1.0609072361516014,-0.346632542670609,1.5356748832683285,,-0.206874095971282,-0.1794912234028795,-1.8634887352554956,0.8229
0.3541226068528436,0.3454301092722608,-0.1089621702444248,1.8715539355870503,-0.5778747926306318,,,-1.5919508311556887,-0.2106438493274877,N/A 
1.2470503830565736,0.0536780118668666,-0.5909960096807926,1.959283612192691,0.4850380917824161,-0.6951078555878681,-1.1989912317800893,-0.0064426307435733,2.219089781810881,0.6456
-0.3694932711943931,0.1236411594004448,-0.5943912068821031,-0.0653817906679961,-0.3522536542094505,0.872038532883766,1.5396600356812398,0.0761034442873823,0.2713049159961679,-1.2113
1.1319965810722752,0.0540260586727496,0.4830282081988258,-0.5099617320110571,0.5116328687372527,-0.4755172403403653,0.4112722053544101,1.39792384538735,0.8235379123264978,-0.8657
-1.6277692332163174,0.6846372083253435,0.1547312868154852,1.22060706086976,0.1926332232122464,1.940588353762448,0.8690144130138756,1.049836454760941,0.2090117763115341,-0.5754
-0.7928876424306467,2.66620684704009,-0.8960455441793937,-1.003881337627838,0.0758101348741952,-1.6222619879186737,1.937058351737972,-0.7914058787518885,-0.0171209330759708,0.6408
0.1773967597108399,1.0798314384845038,-0.2929880683369333,-0.34283357766234,-0.4978324835469596,1.0966022004213931,-1.2167901767516374,-0.3964371247558774,0.4944270822425243,-0.4415
-0.713018908983537,,-0.8286202040311493,0.446353673793229,1.2416443299679514,1.8225426851010136,0.1872404060599261,0.2406769821248667,0.4918422684147353,-0.1435
0.6998658418142947,0.948821856718396,-0.9624649107000484,0.2804414749239899,1.5302592807718154,-0.6848978656375742,0.548027879492474,-1.4518945018955631,,-0.9866
-0.5636485813649267,0.569897851581273,1.6539213980012213,0.2219632178970055,1.0124908348025092,-0.1958690549282017,-0.2673912542628897,-0.2004026548308099,-0.0938155673545175,-1.6760
0.5573876313291402,0.8891955491788229,0.3386274474916271,1.0010803985642251,-0.98334453943683,2.412995519409149,0.850316977380512,-2.175375770507837,-1.1127952170149091,-0.1358
1.089599194344842,-0.7135031732590167,0.7974615723444296,-0.1236047376698705,0.4350980650971978,-0.2247386977894332,-1.5752387069899465,-0.3960260064085315,-0.7707249487025095,0.0068
0.876963669574913,-0.7194861970689828,-1.2988088549995411,0.6624034408887338,0.1972895068634428,-1.227909081449083,-0.8732002729233223,-1.283019721023022,-0.2818656843227149,0.9918
-0.4371885890361165,-0.2373567856739634,0.8092558412437282,-0.1388418840892053,1.138604707528794,0.9996815613759832,-0.2514267351258833,0.77330588783863,,-0.1751
1.5875498145401865,1.4687496120594188,0.0413653354375561,1.348645657898384,-1.2281740618100148,0.9687722817137726,,0.2259038773731394,0.2850317272759469,-1.6690
0.0922283482276843,-1.6835038590056033,0.1419106519612209,,-0.1477361853652031,0.1972814150006726,-0.6737435740323012,0.0220440523481189,0.1149013401467684,0.3547
-0.5723928865391826,-1.177365417272894,1.6811613188478884,-0.7911835811205357,-0.1566760572323222,1.2210912928846125,,-0.0582728937796415,0.0259481721426293,-0.1598
-0.7267160259222426,-1.388814049082031,-0.3316262700981628,-0.06955626704343,0.7871446867086802,-1.4079140326604271,-0.8338136238391229,-1.5077184663034249,1.1851280214042783,0.9795
1.5202214683301356,-0.1448110754615597,-0.6453925991098558,,-1.275780886347916,0.641357207905423,1.0697704999155366,-0.0833562326723795,1.2959602488477655,1.3841
0.7308773266951192,1.227619357744584,0.4395974319846799,0.05467899815145,0.3806438795864184,0.2712835778132286,-0.5579964867565645,-1.806346318493704,-1.6746737387910289,-0.6973
-0.0029979846255162,-0.3840261277389784,0.6729547739248839,-0.9343666361250504,-0.7789592879947543,0.8442004284738742,,1.246160964644884,,0.7292
0.5120053611555195,-0.0890820067376919,0.3459177889043945,0.4212689874539876,1.0644731079514655,-0.7377493912229925,-0.8073426161829892,-2.365308851770628,0.625654597941339,-0.4012
0.3445140080667913,-1.437495002420483,2.3357652765707826,-0.2061898901486767,1.0717868455378066,0.5181634001792755,0.3240882020449664,-1.3596111290918875,0.3112496748657611,-2.5476
0.0829380409243496,1.2405775213976118,0.0157889203609933,0.5654902767906338,0.7993765191420928,1.3779379058832315,0.1090396229403183,1.0281248203683755,-0.888808639055624,0.4112
-1.2136963935770262,0.1603969535111404,-0.3270210636481919,,0.1501255747507245,1.1141935448595242,-0.4519801847191177,1.684684774763858,0.3046205496776322,-1.1137
-0.2885410071859918,0.2123288511141129,-0.1451508241672843,0.1831986128316229,-1.0566627684969423,0.8335771969693903,,0.1907597539114158,-0.2512966044754821,-1.1549
0.20922905185461,0.0280385006783837,1.1574538259521263,-0.761526744145523,-1.2941908516311051,,0.9893005190365244,1.714742089573576,-1.6390718567388642,-0.1704
-0.7340304499374747,1.49409996478771,0.7768018528422471,-0.0199887207806039,-0.7408099851604449,-0.2109389085611432,0.832833484815829,1.4742232139940878,0.2284838743661004,-1.6801
-2.2991680452101844,0.212936551679106,-0.0531716420651497,1.577585880399574,-0.6940239998590865,,-0.9305875037284558,0.2350410254962868,-0.1438339109355781,-0.3028
0.2590266398121286,-0.1951174819214172,-0.1945836199170148,-0.3185747439950612,-1.0585914361605673,-0.2110109425723552,,-0.0513945006667386,0.138171221164359,0.9772
-0.7800379179660218,0.6492200326891404,-0.1583253381625051,-0.2138847664501897,-0.4167513266769954,-1.6747783708173531,0.8154504494546309,-1.6224016376605686,-0.4277647710814297,-1.2189
-1.9311547273569705,0.0605674319958883,0.2272785559337836,2.73269063733978,0.78766904809779,-0.2280445613359594,-1.579984351484622,0.6206146244069485,1.3097016120010727,1.5562
-0.3019576495619339,-0.5626517772833581,1.676824650878656,,-0.9744211072013856,0.9570624641019236,-0.1848271800704961,-0.6210635003578877,-0.355888815769914,-1.0862
1.529786874697486,1.6198673254677234,-0.8216234540225423,,-0.9514901537240608,-0.5552599553282739,-1.0356748823892885,-1.1605759478276938,0.521426922357615,0.6495
-0.4472744011206319,,0.2261833990240911,,1.6136370580049892,-0.077505946951259,,-0.8887729739221655,1.0607495476955058,-1.2299
-1.1339778705742731,-0.7411243935906989,1.2001726086271804,-0.6475906852771497,1.0053197233397322,0.9020588896206546,0.267943872339165,0.6002383428617045,0.6926923968704908,N/A 
-0.4726936302344181,0.0461644095697293,,0.0548250410509892,0.5841983514344489,0.4658855912465625,-0.0188583516373345,-0.4982439130367717,1.8371038516016929,0.4130
,-0.078516294748215,0.7684093606156822,1.6157918856468911,0.2303641236144504,-0.9991486946273423,2.1990268921645124,0.5534119562773063,-0.8088660011893183,1.2260
1.7559490291345412,0.2699630856855441,0.8856456767321235,1.4492842022974313,0.1502382245525055,0.0329096381839757,0.2322512722002102,-1.2100813284118077,-0.5303829986963101,-0.4718
1.308397183093701,-0.4082476688465424,-0.2842697670626307,-0.3578586030369787,1.271959658925602,-0.2344033494950872,2.553444218137292,2.3639893255459548,-0.6290026986518836,-0.0435
-0.6677770295707988,0.917089227795202,-1.5288901531175347,0.2283904427300299,-0.6515341426343784,0.0344026119989941,0.999957856774387,-1.3365089785166548,1.1490610762147784,-0.6339
-0.5075030390866957,0.5343193827821924,0.2838137435351562,0.2898880068723894,0.7617550402360078,-1.0066607446711535,1.343822057517818,-0.0521479878463312,-0.6806348417181886,0.3799
1.3488649428996626,0.3004853593417638,,-0.3353408631646037,0.5949032662575109,1.7552100634910568,-0.9166389243166068,-0.4152559415778712,1.5185979272530667,-0.7874
-0.2216670660106203,-0.1580288723121552,-0.803880720718256,0.275815471374455,-0.0274637462089607,1.6629907798411665,0.7703992183979561,-0.0786452644687924,0.9290558657934171,-0.1634
-0.7233724207513691,0.4834396246031286,0.0750983644043826,1.2352897719391698,1.0362226131386594,-0.928134509297756,0.616707862194961,-0.2114029721470905,,0.3895
0.4964971397185521,-0.2977140361574236,1.345373331838957,1.1405495939134065,-1.2636743541040465,1.355637924780438,-0.1058589163102572,-1.141144266747691,1.308115599926691,1.4256
-1.0737978282216656,-1.3911320568083705,0.6000011237263655,0.8438785696473344,-0.6571250875850961,1.8103533364754372,,-0.740508359382976,,-1.0374
0.4362024935848199,0.4718890654932796,-0.111501967965107,-0.4327652853828498,-0.3858344516537317,0.1483635763109166,-1.8139405518868552,1.3678303289292175,-0.127197786245138,1.1556
0.0582549671751768,,1.2618914197585096,-0.8834918352452137,2.8798078209495173,-0.3666317037435481,0.0563636886507977,-3.2140297106425675,1.01355005266483,0.1655
1.096909054043292,1.3604698850886372,0.1006178385532039,-0.6427774019243946,0.8461037546855048,-1.0794906203337675,-0.7193808960828942,-2.0030397692239688,1.3156707364995217,N/A 
0.4978578021619196,0.152491028701529,0.1223460274851853,0.4159166560813281,-1.5931066810628332,-0.5548477089891204,-0.5096729275318101,-1.091933187885662,0.3312617730661205,0.7472
-0.4939539227321498,-0.0880714135508568,3.209968572613392,-0.213338646457937,0.5548996157347881,-1.3516455371402838,-1.1911327589600875,0.6331565033795938,1.2759674718814988,-1.1069
-0.9669772842417994,-1.0486212926192495,-1.2902953929315444,-0.3596579715056072,-0.8357674917842978,-0.2955580324337135,-0.685361740245382,0.0993761007580057,1.7543272875778289,-0.0130
-0.269529323035345,0.1972686507233014,0.3809763964279201,0.5665095401705212,-1.3028599084669437,0.0247604129767642,0.6357309057272906,-0.5517167596455899,0.895699236481356,-0.0454
-0.3441337158468243,-0.9862223188966628,0.0985262822921828,1.513461563140461,-1.3493378148702366,,0.4051477764936343,-0.1468364785314118,1.472625117029115,0.0198
0.7788428830676438,0.6287887515434667,-0.2765093997225757,0.4687700604256333,0.4406838184497955,0.0228441998504466,0.5090905106148222,-1.6309529155227382,-1.297937415543869,0.9417
-0.0674317073493065,-0.9649749356355954,0.5410058662106214,0.5331454329653366,1.5380559701394196,-0.0158574111630506,0.4971343369170732,-3.825034941663356,0.3159302873332856,0.7709
-1.4619891360563717,0.1651560318532475,1.2037760848059007,1.0272462819564745,-0.6453703210944145,-0.0323959443467157,0.5377452405577541,0.7977162091063578,-0.2564654621914293,0.4858
0.7923379525815749,1.0247083378298336,-0.3840249836734314,-0.7155955254629615,-0.5026577106350305,-0.4042854858699348,-0.957748748868532,0.2940843684049296,1.736205686028665,0.6400
-0.7620868827585682,,1.0063528746514343,0.0483343349218165,0.2764147453334406,-1.227341704105991,-1.320600236126306,1.832040371626271,0.2684403304391036,0.8955
0.9646891488040656,-1.2320443742349627,0.6815641792748997,-0.3520945834749037,0.5185875921666508,-0.6822686727547114,0.9327701796033396,1.0487384900014876,0.780508710107914,-0.9456
-0.7792134253254919,0.2310684136602349,0.8862172174338817,0.91070875484947,0.7820541257267407,1.0947445725221672,0.1680774924050943,-0.4842783921246807,0.3992023448740854,N/A 
0.4024690934884474,1.1943506024632464,1.3421792842550249,1.3448065106282303,-0.4014728193717207,,0.1058120827957554,-0.3727614164368673,-0.672023436468346,-1.5473
-0.1679304496589231,-0.011576990371685,-0.7786877003014744,1.5075394743996022,,-0.4587441161564288,-0.4417687096453337,-0.7318451618013085,0.2815762507390548,0.5162
-1.108812923935572,,0.2141804654737436,-0.1905311793791354,-0.2694996918141649,0.3095306391300024,-0.5463705427934372,-1.7298818600051873,0.1408521293417697,1.4231
0.024934697120794,0.7786862614194998,0.0330596428841958,,-1.065893809541187,0.8370126548681466,0.9206245817152244,-0.5712592478748177,0.6533552746008023,-0.1534
0.6990860007922255,1.621382988503954,-0.4581477456682584,0.1133072528904922,1.5487059894344593,-1.067880139699726,1.484305272928094,-0.7855553602452057,,-0.2319
0.7052663371802607,,-1.0857593527149434,-0.4726989336144002,0.4204760675475559,-0.89576710104569,0.2861974206730121,-0.7598317726050161,-0.249122675193999,0.6013
0.2891103729179055,-0.0696528716317682,0.5542903215438839,0.8858993671602328,0.4218521625716003,,-0.9364876103487534,-0.0930754601669371,-0.4951371857467157,0.2171
0.2950128002233397,,-0.0400153449433851,-0.747194496120728,0.0892436866999359,-0.4038874788426057,-0.6469390137948934,-0.7066243851019349,-0.1170526636012297,-1.5065
1.5561208822174382,1.1534275825989566,-0.6347613241934617,0.064753998949775,0.7982033435271703,-1.708316494626019,0.4646044154341381,,0.7995124047630612,-0.2671
-1.2698125467987835,-2.499864449758214,1.4150787279312296,-0.0856200570691856,-1.1849961965470208,-0.5204572032758824,,-1.3669366106970655,-0.703805918895623,2.1592
0.7423376491502358,-0.3528151912685727,-1.0361402056819229,-0.3337901712822692,1.7801918131873622,2.0307525148709566,-1.2239576234809493,0.0722004905700776,-0.9095760494110928,0.1534
0.7695463756431299,-1.9020941632939885,-1.4123627632778328,0.9769426855652678,-0.7638667641289754,-0.0792722237396754,0.5752760956374479,-0.3576778330049553,-0.4934640611449976,N/A 
-0.5620001621279267,-0.8999552515989513,-0.9334182602065688,-0.4296955693375424,0.3129644560669128,-0.0940932938972915,2.297055198590652,0.0513682690669708,-0.6522443551417907,1.1610
0.3057062446454538,0.1220366394789699,-0.6419261699654187,1.2591239888336383,-0.8519301343285823,-1.037644466823692,,-1.8809068556410176,0.834111256849024,0.5733
-0.2531972655337513,-1.2927682809698176,0.6440530561307347,-0.48724329724356,-1.486071752575777,-0.5798852053621358,0.2044073422646771,-0.5295938704957718,,-1.9031
0.1155937490768368,-0.6165165106401399,0.8054862290148328,0.1640835746403526,-0.6139065411938703,,-0.1228419655549864,,2.0326232811317677,-0.1172
0.720895834841019,-0.5478588391840097,-1.468510878833965,0.9220311576341093,0.426521085617744,0.4115138950293671,-0.9302656809498988,0.0891957269000639,0.6741764389389341,-0.8891
0.2488091511837593,-1.5479417241118578,-0.6058164921684815,0.66427371591249,-1.1554961450984842,-0.8812851048305944,0.0218935935218918,0.4371235523133177,1.3639468438510352,-0.4052
-0.1778493300160591,1.132578014723484,0.4555503493569826,1.0673795579513112,1.2354384932829423,1.0986181547417095,0.5639027788420663,-1.9553781704287567,-3.128167007510956,-0.0641
0.9560648536567572,0.3790829147026865,2.080875724866964,0.4131466818878133,-0.9612114927490948,-1.13147492446656,-1.0647757643033158,1.745744227359329,1.556943529362094,1.6341
0.4900654214998499,-0.1813030607639254,,-0.2237601526062048,-1.9387354241664527,0.2547629994495478,,-0.2344702210674241,0.7045032464687403,0.4660
-0.4158021850090944,-0.0039472277907313,-0.6969465470737624,-0.9715341749242766,-1.3340614718371904,-0.1640946716863905,-1.0032045153831235,0.5644670152823301,1.9164442830797217,0.2824
-1.5468932590531133,-0.3418610760191792,1.14697896379726,1.592757686658407,0.6660608520402795,-1.2178384044242054,-0.5610864530375298,1.2841334197992216,1.130127650110165,-1.1697
-0.2002263465070274,0.3343814764836817,-0.6196692360094076,1.0646755242901689,1.5792654815189242,-0.0522356911461343,,-1.1998593231194623,-0.97071330368896,0.4872
0.1128382548400152,-0.4195872832629196,-1.3905720743442045,-0.4955596531051334,-0.6684267892555135,-1.056787996332362,-0.557340989952233,-0.8388414948295397,0.401702629483795,-1.5995
-1.5783607236769657,0.0920436123577675,0.0377230137169181,,0.3548566259867418,-0.9275999033630298,-0.2688990430269193,0.5757469492357524,1.6119121317465372,1.1133
-1.549248038483228,2.027302912945049,-0.8626061579685398,1.4607765482288382,0.9294828343815892,0.1338718443979517,-0.8028223691889691,1.1219263063965617,-0.7946289732164422,-2.3347
-0.2355389992644528,-1.6685453200002285,-0.7375198913352906,1.3522273380706673,-0.2838752456616378,0.018116743093149,0.8740928127890766,-0.2759072927458635,1.5050940580715098,-0.4165
-0.1668527630029424,0.434329950826973,-0.4261340737604512,-0.4852910806140997,1.052734139713449,-0.4771135007575973,,,-1.582404005527503,-0.1024
-1.0467813694182613,0.6567925366568274,0.1534092786089027,0.3867531513967571,-0.2819044156521518,0.6694706390583948,-0.8316761223978204,-0.8804292094441675,,0.6873
1.717006527511591,-0.078481914066926,0.5083373457081061,,-0.1406912453219917,0.2339754445209056,0.0451266424573389,-2.2864323020651995,-0.1472072360503306,0.7435
-0.7133249261355834,-0.1828346005114535,-1.321823018148794,-0.8427294492239757,-0.8430580177991542,-1.0604373320351717,0.93886381823702,-0.1818415032099686,0.8740712848426966,0.4239
0.1938773029609149,-0.780558489700595,-1.9823346526325487,0.1296519499438548,0.0812947454660431,0.4116165334823354,0.5294248573752095,0.8157120069196282,0.6352063705474836,1.1192
-2.0944323327122563,-0.7920811558469631,0.9427075638896028,-0.0381194365620823,0.6348363869166195,0.9596668959044552,0.6305403267278542,0.0608007009480514,1.1252053649483444,-1.0385
-0.1898712423331865,1.6799744738371605,0.605100666710392,0.4205564869294538,-0.8550750996376895,-1.294436890749993,-0.7970931673216722,0.6868405051463262,,0.3150
0.5533919236240457,0.8211369617729619,,0.4457687583697922,-0.3276268617977023,-0.9626681480409938,0.627835658759075,1.455720385018274,,2.3220
-0.3974640615898298,0.2700316335211731,0.0665382647916587,-0.7209152024026055,-1.763823004279034,0.4594932007198824,1.8935851139593984,0.4978166291797696,0.1930057234403023,1.5386
0.2121853158548009,0.035658067471613,2.178254689742185,,2.1861580707953463,0.205883466012116,-0.5099727944131535,0.8297178600266826,0.0957207712374839,-1.1856
1.28176712715057,-1.4982390630469553,-0.5769621309700101,1.237471954528023,-0.5686385092248292,1.2986365651309786,1.2074463186219395,0.9125584632569608,-0.6047696227453704,-0.2425
-0.3337691539333814,-0.6724426950908194,-1.2660882167956822,-0.0742198464832549,-0.6570875845187942,-0.7392686827380044,,-1.0471035525329442,-0.2669283849612614,-0.5941
0.8847233735436382,-1.6173376147164895,0.8710237919435904,,0.235885114374297,0.062012786484978,0.6460864829664816,-0.2317751357712183,0.993677739415417,1.4223
-0.740948255912742,0.8444198970819176,0.4153183956056591,-0.687931569003712,0.4312494278780877,-1.504036932947634,-0.4343767494972512,-0.7492976430478022,0.13568069342385,-0.3090
-1.0662211970462845,0.2375887938342475,0.9160914465539988,0.2035381428287899,0.1252939520542677,0.1781267304895451,1.7795318401422713,-0.2235424763356518,-0.6431071114345657,-0.5940
1.206132762365545,0.4098801807796968,-0.6735835855696358,0.3204658007721306,-0.6326874084107416,1.7481017834081412,,-1.0121509096160803,-1.25541453889813,0.4921
0.7004153013569627,-0.2017821932552659,0.0940660954122711,-1.2812316243422317,0.6918827642015607,0.5368069669100545,0.4266951389003455,0.2117616509685045,-0.0063250407400257,2.7587
-0.2728222399388703,0.5027883613288984,-1.0676188875376569,-1.0736466589082243,1.2244083290480043,1.0593342051148382,0.0502781335323233,0.6019258293837514,,0.1418
1.3888213411911994,1.9344899428259192,-1.1247299646563655,1.3353295928791202,-0.8524066624092506,1.758629214858345,-0.4000718406824642,-1.6273347105667832,-0.3156521393163409,-0.3422
0.1889882636612513,-1.1197874286997975,0.0590762481080967,-0.2680068218264281,-1.514457712405436,-0.0863726551613894,-0.1057323016970364,-1.2245717159472331,0.6330128747243645,0.8559
1.0330761231264027,0.215783145489234,1.919342610773064,-1.7160817082408115,0.1245624162442338,-1.4697932494317911,0.4333653211467698,1.0800577500129729,0.2001002387006812,-0.2788
-1.165615047699036,1.3520564641686652,2.120876430013802,0.1621473191034435,-1.5444870655159215,-0.0580328041727683,0.4649695760346721,0.2996049499745445,-1.3116590716192629,0.1315
0.6081929262710767,-0.5115361954410494,-0.0664383069477014,0.4918882824668617,0.7446300687393965,0.4897267064084129,-0.1363522439074665,1.905764840680752,-0.0507244710240951,0.4937
2.406651998247157,-1.7485745970960025,-0.3087721841772859,-0.9705924000066516,-1.5267281739848253,-0.6614076986671129,-0.7008886584146385,1.2074590380068675,0.1712542944452704,0.6133
-0.3189603371255003,-0.3039613373315213,1.0134423559430128,0.3501441957199407,-1.9418009377825656,0.991554229912688,-0.5473152371356569,0.2113089893409608,0.885232128355958,0.8168
-0.6399626042284977,1.4471656006682223,-1.1295511944337917,0.0293097109431697,-0.2299466437747228,1.985385746089389,-0.2217931363994939,0.3138305215590058,-1.2258359807380548,1.3399
0.5263919818121512,0.8329191831126849,0.414929022671285,-0.763832654534155,0.5864841957566982,2.332818835037737,0.5003235348835431,-0.0664355108445915,0.3520693239045379,0.6411
0.3362014702798551,-0.6478484415911075,-0.9843416515426968,0.7607125757421273,1.0353395670970738,-0.5160741814649064,-0.6810885187240286,0.8110109346186152,-0.5105092058807456,0.1704
-2.157701317820594,,-1.203827408418935,0.8340957093547857,-1.7418777415465074,1.376343153045856,,1.291926204645825,0.2583022634945303,-1.3158
-0.1117323783161557,0.2821998512262662,-0.0817712042105744,-0.8227237657992701,2.0576824171252315,-1.7121257603317173,-0.3326998307147776,2.587334199431236,,-1.3498
0.1047434082486016,-0.5857805812155772,0.91384806810868,0.1303783904328696,0.3505989112838315,-0.2270472449262708,-0.107188079963837,0.0664238181189395,0.90113478061616,-1.3267
-0.829970506223579,-0.2678815889477954,2.145912757171851,-0.3708221941203478,0.5475271934841197,,-0.7469629799002095,-0.7413449578105621,0.3662847702516913,-0.5624
0.2697745563779595,0.2660304182534829,2.1837187071507094,0.2491153031557014,-0.1351718045100176,-0.6091466558868751,-0.2591828118945737,-1.7398275972601378,2.107667411201541,1.4215
-1.0890823242294174,1.524311047872616,-1.0559949755110438,-0.5809391628027021,0.5090113889511321,-1.2152789207680073,-0.1501245777284962,-1.586316443038196,-1.0956352936631697,N/A 
-1.7919912557284745,0.0624392188884199,0.6461049133756152,-1.0549952033685774,-0.552306768267713,-1.300379561849163,-0.0848028937977309,-0.5090631470390439,0.7984728827373441,N/A 
1.4593067117300091,-2.380357118318273,-0.1604096173696272,0.2346211028581012,1.1770279032195523,0.5987724770862272,-0.155495652001033,-1.457773712308652,,-1.0740
-1.7315927776587603,1.929968755684848,-2.1306735073566494,1.1585530057384543,1.7633105453786175,-0.4966537598727247,-0.7857709037057466,-0.3153194382199845,2.0853315625849618,0.2695
-1.4872785253286105,,1.848063197822175,-0.281412767102676,0.0530392927681817,-0.5284827318267364,,0.1610193284333636,0.9675179897657226,-0.3539
1.5797531575632475,0.5683144147082648,1.3327941480545873,-0.0362031589728705,1.7850412053165394,0.8298853641752365,-1.03960903537224,0.3004613136473353,0.156614523783972,0.5254
-1.5172088858337256,,0.0514216476273794,-0.036765448768415,-0.4221714084401502,,-1.2968329721354632,-0.8699751415631889,0.5638661555467824,-0.4746
1.1426076076902536,-1.3723491160530208,-1.600524433075842,,2.4372217856989646,,,-0.637806404473134,0.7567089152380476,N/A 
-0.7010955915536373,-0.5463176798340194,-2.247670498734646,0.2383809088373314,1.0384995473378886,0.0123581918728327,0.8278626071357317,-0.7106163855969502,0.5533964303223815,-0.4629
-0.0957319777023205,1.1735602009609225,1.2105050383949223,-0.8706889478490587,1.415530379142486,-0.4003474729046464,-1.4648007387051205,-1.5967676642151818,0.3394857358561858,-0.5827
0.4887252252655446,1.2451891586023478,-1.7547082301983714,-0.7553521230388545,-0.4684354661683906,0.7435207104502362,1.0857259689705927,1.0256802837378225,-1.1586819702224675,0.0312
0.1583362495009387,1.0412706765769932,-1.260111517541644,-2.028290582337905,1.1515997982196748,-0.6707412966712035,-0.521495706175449,0.496448157793295,-2.449255210230237,1.2614
-1.310628207445376,,-0.9443842300150628,-0.2287119897049707,1.2726044926574989,-0.9872679739338444,-1.9201397684808648,0.7636506194436133,-0.8521318899637483,0.2171
1.682172666710861,-0.0110343424176386,0.8814666305510173,,-0.7194659258495457,-1.269360208571527,-1.6421963401181685,2.2453931033856067,-0.3977988870750473,1.8382
0.754554919049384,0.4397326742035512,0.0185481357856954,1.0091960396589836,-1.325365871747898,-1.1587176604162672,,-1.024802689841754,0.5699335423526521,-0.5683
1.2176511343263805,-2.3520180095892496,-0.5670949063738274,-0.518598176361739,0.0025414170994054,0.7348198912150538,0.3969128805456431,-1.2640659795460638,-1.0761953082051543,0.2503
-0.1286975996278948,0.268167392863611,-0.1858412124139163,-0.0477363848675887,0.5432677126009338,0.971510832189834,-0.1425807489856167,0.1383684782699546,-0.6077027650993073,0.3254
1.0572052563542047,1.2218303540865467,0.2721877004962079,-1.9005274294584376,-1.1795847278187386,0.9297159875575728,1.9003091722893175,-0.4578927742452121,1.3217275079170512,-0.1363
-0.8275100128763014,-1.2634968635047306,0.2940692578618822,-0.4687307132850157,0.4520672285731127,-1.4311184674003194,-0.7516204409224387,-0.8284712168968386,-0.4925074634046123,-1.5884
0.1197182691725103,-1.0871369368141155,-0.3565415839463373,-0.1980639671600143,-0.4886123505416502,-0.9339339830953092,-1.0696387931313938,1.3454295841071808,,1.1593
0.5778024620220139,0.5488815060470508,0.3973576762866185,0.7473051390733568,-0.4840308835640995,0.3739958198483468,0.4901895094643847,-0.5630873267577283,,-1.1353
0.8053069281242448,0.9387183160017584,1.5286635729375877,-0.323411717535397,0.052723472602928,0.1177929252889121,,1.2194248377903136,0.135619704043064,-1.2986
-0.282608723015426,-1.1823253269575202,-0.6431983428020907,-0.6601532541946018,-1.9548850051809503,0.3612787026952497,-0.4250377578371448,-1.4747583529450738,-0.1349784021410159,-0.2219
,-0.3880372375632036,0.2726305774031877,0.97049429104975,-0.4839538928534974,0.3985246825345687,0.5279844644940519,0.2501430165960292,-0.7876078608132828,-0.8917
-0.4994382482349245,-0.8852516084885225,0.1963576199131205,-0.171666982057538,1.331726311367955,-1.1191791460416485,1.0883553896085445,0.4328792373782666,-0.0949808865842152,-0.4255
0.1666785165605272,1.0452238718452826,0.8263813316703963,1.7123936409905764,-0.3876131437796014,-1.0124208038344094,-0.7351689766987805,-0.2002368835715732,-0.6844922326373338,-0.2365
-1.2850084901524583,1.1366711762677042,0.9194870248877371,-0.4096186501761067,1.5914684702152684,0.7398335081852426,-0.2715349006426008,0.7858641739969159,0.4789275979209614,-0.3391
-0.1242946579263446,0.0646705342972962,1.4261024564825886,1.055516528111849,0.5421783341701787,-0.8125757862173476,-1.2386960519097097,-1.1444941214920483,-0.6684318560360017,1.5555
-0.3848146100157528,-2.2465644891822367,0.1672242512033881,-0.9014969184743764,-1.013523933021652,-0.0287729911803038,1.5182101555095082,0.2344998881136397,-1.5065275785709134,1.2893
-0.1640969421380248,0.6497038229933415,0.2321139563753689,-0.1653476687064897,0.6149408643665931,0.8318471704943169,0.2000175679079,0.945327756071442,1.298849778383791,0.5340
0.726104285880192,0.1734611112983948,0.4266581064139464,-1.864342397446876,1.361574979585466,0.084625974363656,1.3970318323546411,-0.5136268377361931,0.0917427144107514,0.6652
1.9742600496985707,-0.1920888849204065,-1.7311970534297627,,0.7848594313983321,-0.0462023835865502,0.8170438865492721,-0.8981025933198331,0.5482367788873594,1.3872
1.650744630998188,,0.3682653960734676,-1.6285202712642888,-0.8466560474663694,1.5614912261143328,2.1451247466425127,0.982372563223185,-2.1893172396197325,-0.0307
-0.5219613790763804,-0.9395874410128496,-0.5805979311548162,-1.2652080830073569,-1.1766619915062893,-0.785313639534709,0.9842832666859184,1.2487858617594108,-2.0457283786222824,0.2479
0.9346147732431151,0.3691032389266092,0.1386963129065468,0.0058185962818114,0.4517443627317302,-0.3354606845989,-0.5149614026156947,-2.7751807162049658,1.287881466007127,-0.0270
0.4245298937205591,-0.5793034770321024,-1.383189371301665,-0.0570506496710822,0.5060283219820996,0.9886913037354516,,0.5710970208160908,-1.025266624699529,0.6950
-1.2450678920687404,0.1864169524509216,-0.5019763180209816,-0.6855015680551736,0.9047829314884568,0.0729776728325868,-0.2936573746513444,0.5993791777960231,0.2554979952090911,0.3440
-1.0168492592229137,0.7937412482215961,1.3767983418896448,0.7848557346043135,-1.0584984877165795,,-0.1035635037868718,0.4855997703887232,-1.6840774029110728,1.0429
-0.8618639960279797,0.3058378086018797,0.388149503012597,-1.89063255482146,-0.4958273910029145,-0.6316056410853511,,0.5675133028964455,0.4932240501470047,-0.3082
0.1048597952810162,1.724800093751414,1.0308172068344483,-1.8701798697380063,0.4950348118797118,-1.191882830802932,-0.4937070582380751,-0.5296419427091216,2.20649452369472,-0.5464
,0.902622788989612,2.3108711577951158,1.367690768007019,-0.4396908045349669,0.8798896716906048,1.6976487273751455,1.0376237192413449,1.4611042667373744,-1.1516
-0.7831191056246543,1.4798652452254175,-0.351364565886355,-0.8304814040995279,0.6361067390180786,0.5393100556925295,,0.9648964455196604,2.45122215990816,-0.2113
-0.2941710997212894,0.6673135458908374,-0.9520812508305784,1.164803272656784,0.3563381532889318,1.2374381944968318,0.4003418274687658,-0.100203734583159,-0.136506792444662,-0.9034
-1.3435150278439696,-1.2458086838205449,-0.9680820778832184,-0.0662210057106201,-0.8983338778177841,-0.6845193239639491,-0.1829512170066438,-0.6929066623352541,-0.3657925780627184,1.0632
-0.9705102715306833,0.4783015419472964,2.5151020132064894,-0.0478707584350126,0.5921341957533565,0.1124196362169073,-1.500278657558329,-1.1600179554287184,-0.6212362859378703,-0.6510
-0.4064508229580301,-1.6396271025016356,-1.3612410495221354,-0.3944193075983034,-1.0257275082714266,-0.7086504133414288,0.471731479135961,2.131837979977869,,1.0722
-0.2244667698689484,-0.0369675311417942,0.0677672632008543,-1.2384593921748208,-0.4659838896149311,0.3413876539257862,-0.4698586545250819,0.0717383056696822,-0.1167615627585158,-1.1092
-0.9268256249229164,-0.1819738777884074,-1.122045964324394,-1.0190617563754931,-0.3116893557536402,-1.4242279659139183,-0.4663282561683395,-0.4908151552964319,-1.236976923575691,-1.3253
-0.7060291641278861,-2.0298956528208203,-1.0758445415209148,-0.4604003317940324,-0.0790015650485063,0.147277954626889,-0.4759660383832794,-0.2440085443168509,-0.2973824980597822,-0.3262
-0.1730377543992697,1.967164421024538,-0.9096793435014744,-0.5932087565392415,0.058553141423837,-0.5955962643350103,-1.3820173893750385,-1.593146947435331,1.04049680639328,-3.6700
1.1601118073484398,-2.16284772801242,-0.8416082798518149,-0.2831079745842768,,-1.2032200147697585,1.4947557944736316,-0.1768737351160707,-1.6767509674110086,0.1927
0.5596685051959384,-0.0541727345297823,1.370560954130527,0.980380636552351,0.5703151488062754,0.5613551471054221,0.9695604329739608,1.5205721832517145,0.1097697283876813,-0.8790
1.4925125604554237,-1.88484800475362,0.6325612075836159,,0.467206406289564,-2.146702636025562,0.0878066622507178,1.0514634207708191,0.2185308535134691,0.5832
-1.7432810764929143,0.4763053837485207,-1.2429327966715589,1.294381836464615,-1.3335028324862783,1.0475776963377217,0.6131345737966898,-0.4664517674575597,-0.7679309589852777,0.0258
0.9909727835440596,0.6664484086955287,-0.4940284656563381,-0.2947577658863369,0.7254767893505647,-0.096041773362269,-0.050778590528917,1.637076122972272,-0.6003077020402716,-0.8086
-3.0672581917597594,0.9802466665107884,1.8857850514718004,-0.2126882348793974,,-0.6596338466609085,0.9314017139806456,-0.0922846183251716,1.3065329038435216,1.2599
-0.7760039938448756,0.6774320506356942,-0.7059586455637248,1.2609529829029174,-0.397282589240948,1.1439527456455103,-2.1681332689204087,-0.5275958226841123,-0.5071972039569248,0.6491
-1.11249142489341,1.5778368324880494,-1.678285510659787,-0.2537626763233441,-0.6894727359850158,-1.5137136955865715,0.3812274616939061,,-0.6075153216967137,-0.2624
0.6981918053803227,0.8961414828686342,0.2776356138786185,0.5384495341140421,-1.3063363212228265,1.182208137513606,0.9276580221774174,-1.1344716434812638,1.136197029384823,1.0192
-0.0155189339407309,0.2101270321114135,0.510715349812207,0.6829925732056943,-0.6379582249315925,-1.2639219021121684,1.7344384032102624,0.352143076015823,0.4923153576968029,0.8485
-1.0967227675737954,-1.1963209263967711,-0.1640641527394819,-0.6008100799971646,2.973264874010376,,-0.0475644796008946,-2.377752044486041,-0.6989305242841072,1.2219
-0.8996939525502506,0.0181236548734972,1.082986098357689,-1.7271210792537963,-0.3739960594772182,0.0914692332242099,-1.4653393274746147,0.2491671645664533,,0.6012
0.37109033561981,0.8314876833662943,0.4757628366680775,-1.2498961392865506,0.1504060366605083,0.5240476313405181,0.7137028793907123,0.5697552624019321,-0.4018635833586495,0.4572
1.066246026320169,-0.6974849684045906,,0.3874872552000735,0.2397036344253662,-0.7139315644993235,0.3034268291422786,-0.9625217267754312,0.1643901776727431,0.2376
-0.6559666895094541,0.1590383122206272,0.9834205987115512,,0.0895064621609818,,0.5089520057987821,0.5516909408587088,1.4284425047589075,1.9182
1.2970154385580694,0.0927314692667599,1.7420793036839144,-0.6713402805987236,-0.4585424234258162,0.9284060369675006,1.1909410824225286,0.5367860373526039,0.4240386681884832,0.0214
-0.2339370189777703,-2.0924271948743867,1.4424204177057498,-0.3430422794341393,0.6242973412590723,1.0871058363067243,0.4251794733050209,0.6322892199508561,0.1383982846108439,0.2426
0.6589962663399591,-0.7424549719169105,0.7627050937356368,0.6418389180930026,0.8772590312295135,-0.1041354301321046,,-1.8401914758095157,1.0327538868351644,0.2711
0.6949142626566316,0.5636406351159814,0.1977442263899875,0.3029018203592659,1.3502337346410425,0.2896806648051138,-2.0583130508925422,1.3070500156396192,-0.7941063867580028,-0.0300
-0.3682468985116751,-1.0897556618019986,1.0375365898329456,-0.0721684084425216,-1.2303277158432986,-0.8995213669254105,-1.6568842759545392,0.6991273419787667,-0.4622067104659365,0.7123
-0.4554317579163617,1.5411488324299587,-2.135502230372755,-0.6043607815897505,,-0.4419633573483589,-1.182047070581052,-1.2790381972628857,-0.3665130225759651,0.3814
1.071534245778612,-0.9383670750118912,0.8678625760725817,0.2807134328803884,,-1.822021240672169,0.3719061674351346,0.0115476221487236,-1.22170734593131,0.0365
-1.792750301414321,0.7667198580545546,-1.1502635534788297,0.5923153241130454,0.5437603139416073,0.836360129704412,-0.4856389622553465,-0.3480145253810386,,-0.4224
-1.2606387525773013,-0.2327521661712712,2.0669497973573683,0.2484179148679635,,-0.2984097871742341,,1.20359376380306,0.240331718962952,-0.3485
-0.6011756717729573,,0.122747906615698,1.6124823433970423,-0.0923711346680302,-0.1408417367349556,-0.6060083286447644,-1.166193209034243,-0.5838611353122023,-0.7017
1.8058472940735253,-1.275478269896488,-1.107271392794819,-0.6632335041758534,0.5995523473072888,0.5850411560695604,,1.8504768018259083,-0.7962757471815499,0.0939
0.8598492063223322,0.5833218826646324,-0.0237809170293598,0.7013916085127864,0.0404368840585505,-0.3698388144007385,1.049745424938975,-0.9663714623839296,-1.4195427719700473,-1.5734
-0.2358534835126276,,0.0606498333286371,-0.2851781141528153,-0.0188433266283257,-0.1187508608893235,-0.568391627823843,0.5255910889920254,0.5852555789072331,-0.8651
-0.2552797947610624,1.0502129124603996,0.4296412477290355,1.5427378908340532,1.0699132735467685,-0.2413662198466815,1.6798698246377002,0.2464664488775631,1.5042911416078508,-2.9085
1.7584729245427826,-0.4928630194887648,0.7229868325524716,-1.2572027721325028,0.7059600441358367,-0.0597026012815322,0.1904726144464623,-0.553109340813823,-0.6060290763773805,0.6407
0.0233040375020082,1.3308730002832574,0.472595090450995,-0.4128107929463522,-0.6434414464389269,0.3561487456265408,-1.080763117561221,0.6389541616070774,-2.621115895901324,N/A 
-0.0307033660259965,-1.4580192100724774,-0.1669405617825049,,0.9524902820588422,0.2055025161136268,-1.984349395391356,0.9432953633806092,-1.989529083838838,-0.3617
2.5851866745567937,-1.172351731478982,0.5494252184519669,-1.0648215528396208,-0.0657154745486401,1.0302783437536325,-0.5876788190560037,-0.0995690977777187,2.0976497136466845,-2.2343
-0.8413030262191837,0.7526317063869394,1.631059497825076,-1.0448811214647504,0.4709289322251758,0.8548236721815233,-1.5747531577184115,0.5611752787830286,1.1426864329906077,-0.7106
-0.2112442325223895,,-0.6680785596630953,0.2373910570419018,0.6290682117318493,-0.9318404434100114,0.1597687760187565,0.8702226277155377,0.5286184276467997,-0.8185
0.6343232523882273,-1.9173443282183968,1.6440415937072694,-1.2460236858341165,1.800298680271618,-0.0069857894273699,-0.2416044050976932,-0.1734162712623826,1.1741107628713747,0.9772
0.6590083570481672,-0.5951702704051747,-0.4297307396719628,-0.2457996899623899,-1.840604334133572,1.373035131684665,-0.6772120466221653,-2.9769779832780303,0.985919841618016,0.2080
0.4607975606829202,0.4260028590762292,1.0850388592694618,-0.4776912858958062,0.5240960258512564,0.2032909291455306,,0.4358552151882993,-0.5923034563480286,0.6312
-2.817365824471256,1.5566776743523012,0.3981066945365553,-0.221084777848627,-1.9221704544391809,-0.7119727227241589,-1.1042676178378548,-0.7792757891559109,-0.7462914565938401,N/A 
-0.4297224249463224,0.7823950595290737,0.9619206713353972,0.7714953952659833,-0.577320021754777,-0.0835497517527919,-0.8738482405833867,-0.6020676769491536,-0.0596685995043487,-1.3734
-0.5759978035189421,-0.3604806361226235,-0.6366918458115968,0.3939054133667098,0.7411076041965333,0.2324729288607414,-2.137185214886084,0.2546816452364228,1.7140175677026874,2.2489
-0.9026684292463604,1.1018969901644824,-0.2263472602148264,0.9670257891843276,1.500738490670002,0.7941348647756155,0.4535646111903274,0.307098201958385,1.0056323107299991,-1.1083
-0.6347602312407156,-0.1355238311299763,0.7467426456147087,1.060062885270803,-2.133288749189436,-1.818176405156264,-0.057145216629879,-0.2334551038971919,1.1881372062843722,N/A 
-2.110788927735705,-0.6238743874156785,0.6186169767871875,,-0.5593004175622744,0.3364468450093633,-2.043388235360882,-0.2327503523169209,0.3373136846603607,-0.1085
-1.8617900631176103,,-0.8516056825670122,-0.3877562560270889,-1.7536620848085274,,0.5764788536486338,0.5423392633855245,1.3390820726077577,0.4264
0.936022975708264,0.0317085984206799,0.3652238496490808,-1.0018087758538603,1.0910576953132702,1.5920371431579237,-0.8099568520254032,0.0411566635343174,-0.7593012350258012,0.6059
0.6347395611032616,0.5003128252646276,-0.0008969236799233,1.310714604041512,0.3501568571595606,-1.1336484111273335,,,1.745956496184099,1.3680
0.1072596530846628,-0.0970633180032319,-1.2253655914613275,0.1952254515007266,-0.91783764586365,0.0024530352582452,-0.7147092960001199,1.585199306248788,-1.6833434693779248,-1.2038
-0.7670381954439036,0.0850334146333426,0.4505568541255978,1.2882168502480411,-0.6256324219813229,-1.82628243102002,,-0.2966163422442969,0.592506039110121,1.5887
-3.581229974159802,-0.7334732884867917,1.9618239029896771,-0.088958730105809,0.3316116141717408,-0.4276781439595211,,-1.247058407158688,0.7919457849012986,0.1190
-0.4743921026094407,1.1279396824446868,1.55924223318599,1.1885670111565712,1.226402779682814,-1.1065969773081186,1.5448880625466446,-0.0382759927844552,-0.4314574382388211,-0.6836
0.3709529881736786,1.0089105012628383,-0.9468728109153386,0.1294697939326089,-1.548053051225221,,,-0.6937638076610849,-0.5434273797092051,-0.3298
-1.7323214220769316,-0.1869213058919158,-0.1172134718771831,0.187456441691449,0.6139780384972053,-0.2946580762398474,-0.8077963257294619,-0.8738017171897905,-1.1346953228153216,-0.5496
-1.3469655665935325,0.8903361737703919,-0.806321631722106,1.053559871652631,-0.0507734151421857,-0.3551009219016958,1.4545422813215974,-1.1708932811536843,0.2884070723992172,-2.5865
1.166243412465649,-0.3469157009326364,-0.0845171002692422,2.0986013366844185,0.353704638496057,0.6341959734645556,-0.2740866389068744,0.4728277655943673,0.4309279255814153,0.4301
-0.5154060694370904,-0.9233971451963718,0.0799586678061548,0.7207293076626833,0.3844602213577036,-0.740426357758292,-1.171111387145022,-1.2404396955461872,-0.3097352842405629,-0.6624
-1.4205935426227896,-0.7572878705564621,1.6473820978169282,-0.0681249386387466,-1.7807196083650645,1.899340426922003,-1.648703378269885,0.8977070822071883,0.8666165755368251,0.3973
-0.6021362774121917,-0.8812984086075175,-0.6313070458203077,,1.6874461419218214,0.6634536496555185,,0.5853095564921275,1.314171847487537,-1.8695
-0.8812133963707047,-0.0793747122653532,-0.6422788341834635,0.2442094512168709,-0.7798459715996601,0.3831793076768202,1.3426118606246489,-1.2818423801736172,0.5994173419612927,-0.5630
-0.9162235335741108,0.9514580609117036,1.667231345659141,-0.1370709341766212,-0.6512424438042398,1.327827487330219,-0.4463513471765907,1.105120073471631,-0.161057764700517,0.2230
0.5916428150075335,-0.007594713214526,-0.6514935538560482,,-1.827874723548268,-0.2383541103633115,,0.6103024790705667,0.0953317243562411,1.1866
-0.3603762428782529,,0.7547229347623985,1.1445700108150303,-0.6439418419235977,-1.2217076664225603,-0.8718723265575694,-0.7003432229940411,0.2347343070953072,0.8960
-0.0286171706874017,1.787796050681085,-0.0882895124255186,-0.6175037968998658,1.5797923471082125,0.7961845795536977,-0.6716944686789178,0.5890110689474942,0.1644364255833973,0.9920
1.290083342197773,-0.13622331347552,0.3430825727945916,-0.9068598646157876,-0.0798021167816293,0.0847817691722938,-1.2168882083169044,1.165034544365115,-2.5545047460062578,-0.8325
-1.18861645844637,-0.1399569053583522,1.5656440832385845,-1.832406267248165,0.8896430027314993,-0.6970732933276459,0.4866488257228243,-0.6975445997766316,,0.6002
0.0443008534952843,,-0.7203743149047688,1.2203887456161653,1.5247851440673994,,-1.1679568125366266,0.8423109180286112,1.238605584931385,0.6289
0.1808830665426502,-0.4473530611562193,-0.2833758802755611,1.0666501984097096,-1.9337373668227529,-0.1165031172759699,-0.7320770258212543,1.0865052854073989,0.2128991828675474,0.2713
-1.6065493131373736,0.5553960638158212,0.3085316430108921,-0.4115859398128632,-0.7746495855458799,2.197529824659929,-0.5680751356898714,-1.3902925551927603,1.054974864022776,-0.1375
-1.0247529670452835,-1.5865517608478483,1.2027438739699048,0.0282273672991198,0.133137496871058,-0.8223675978306648,-1.941299681022428,0.1603991629425587,-1.1304752871393409,0.9866
-0.629707574912495,0.8232629524350287,-0.3091965714850607,0.4663511809747321,-2.0145781824957614,-1.6007503896076156,0.944120663494276,0.9209395844646996,-1.959456136126218,1.5285
1.8611677516404792,0.1485584132722407,0.6560475806477655,-0.1145635233721364,-0.1359680719878399,-0.8550056427305476,1.1638883610235762,0.637768498800437,1.8295819883241031,0.2524
2.340438402458409,-2.439509012119572,-0.5559275854331779,0.6962549910630125,-0.5628975259742011,-1.6044443761185825,0.956986083083713,2.3008198949823546,-0.8746617503810189,-0.6994
0.0064918322639629,0.7066506441636236,,-1.877883027267374,-0.3513183256867183,-0.7489104573031903,0.1412354628094244,-1.2522238312310447,-0.1578502554935309,1.2603
-0.7123002354608268,,-1.7989682274813688,0.8757926785082196,0.6702112901199284,0.3657411604360879,-0.8996888417900956,0.1132138569104104,-0.7156160480670583,0.2917
0.7849073119997751,-0.152752840254045,0.288369062643708,-0.7129090079820657,0.867155566934831,-0.0380355694648385,,-1.172717937816732,0.8748059808897021,2.0732
1.0117208597051517,0.27974698535275,-0.1159487807512584,0.0089799864004139,-1.2367175024405588,-1.4100929134170352,1.112551621067609,0.379474542346477,-1.4465863285142224,-0.9896
-0.0040972188321481,-0.7082892707430628,-0.1540316835145085,-1.176491174905819,0.7028867164456276,-0.86118499123581,-1.154432219896141,1.7788479773647632,-0.6015456955822479,-0.1082
0.1776203078813328,0.0203279403317355,1.3703090040532693,,-0.2760268866121301,,0.7668194372645005,-0.5033022313428134,-1.8760310281474464,0.3829
0.9758570093379696,-1.2544536750970283,-1.401940644187076,-1.440418621161618,-1.1630913589876488,0.5255521823770887,0.1910369225061254,-1.5392528602245723,0.246023449997133,-2.1938
2.2880458756703024,-0.4212001249829312,-0.0022988402363735,-0.7880090808329625,1.3917837149899952,-0.3498839789828539,1.6634030154126132,1.1448117027872615,-0.6006616953282687,0.3068
-1.5050267476882966,-0.1068027612648404,0.156715587432187,-1.916886593954204,,0.1011950846468994,0.2540694561385278,0.477145648523841,0.5710073657083248,-0.2412
-1.5697298638379615,-1.7085370021029134,0.7445752375091316,,-0.3635756576070148,0.608521731515243,1.417231124079508,0.181743136732235,0.3059319540847581,-0.5563
0.6317380319534961,-0.6097286713487194,-0.906178143893063,0.5095860669936801,-0.5668611740533759,-0.713712309807477,-1.6213814374216955,-0.8618348651042181,0.1657287146975779,1.6983
1.3170744285947948,1.5116058647202335,-1.3273752836007555,-1.2089694414311472,1.7614655475311796,-0.4836164562416391,-1.3084116831972206,-1.2762985404178402,-0.4000996754858512,-1.4807
0.9110594528457742,-0.2783283227308568,-0.533418413058141,0.4753939742394493,-0.2799752181029946,-1.1024870182280664,-0.8561739995189668,-2.1299725679089803,0.9350168026661796,0.1736
-0.6172949290708128,,0.5273263816340661,0.3287265743825146,0.7680502261867922,-1.184465640453482,-2.389852463299826,0.4704125539036057,-0.8652132613949698,0.8473
0.6389531449721894,1.4703566891117474,0.6767712591635473,-0.044424443355287,0.7373523406086234,-1.168424567174314,0.3658049537448869,-1.4870834492360112,-1.3828635100224087,-0.7730
0.0389650347068153,1.0572055204815165,0.2603692538530863,-0.5694670362871508,1.163334972423565,0.1060534622691463,-0.54187253352279,-0.2947481419568388,-0.2452763271914518,-1.2659
-0.7289521583785226,0.1844937850683815,0.2370384236533239,-0.3746312479323127,,0.5506258330333027,1.3824975145221434,-0.7522474703506661,0.5785970399087891,-0.8575
0.3640264245227426,1.0689690401863474,-0.5687434726502063,,0.0420684223123745,-0.2159944539251671,0.3448181107932372,-0.1337102706680058,0.7871306235436454,-0.8494
-1.142201031429676,-1.4953128245073186,-0.4677129111128744,0.3562757690958583,-0.6066397039474895,-0.3336678388566222,-0.3956095022101484,,0.1872018785354762,-1.1620
1.7670556197728438,-0.8789743558362425,-1.1863920608436358,-2.1245806580746773,-1.7283452572322378,0.02342206852314,-1.8291841801433677,0.6054329988808257,2.107853824133195,-0.5259
0.8445719717668251,0.3552947175408412,-1.5082300822532666,0.939516345999233,0.3792954305571134,,,-0.637044703972625,-0.3587075625231494,0.0188
-1.3608999580202086,-0.0453363553317722,0.1675683721346121,-0.7087142637287793,0.1468860887437683,0.2327911662142527,0.7056489515544521,1.8648974185986888,0.0540506480696428,0.2925
-0.5723928865391826,-1.177365417272894,1.6811613188478884,-0.7911835811205357,-0.1566760572323222,1.2210912928846125,-2.1275517593172344,-0.0582728937796415,0.0259481721426293,-0.1598
0.0950003402876073,-0.1439521963961171,1.7189260657259888,-0.912371968649642,-1.4980760400187794,0.048902912668191,0.4576099651401509,,-0.0100193882415417,0.8013
1.0586356441351288,0.0595420083143954,1.0421916278420496,0.4215213236170714,2.0252925453576336,,,-1.2262420341075149,0.4208018232964478,-0.3812
-0.1786803312264221,0.4190900029081135,1.072930695820842,-0.8499222686043885,0.3294068656121489,0.7952279402611528,,-1.051906764995144,-1.2084247398548384,0.7685
0.5468530352099666,-1.3294435728484175,1.0706822826729092,-2.425267103038595,-1.964588879107196,0.0722895920605165,-0.0014305976052867,-0.4749599433656595,-1.9313155553445427,1.8537
-2.2190986858755237,-0.0467407639239697,-0.2747270018124014,-0.2970490065781216,-2.277977963718975,0.3113020433186589,0.6452623500180049,0.8136297489218367,-1.7004945938503704,0.9508
-1.731680826413543,-0.1352726471938408,-0.7891604223314228,-0.1307260180880731,1.7404638202471097,0.3244613095100589,-0.4441488119684904,0.3007062971770871,0.4465978001135021,-1.1330
0.4777948297511871,1.6237755459416865,-0.5633929135447119,-1.2849525721806705,-0.2491323880328506,-1.3424632069990694,,0.1723979511961461,1.8942432596640943,-1.6125
-1.1385150893981442,-1.8499242018767588,0.4125911593062287,-1.153386787954478,-0.39201934268852,0.6748484974850026,-0.3827959991698466,-0.0227832654201218,-0.0901299196457159,0.3969
-0.3841904214388799,-0.4523563560814138,0.119602747047577,-0.2687696723165593,0.7674988326952371,-0.3742715423947936,1.1188944917319787,0.8717060724055916,0.4061951482328833,-1.6890
-1.2640310093119806,-0.2786610812491765,0.1682644059527377,-0.1594633916362448,0.5428672348907126,-0.7446710739390957,-0.1085941863787918,-1.906027572161269,1.101855925581851,0.7352
-0.5458775628534256,-0.777207147297888,-0.1411236012962866,-0.0100991957763958,-0.7960940344620149,0.2739527686153353,-0.3334871864710672,-0.4795982808292403,1.6063486091238084,0.1992
-0.2268269819538507,1.8232128347198129,0.6923834543830807,1.2958955895844757,1.600877580376812,1.656036106580847,,0.8654576542185437,-1.2421920453545168,-0.4651
0.8302107363729564,0.3933234346585733,-1.5877429844747917,0.1097527773295884,-1.152978403232457,0.4405829650458073,0.4000385659613604,0.9227481559272468,0.9033848464190404,-1.3055
0.5595289252916953,1.4532228729793992,0.0244220449367952,0.4502919419393537,-0.3962080830239081,-0.1560673297818934,1.5578746480171748,1.013189185697761,-0.7724999452041451,0.1260
1.6410025604406646,-1.7664418470410257,-0.036781573000198,-0.3830045603722243,1.887521445789367,0.1314455808338187,0.2971421477537691,-1.4300638794082554,0.720198248906257,-1.2024
0.4116466132243065,-0.9494279882847686,-1.2423348162180503,0.4816884152301892,2.335369832610899,0.8525101225277003,0.2641932329970587,0.3156340444185522,0.6312679399187466,-0.8944
-2.1884634789153137,-0.3386440938733324,1.384250192041112,-0.5688136861352961,0.7350031693057911,-0.0861466751511792,-0.1203856497998827,-0.1708330236497662,0.5524900371924223,2.5645
0.7148235511647304,-0.8660457772989224,1.364274875490345,,-0.8124622929828745,0.0815659985368593,-1.015814657828713,1.0337692454964067,-1.6508116377478863,0.3285
-1.2226786922682686,1.0042355005870247,-2.328241514625943,-1.4930012516341995,-0.0003754862512989,-0.291750363969333,2.283312058584802,0.7875051696654671,1.769803129928322,0.2564
-0.5113511988218742,-1.9924368924414608,-1.6862806013725893,-0.2872432011150308,2.1881622749338674,0.6344632178080489,0.2463818344035488,-0.0226971205165304,0.2733901885932519,-0.0749
-0.1843236500588869,1.1013219508305587,0.4644313049884908,1.1387820685276693,0.5767609624871608,0.3938413484188876,0.4591162720246997,0.561577268260969,0.4067037331577502,-1.7037
1.3871706996529982,-0.2383365696749883,0.7401684410719945,1.8437160733188231,-1.0454061903968404,-1.198467707122707,,1.4141899972831475,-0.9998638173300496,-0.1211
-1.3648237043282716,-0.1272531931171262,-0.887132203178046,1.95981379472506,2.1016112466764856,0.0277329974398713,2.06688850825928,0.2359876396272532,,1.8684
0.3516225518843481,-0.9114521842374134,-0.0943066895963287,-1.2206283735302184,-0.3125491310329187,0.7431026570559254,,-1.260821369963443,1.1367565336782144,-1.9230
-2.432170006873632,0.7615045595535667,-0.1799049629886142,0.3000066861952062,0.3416971272172151,0.4865129844596536,-0.8031609660053863,0.1104128567884922,-0.3601396078745345,0.8841
-0.4698689697381099,0.8506173751505453,0.7671697603502308,-1.2032455232902244,0.1015777680381546,0.2903760041315731,0.2612632260213685,-0.1699163526457065,0.8282352915427155,0.5671
-1.7811522636781982,0.8753985002783545,-1.548153909490651,-1.516461555469417,1.0275337087123502,1.5960648931164985,0.8601841762030229,-0.5939358162212468,-0.2125088732318893,-1.1989
-0.714939018468335,-0.0217061131039054,0.0202148147625921,0.5205347723023305,-0.8127477279386175,0.7936258780162322,0.097729954621261,0.7188728034856747,-0.407692794660816,-2.0740
0.8729261359227517,-1.2935183911925747,-0.3040559594121527,0.0196760088560694,-1.2492322651658858,-0.4106936398347652,0.8031416785749155,0.2532658439928363,0.2113919176178151,0.9152
-1.582821284918024,0.2575228620260827,-0.4124759023224887,1.41599138990201,0.0728545223158842,-0.8044722131232552,,0.4286418837528309,-0.5315621936231454,1.2271
-1.7475992892320915,1.7444449495661432,1.0716828842236488,-1.229708152911845,1.056592256567238,0.0764467282658874,,-0.2688242641880902,1.1178621336306116,0.7421
-0.2393967860319174,0.0036540139041495,-1.2969036398960878,1.1368159962926068,-0.5151804596912417,,-0.5853307004464245,0.8016124864463736,1.4612187321182637,1.4065
,-1.021810233223429,2.000174563527963,-0.12387836190556,-0.9362845823850025,0.8012899261653926,0.2467560488516069,0.0510741977512501,-0.3376306656254935,-1.6882
0.0072446035763896,0.5572628879509196,0.6320687990656634,-0.5550529589110897,0.1896837620811218,-0.4645647837464596,0.5440651258485355,-1.5052945995767322,1.832108368883257,-0.6776
0.8847467989275435,,-0.2142384367984898,1.1817190002683258,-1.6316172459635312,0.9924231813944188,-1.6101057082019754,-0.7781211640943007,1.4421533329051484,0.6926
-0.7476681863985719,-2.465478600878932,0.8926251028035538,0.8297444375437866,-0.4022921045665473,1.6484716085107298,0.2920638160843609,-2.126131873889179,-2.2314433882832767,-0.6698
-1.9883900108306996,-1.5641992551258852,-0.5691848663367832,,-0.8206338180733155,1.48606705047515,0.1685912802529896,-0.5026602645536097,,-0.2192
-0.6219199849429919,-1.409628574075229,0.4035872163599961,-1.7328736222811685,-1.212485741265494,1.9490444569430057,0.2081389554274968,-0.0047310017702827,,1.7493
1.1001293740133289,-0.2944260073899428,0.6122973124985504,0.6031990502305918,-1.7110711971542645,1.0068611386248223,-0.260859478554175,0.564352526386118,-0.7127994368270598,0.5484
,1.109708393747411,-0.5468336223411847,-1.3358058264687591,-0.9206109206022284,-1.5542127764505085,-0.5199285579397549,0.2234210599945507,-2.4405216635031417,0.1182
-0.8639575476431579,-0.2452541155892803,0.9579511799859824,,-0.4637626626918095,0.5780519714185766,1.0652167034510187,-0.7889825594028989,-1.9067777316173296,0.4497
,0.4208265282520439,0.9115333919769194,-0.8468760110760534,1.0894639982271026,,-0.1137052377195866,0.4659059234587936,-1.1436665810551483,1.0990
-0.3273327021638013,1.604549373582773,-1.4290685320309044,-0.0240610805785007,0.9821073770819349,-0.9437037413754638,-1.1300348034546566,-1.7634406407229806,-2.032625862679637,-1.2244
-0.9053059030832518,0.5087226729937747,-1.761715125450845,-0.3178797928946359,-1.0077973384501595,-1.2709248413615424,,1.2773156922424305,0.2799945533184957,2.2329
1.2861667743660128,1.3903779663832128,0.148128401421588,1.3296555285333285,0.2402770092082909,-0.2422711480677419,-1.52168276337524,-0.8681609072362267,-0.1824432850467267,1.1108
-1.348788206540414,0.3360425238913101,-2.202011027113495,-2.114758076922805,1.0243778665368788,-0.6585392870749861,0.7169984089048191,-1.1937870219710789,-0.7865799480601772,0.4549
1.1935604202562775,-0.2100137971101299,-1.0556729815841654,-2.026496423768606,-1.0427340382288672,-0.689110354615364,-1.4038359968424288,0.1858307256176593,-0.0552628243082279,-0.8101
1.1981806836599649,1.1180276993767335,-0.0306644524886378,-0.0665184170315263,0.4056334100021408,-0.1026566995000049,0.0968671804916233,-1.6313489588725525,-0.263508891133752,1.9941
-0.5529866016611394,-0.2439095845774687,-0.3443590386598911,0.5180927778266252,0.3054763870131337,1.796756896701017,-0.7959403537559516,-1.8926274272230623,-0.5137618208153366,-0.1396
-0.9919852383794496,-1.046152519238966,1.708650452223478,2.110681768370756,0.7607130155739017,-0.9769249096680924,2.3461248271906032,-0.1977321646770304,0.1878686839588829,1.1401
-1.030392714725445,1.1620311621713175,0.1349941594443086,1.964216645489587,,-1.5491326143443704,-2.2155229623633894,0.2155797524565472,0.0672321259025615,0.9528
0.1344407347449821,-0.1853382429964809,-0.0299427672978129,-0.1374501443383824,0.458888058228185,1.8330617883998084,0.6126957444287284,-0.5345803336046274,0.3574223950497496,2.1492
-0.897238679545113,0.1946427060951662,0.3677515730080374,-0.8648847816753188,-0.8531454626367376,-0.1194415785946915,2.3837985616141544,0.2428629579316848,0.5993264782349744,-0.0197
-0.4222631968155518,0.8240136551516716,0.116584526945187,-0.0694396611521545,1.014679957819166,0.4413857549827009,,-1.5751365733854157,0.3217577679977288,-3.1337
0.2209178672146622,-0.2722507665654733,1.861099432518707,-0.6304676938555698,0.4822153317749761,0.5946122233978869,-0.8256234251746527,-2.400095253061452,1.3109899466420667,-2.0346
0.5355048459857286,-1.6914608460293574,-0.4821675855209207,0.4888876808251048,0.2906435552574347,0.1195716510662616,-0.3215390450148938,-0.6850210632425354,0.0460548302358517,-0.8236
,-0.1709083889976022,0.6336546634453722,-1.1724311639137937,0.0847908101509961,-1.385803127190575,-0.8533729277706668,0.4951208339351316,1.0464648205635905,-0.8372
-0.1262198827484611,-0.2841255849898718,-0.4351362363943876,-0.2980877271149244,-0.816181464723602,1.216045758238252,-1.5694709864180991,1.876884175711573,-0.5601899407467666,-0.7207
0.5054734898679762,-0.9749490668415668,-2.2713373082275767,-1.1187192526978704,-1.3657386169187915,-0.1062859884105024,1.540477939953049,0.2494605220596164,0.5928227916360864,N/A 
0.5223454654291001,-0.1398232650094756,-0.7147921371855814,1.6512917144828252,1.2192100385300149,1.404789385664855,0.713585917673696,1.3479341796301425,3.049539129204688,0.8830
-0.6029902375939077,-0.1654924978019937,0.8845263770760384,0.3898680998037304,,-0.0378429277970566,0.2070914185938706,-1.642234866943263,-0.2676246614790449,-1.1907
0.115367125439887,0.4996830705914232,0.5393147152506024,0.2235778237057979,,-0.6771151126235869,,0.4131610872459024,0.6940894464057803,2.2442
1.1283538763447265,1.114136837838308,0.0202352405692831,-0.1319492256646819,-1.4453118819088593,0.2137303092853175,0.8434518977619632,-1.0587357948527771,0.965478601700008,-0.5661
0.8469479386064274,-1.0817502485414598,0.4741499460949065,0.7893851564604242,2.408959839356412,2.626001573827056,0.2129551803224312,0.6506625928763543,0.9571540854312084,-0.8688
-0.6168926167434635,1.336234826113364,1.2205733209648386,-0.2857794649375745,2.544497395463826,0.9169339067246146,1.9220115833530704,-0.5404190134572312,0.0374259678220201,-0.2386
-1.4824643887141629,-0.3761168668859049,,0.7703920283020013,0.8375412064431663,-0.7364106623822055,0.6686059516416339,-1.7421395495752008,0.6225708982868391,0.4580
0.4947636907951879,0.1524237672386075,-1.755541108387471,-0.2253577479598151,0.3482450656923062,-0.3963392078756269,0.8152743097448374,-0.9653803267717794,0.2469055439273061,0.5927
-1.2118227241891248,-1.013151497942055,0.5942083163279237,0.527924682860185,-1.4056636770957307,0.648076007413466,1.3847532498141075,0.1911760850059106,1.4813770535670978,-1.0663
1.3058147432813407,,-0.7798174018111063,-0.3610388466030705,1.5740903298718647,-0.8859395341811476,-0.3854619573776486,-0.9152251461815836,-1.2739789552217653,N/A 
-0.0613657065860754,0.2682665617029667,-0.0525522586590768,0.5875815938955582,-1.5399109736336156,1.2298556783239294,-1.0084112525938775,-0.7001369018186793,0.5229036890354332,0.6544
-1.3107631632198922,-0.219525868086976,0.8263504218325928,0.1166306656742967,0.9438879963439498,-0.7487286795339466,-2.289591887336528,-0.5466952591527161,-1.6298888341059623,-0.7414
-0.5082934346679299,-0.7333381562990963,-0.1330586878839376,-0.433117440913151,,-0.9504800758994572,0.3895244609483463,-2.08126481077972,-0.4283293272996344,-0.1213
-0.0352657770112634,-0.7089955643031753,-0.8001871489725211,1.659704431339659,0.7458599682883984,,1.6301092131718078,0.936593854203418,0.0166820349774127,-0.1147
0.7431253251945162,-0.3864930024364936,0.4453560135883873,-0.5174066955276345,-0.87142446088697,-2.436565192328352,,0.1597245860357852,-0.2064650546160744,0.5872
0.9496587946162938,0.7834325302670981,0.8397948855877427,0.1102785826019578,-1.6241069652638978,0.0676661066444479,1.475960982958224,-0.895801155379582,0.0828194010619634,-0.6949
0.2705465177817315,1.3172657467031612,-1.006182948570834,-1.025551127419287,-0.8316828538229615,1.7517625596819149,-0.105389276553785,-1.2151757055585344,0.9894427224832713,-0.0797
-0.4617350470645459,1.635550351732047,-0.9168013849299456,1.888350528926401,1.4179684799026089,1.365532452805894,-0.9760748806974836,-1.9807781027333773,-0.4800983931917784,-0.5521
,1.3172846847412447,-0.6255655764249732,0.0891374756765308,,0.4496984300861184,,1.4938386659318683,-0.4053190395490688,0.2956
0.6430693561446463,1.2162379793116092,0.1418923638404535,-0.6907287438934476,0.4784123205549061,-0.5815470404267727,-0.699499202053221,-1.9898009850105436,0.2957408489864811,1.1208
1.2117486811063614,-0.6344042738842394,0.2151706638572881,-1.883167515185432,1.684443848188219,1.2347357946881905,1.3609986379761565,-0.9195254306001692,,1.0494
0.4840565399608399,,0.4743062701255255,0.9514708560871163,-0.4785609309750848,-1.426038078169569,1.3490130930541353,-0.6692915809685358,-0.9072659895730304,0.7915
1.404006032609061,1.1867755405541236,-1.7788071900622455,,0.2673738418533888,-1.250504029096432,-0.449473560211225,0.5500755177733383,0.1317431302915512,-1.9864
0.8204988010989652,1.3974132549624698,0.3954065888839723,0.7182716386778243,-0.9435233929337729,-0.9293840646866622,-0.385370898371927,-0.4095736730364834,,1.1234
0.9032657973098116,1.3746183349898833,,,0.8917137367588991,-0.8078565338634193,-2.0959610704688862,-1.1659200119426585,0.7579348299864065,0.7832
-0.3648824873648386,0.5115270238495095,-0.4313868627077359,0.4592622455171534,-0.7004192153733418,-0.2536029383019123,-0.9116582843871316,2.202895292730365,1.2310022403840415,0.8272
0.1544145797779705,-1.462823637035565,0.8158913279034595,1.3454558673547796,1.6177241385585834,1.6849231811957197,0.5097243147443631,-0.6461966907085779,-0.5621774428122149,N/A 
0.2666639222028316,-0.6972530549067473,0.3967329809780665,-1.2985632503627036,-0.3401520595546566,0.7270427302420351,0.4459572333933147,0.0497765297818987,-1.871341004581815,1.3149
1.108897020753533,-0.5407509609510747,0.3192004397540303,-0.6228992458317261,-0.0488073135608929,2.016106761775557,0.0268731354176963,-1.9552013487372828,0.5277587364250974,0.2454
0.2428706274787498,-0.1615061037778906,1.094738127804539,-1.2512366969914173,0.4426656152635535,-0.6230980956880983,0.5049871116498005,0.453892260671703,,0.9964
0.1113964519348435,-0.3480713754877359,-0.3908775889952481,0.4137944240083849,0.8773568295326987,-0.5615173679092046,-1.2093389830651051,0.0619971693531578,-1.5919914492402456,-0.1104
-0.7854905719892942,0.8329120070052212,-0.1584001288145919,-0.2511800955134262,1.6005604544724648,-0.8865862169803529,2.134450214668082,0.4516343144853358,0.6186244593048426,-0.8025
0.973402767698159,0.1502262411931572,-2.347173417115044,-0.9419683123573626,1.0209381029212128,1.9084800105844963,-0.5415098047580853,-0.7810090908721262,-1.403476938405739,N/A 
1.4145448572372794,0.2164781921678126,0.8493647479143115,1.0532656509959963,0.2560961831159583,-0.4482140213304986,-0.5235798119306235,1.872877010348432,-0.0524399933847334,2.2823
1.5046501732065702,-1.5425712176911994,-1.4296064428361064,-0.1843816646233474,0.0089157782595946,-0.1228209781266457,-1.0134008231474838,-0.0298659019180178,-0.3967841457067425,2.1520
0.1925689322467176,0.1404062940316603,-0.5329788161428672,-1.0689039696712526,0.8778317771344127,-0.073190097717149,-0.8329795301038871,-0.868498372740494,-1.739725976338268,0.7002
0.13387105869986,-0.3707532376591874,0.767487279103348,0.1869861341308545,-1.0939458388541183,0.2877739354404811,1.651794012603156,1.5379982482211805,0.1263125288626772,1.0576
0.0341441452478135,1.4711701889383986,-1.3134748754572425,1.5262315842373584,-0.232384366874023,-0.3389362065948716,0.0130697278513129,-2.735274337726427,0.8201753124347257,0.0583
-1.7294984232296593,-0.8895273673088608,1.3729335479884424,2.107685288021251,-1.7806375741936822,,-0.7313304811226607,-1.0146253596559618,0.8456500376608184,-0.6648
0.7543019396797631,1.9284416283726944,-0.4601549624642957,1.2580755415480975,0.390438985666467,-1.557982905363806,1.0480483768597988,0.6681490944198151,2.536727176480136,N/A 
-0.5786692215261969,,1.5705523044186398,-0.5360206958372988,-1.906416566356865,,0.6740787170297841,-0.7855498904205884,-0.0068613624802964,-0.1469
-0.7588715363592292,-1.6519782048569551,-1.605777534003097,-0.1972313572149235,-0.3550101529394157,-2.033076569484544,-1.5618106887843917,0.6163637234632486,,0.1687
-1.0398476089363886,1.5065131496174862,-0.3552246352966827,1.90075236174688,1.712522629849058,1.535857051227688,-0.3833823643622163,1.16884031226975,0.2074940243076601,0.7369
-1.5988606984872116,1.541180116582962,0.028433482731208,0.2056057039478859,-0.1994058907206314,0.5122128642519956,,0.1956891551399504,0.7412900729005993,-1.8617
-0.9616448115197112,0.2671483316934579,0.2500673944205365,-0.7347270888353399,-0.8184279096044541,-1.1936111082503196,-0.1031799279016907,-0.9731691062254962,-0.28574225963242,0.1731
0.4133189471365353,-0.3617421529756205,1.0240422497558597,-2.1868295903166604,,-1.0101038220063714,0.1506768464860416,-1.3674135731246884,0.0757253164399364,-0.4078
1.1292712727492595,0.344402761465605,0.4620236365667832,-0.4445108280568391,0.9383829429537874,-0.435692144202186,1.6327979270678858,-1.0086259187256803,0.3170437649437308,-0.1850
-0.7902546132092072,-1.5904510776073308,1.0198654201816948,0.2044654801139394,0.7768870944598312,0.635038258087763,,-1.703617204062217,,0.0183
-0.043161537972139,-0.0037091897434499,-0.3394091625138818,-0.3488876602598582,0.6833908003886432,0.418874514559332,-2.0672947145453704,-1.3786187787050068,0.3639451596033437,-0.5539
1.1117371044971156,0.6029489162435232,-0.7568486736430474,1.5630090430125332,1.285068980743109,1.578148949977155,-0.0030670509175945,0.5096069271849881,0.1473723084816035,1.6943
-0.5854871947639335,1.1877966488755871,-0.32723387856584,-0.6868479166952702,1.0416934671054072,-1.7271148901031037,0.1466889210236507,0.7555472292080572,-0.913595599881833,-1.4244
-0.4371879090901406,,-0.3170232474309775,2.0604716103792846,-1.4778609064443968,-1.5796967681368428,-0.2174432745109092,-0.6160739156363616,-0.6252551904502963,-0.7546
0.1028529171015807,-0.046939989598978,-1.2728263884951745,-0.5651662829028867,0.0170392368966486,0.0982217488168134,-0.8286592249006034,0.2977699945997542,-0.9816050325177264,1.3332
0.4301441650808645,,0.3311734873403016,0.7283228062342737,1.8566116258510788,1.4823139037274984,0.0253956044815852,2.100612179573855,0.0180637646308046,-0.9303
-1.5014361657896216,-1.024727276633941,0.0612200602705809,0.1421754057215031,-0.2186739323601386,0.0675794670607386,0.27568559382782,-0.2671989646444844,,0.5624
-1.7761986615773755,1.4394032470975835,-0.2709834471837442,,0.6365730987347087,-0.2102904482110024,0.1797013102741631,0.6624671814353011,-0.3352862255450079,-0.8868
-0.4863117207330277,-1.197278499229951,-0.6492875844303745,-0.6841258984762182,-0.5560890496037222,2.092792489305216,-1.294756988109979,0.5959825456692381,1.3096965461600398,-0.5378
0.5024838085448705,0.1388202646319657,0.6354444917287372,0.8999151375357783,-1.7251340397468635,-2.302584503110244,1.4703710947398607,0.4330907636507293,0.0039438378226941,-0.4391
0.0973946580895133,1.5964951049354816,-0.0218762174889696,-0.8326048465940799,-0.8602494418375566,-0.727937614177716,-0.3285288347315187,-1.7779191418984817,0.5927169053630256,-0.2621
-0.9650656705167632,-1.079804885785276,1.203037373812212,0.1351368784486355,0.433026189953598,1.4845370018365822,,1.028274077982704,0.2286301301246597,-1.1366
0.0244073972224013,1.977503774524916,0.8858275697437197,,-0.950921494251742,0.1170880684051315,,0.3560863422515106,,-0.8075
0.3988665906564592,-0.9393363145521504,0.917296177593124,-1.2391538638179789,,-0.0779840705335515,0.0504561378570199,0.1178012374989491,0.7180633445712779,-0.6742
-0.5405002474084856,-0.6957220041009733,-1.4912012954213862,0.5810491629302935,-0.0100639353917523,1.2933981985180665,-0.4125419998983347,1.058550551098884,-1.2640733746430446,0.1612
-0.7007717561190049,-1.1103743119201055,0.5478589035973745,0.0249426582855345,-0.9771055995693282,-0.347500636011876,0.9260088637812072,-0.4750878907074489,0.6148242222518041,-0.2319
0.5983275231668999,-0.1415665701619478,0.5596398318393577,-1.1799634260657226,-1.0121837793981194,-0.1377607699660134,-1.8537560225544008,-0.0191438610701554,-0.3914694150065639,-0.1548
-1.56836308632537,-0.6823024195642774,-0.6416768091665762,0.3293521869586835,0.8296113990926458,0.2260878457636756,0.0651706156147068,-0.5040326467829825,-0.7195761223284496,0.5672
0.4497513827320419,0.7458629462074503,1.2691491696824435,0.0733559421820207,0.4239216568807446,0.6895734920045984,0.5458582451080161,0.8071495388131207,0.6145162767193055,-0.2670
1.9033440307911205,1.3390226487784538,-0.4965306699171152,0.0953405600383474,-0.606473183110082,-1.2727515137924097,0.6562746115023457,0.2400223470802298,-0.2248397334308216,-1.4670
-0.8596168864695454,-0.3389997518429984,1.985291013819186,,-0.9893292107392472,0.4400880615763873,0.6591497489363872,1.2509064391373366,1.1714800278539643,-0.8546
0.5680479949921318,0.1391761007801631,-1.0948439101530598,0.6523262154743431,-0.498952468063011,0.048170880071145,0.0106909072364799,0.1159828167096222,0.0813941644964917,1.0500
0.5638546491495278,-0.037273937718819,-0.0583815369273421,-0.4261203770779111,-0.422142770109564,0.827883360628478,0.3884742111986775,1.9316307063573257,-0.1338484155051616,-2.0863
-1.7487810638677137,,0.2808440321705302,-1.661294315397704,0.6026008924741465,1.7129431229033554,1.7456108858520063,,-1.1784249103766593,-1.7443
0.7452357856636815,-1.9748872633188517,1.2169159398217655,0.2745299381388348,0.695339481728677,-1.2557479374380087,-1.007466008329682,1.1883059325962837,-0.532285207936851,-0.5153
-1.0052978165757314,-1.2172341532076345,1.0631411034352751,,-0.271392436957698,-0.2945315520424522,1.2000991962871663,-0.0099099995262092,-1.319419624942488,1.2853
0.0151794987459163,-0.7354412308320056,-1.337111560099768,0.6735871157559301,-0.4534170262072406,0.1152056286061043,,1.0270815644824531,1.018017520366738,0.5314
-1.336730656775058,1.181515263966111,0.8406713934518986,-0.5713988934949872,-1.3203037526577204,-1.5198486839821312,-1.4471166097599426,0.4346897062588113,-1.8534860640641708,-0.0353
0.5828000956717223,-1.0908817255274406,0.2469975999767995,0.6554166492409517,1.121373834237041,-1.4468190016688418,-1.0287789638324172,-0.2422239374598458,0.5938988131835733,0.1914
0.9391581224552676,,0.4630457092861901,0.1302679118393868,1.2553714591854614,1.2584266482833255,-0.9464222899778424,-0.3722464055708917,-0.4459162910950648,0.3070
0.7827931158945596,0.862633074353402,-0.6569002641874967,,-0.1753432475089597,0.4614052320105473,,0.8479659031678307,-0.1916322079046018,-0.9004
-0.1744674608876498,-1.4075418416961556,0.2639508759089734,0.6761744214597782,0.0121660451033366,1.2368811951017311,-2.761857612369675,-0.2574364790632241,-0.8674059404874702,-0.0177
-0.2637383607929797,1.1099554073875189,1.0923848713467128,0.3148336281358965,0.216130122193474,0.6665704917946613,,0.276743201316704,0.4761208236389679,-0.6746
1.804024270779636,-1.2509977445030958,-0.592322164232803,-0.8350014962009149,0.1447139703081032,-1.6580748869972908,-1.4075321480120184,0.6313285637119255,1.0540018175471704,N/A 
0.3495084636904838,-0.6756903473276005,-0.2328754443566844,-0.4722806118198059,0.402657937132905,0.4417432518350803,,-0.4208265018901537,-0.5213512271433579,0.2093
1.7263977095984815,0.1466531579063625,0.0998314367608218,0.1009339537653902,0.0781835737717276,-0.6222632783056802,-0.634368855409559,0.3121227776017998,0.4060608605994631,1.4880
-1.164857688952371,-1.0270483137286408,2.340691382735988,1.6762706068154127,0.1534194041630252,-0.9521296905814204,-2.4670643090228217,1.2005554790587063,,0.1620
-0.1271336257311465,-0.5559994994668143,0.4479179676870074,-1.3620581499616835,0.371949116945058,-0.3875544747206419,0.9955786751058288,0.3391616267223682,-0.2255465877327392,0.4566
1.7500197553855594,0.871961814276585,0.8235502932332486,,-0.9548964510866864,-2.270143166549363,-1.8005825010378345,-0.6075902025122348,-0.0994302911875244,-1.3998
-1.004454909314732,-1.262029521684702,-0.4400229303665371,0.6702730094159851,,-0.6647661399787385,1.2255011358653296,-0.9508904161915794,0.8986457857245266,1.2170
-0.4021171116312478,1.5275537574398084,-0.4558773774802211,,-0.9459826030046732,-0.1309929560080374,,-0.4395264359140957,-0.0394519541535506,-0.3772
0.2816327613953623,1.816347170110168,-1.0178775101922586,,-1.3592979583661504,0.7598638396677088,-0.5814573891035616,0.0055824273418472,,0.3347
1.6093656049481255,-1.5707269568199205,-0.4571762484379664,1.0581766096055594,0.7946640790864689,0.961312492017638,0.4262402654936447,0.5293964745341558,0.8604356935490773,0.6340
-1.9426963112808908,-0.1503191281233408,0.9324398548332352,-0.6174562837468429,-0.2826548005614103,0.9563097243513472,-0.3364409342836562,0.251948559114914,-0.1607835142918504,-0.1923
-0.3270345815288804,-0.9658106447985793,-1.1194960766409912,2.2883563633541044,-0.5532040677461071,0.5780384134634996,-1.1636161704340533,1.0473762057252194,-0.2245976180312,0.5578
0.1960638492093105,-0.2332668516246017,-0.7412729262499183,-1.5817004927928309,0.1883138582229113,-0.305933737422233,,-0.7525745007293214,0.166345116295498,1.0996
0.3995203522882739,0.6411562414488311,-0.9280088283894158,1.5020741764498402,-0.7193029276907282,-0.0957959715399105,-1.446737632142526,-0.0396900139539109,-0.5616979942113348,-0.7358
1.466433369030605,0.3399391056519443,0.5779445156965662,-1.3934398063376126,-1.452458875381444,0.5578456765772515,1.067588509883906,1.2421420828235612,-2.102847877764015,-0.0398
0.2253976752050406,3.599915640841791,,-0.6777349407156458,0.5577627279289006,2.32358434883309,0.2954643251958923,0.7576245899345352,,0.6547
1.052856753660986,-2.02450094363531,1.8389484657890816,0.2479713724752935,-0.1647437603525323,0.3652669756988972,-1.2837070484950848,2.077539916316448,-0.7293937113170078,-1.2496
-0.8224512162329741,1.1612789382329576,-0.6060718363911742,0.2485475882174724,1.1390459743635892,-3.0205701251587587,0.7461526175835834,0.171642757565905,-0.2826480188144833,1.7222
-2.0262435554985445,,0.3754515536846954,0.837281121421372,-0.6429190212944947,-0.9819166955334456,-1.4112024945140094,0.0768710608609747,-1.4683922495530697,-0.2087
-1.00754817912915,,-0.8503083551429608,-2.089187376066569,-0.452751492923348,-0.8229349226277209,-0.3828149180573068,-0.1659497334118152,0.4873085907184029,-0.6444
-0.5241505569623505,-1.2056935259041732,-0.9339236345293596,-0.4053652763217485,-0.5339528300599691,-1.488140240210036,0.7055669920457877,0.3845859063431277,,0.4899
-2.208563229476133,-0.0155279009345076,-0.6804739066922012,0.6787775143677759,0.0656797660308567,0.8864319966716421,0.3294925503004531,0.3582972011912129,0.1574691062376336,-0.5611
-0.8884506654449672,0.4845890455471863,2.0801337169773766,-0.4468197387452264,-1.839645034370964,0.5423441178445618,0.5922854311337912,-1.110428705412639,0.1328190588170066,N/A 
-1.284737107837408,-0.5566435094114491,-0.3597363638630526,0.697779718969523,1.3306300460331084,0.5619011327181906,-0.3114519125184378,0.4331971331056618,0.7912078400519409,-1.8969
-1.2682634101817678,-0.8307522435268151,0.5752113830445794,1.926685302539335,-0.1086576432897266,-0.1006806095449843,,1.6488090368028834,-0.5752763870643399,-0.4577
,-1.3415695442064175,,,0.4823220425183402,2.3782909255270965,,0.2508353214744595,-1.7013432058615685,-1.1215
-0.1145763941540585,-1.1189467172680096,0.397873456516049,-0.0042403089354397,-0.2651878214345483,-0.8452016618751858,-1.153227543735034,-1.6310841445947657,-0.6021738540245598,-0.6753
,0.0439209293316301,0.8022421218226112,-0.9890140918114548,-0.277504560760923,0.4276595805816635,-0.7379293841397864,0.3770369403284468,1.8183405242268769,-1.1925
0.1464990813391053,-0.5927677079415147,-1.122598130197242,2.393121066139678,-0.4028403385461096,-0.8987718039167317,,1.091038186196594,-1.0659353101769735,-0.7000
-0.4366607656989378,0.3042564955867957,-1.7748077698166878,-0.7842326845914372,2.555355766044608,-1.28415757286885,0.9594629181296476,-0.0610016640176938,-0.623903970484056,-0.3511
-1.662055370914062,-0.2263803275338602,-0.533296089642412,0.3285061490398676,-0.509661132308723,0.6051388388204636,-0.6680071870686431,-1.041007966194269,-0.193677394134861,-0.2265
-0.7509017779977909,0.4062895610289398,0.4449003786756881,-0.0873968614882843,-0.4833986215550829,-0.79486230885908,0.63043598508914,0.3834961529552158,-0.7336090869017114,2.2640
0.5753428222247081,-0.6002592630794379,-0.3594263940135654,0.4154345713267773,-0.2224689450794896,0.0027988135466141,0.9692208138003312,-0.6723375997858757,,-0.9634
-0.1200782001207005,0.95809252116303,-1.001141470335542,0.8140473467961751,0.3021437555625904,-0.8211243279185895,-1.2300133787866263,-1.117937906555935,0.6321878416218225,-1.1311
-1.1146722307565424,-0.3277026862076089,-0.0805429822184637,,-0.3539857114718012,-1.2699360998112774,-0.8385746643720229,0.6125672662335846,,-0.3594
-0.7743223439086754,-0.8392418830844258,-0.7332987561315757,0.0113462970441796,-0.4186066740232248,-0.1185381999691658,0.1528770856247512,0.5394075051849357,0.981917294687897,0.9262
-0.3223945132566488,-0.3305441916943619,,-1.0749378991086254,-0.8872419006838326,0.8215290036181214,-0.8356514723655263,1.483044591944126,0.5628247876553162,0.5314
0.1009895768262038,-0.1962159222921881,-0.0336695517546785,0.0826529209729207,-0.4364346134224358,0.6979285055499671,0.8318414066524024,-0.3502114244619287,-0.0983838336631428,-1.0246
-0.0925257578225269,-0.245577064617287,-0.775862138056614,-0.7875360740091921,-2.1869519828226647,-0.0124628124198429,,-0.4117222279396884,-0.506748205459785,-1.1669
0.4245013139378017,-0.0368030030143403,-1.854516510417201,0.0991789593378558,,0.1088326012790504,0.2181644121780059,2.1032970069998083,1.2280207895476625,0.1579
-0.4630006952605549,-1.3002571133694476,2.2628697199551637,0.6524725685225399,0.8780187850443398,0.1941026849469546,0.738217879224562,-1.2248381249977849,0.4722950363728322,N/A 
-0.977510048905722,-1.3437672309704356,0.7777917792685669,0.1812583895051962,-0.5564310309598385,0.5495729136930874,1.592786274040844,-1.7156891304455053,0.556132404503797,-1.0693
0.3912756167253812,,-0.1066606632356489,0.7452364779364965,0.6080004671781531,1.3260228128855094,-0.849007046004926,-2.71050807515661,,-0.3349
1.1267446438009954,0.4098652945795415,-0.6433223125155704,0.6002422304302647,0.0701839412139218,0.578672614963996,,0.8428401657577016,-1.0568373396201676,-0.1785
-0.8895259866094594,-1.4750322728677572,-1.025281962484536,-0.7444455676066675,0.5009531221629926,-0.8055835250608606,-0.0328456022719702,-0.6770627976239169,0.0473662866577865,0.4965
0.455457515874077,1.1776542634234637,0.3069597589764476,-0.8775296346665982,-0.518481374008369,,-0.0634721113820652,-0.7168935247417149,0.8246593187749962,-0.8893
-0.3490984704309195,0.7043999024972384,-1.1199192810690173,0.2089000051160422,0.1539756105772536,-0.1981424508840408,1.0239366910598635,0.3094466631914906,0.377174550645449,0.0749
0.9344136019774744,0.2294249879445943,-0.1892198878671943,-0.9427315280171484,-0.2445479047383468,0.6742431081005478,0.8636331866602058,0.8871234555079189,0.5664586676682184,-0.4318
0.0284919390411964,-0.4686829430722501,0.233119340275493,1.3582652136345,0.4231860896349458,-1.0922974935045882,,1.3614294224669172,0.6764139888167454,-0.9450
-1.043437835114527,0.9620153863777924,-1.1639162875398597,-0.1761073046836143,-0.2959454052315217,0.4497382606608639,1.1849139531884687,3.3607115515788264,0.7273738868688141,2.0163
-0.2674220837488826,,0.7176874147970917,-1.2664733993869175,2.1137011299215884,,-0.9504892238419536,1.0199911194209337,-0.977776872263593,-0.5119
1.0342177825143524,0.8445442685746907,-1.101938171190538,-0.5774133941377828,1.1100417511334633,-0.8535420383338067,-0.2769084826199319,1.00720877772157,-0.3776717252490284,1.0564
0.0670872515154193,0.9159852995922584,-0.7646270873734394,0.8264164532285635,2.037258754083639,-0.8737678328447771,-0.3806842685184135,2.1938609404826703,0.3134212693747175,-1.3435
0.5288432110759317,0.4229511007947568,0.5718563797386775,-0.4541023150238344,0.4741424729257249,-1.578685765875327,1.701688936640165,-0.9255919469494202,-0.0123301689895693,-0.3875
-0.9958677212828952,1.289224706990992,1.3668874786771197,-1.3839650263312897,0.2902946758429829,0.2549996956952269,,-0.5589571841155492,0.0648703229201769,0.0611
-0.812650211843025,0.1965295568330136,-1.1329338788614285,-1.633897839773324,1.3279922351244589,0.3881748160726423,1.1154367699350074,-2.3976235040161487,1.0405462317583862,-0.6887
0.5853275104506257,0.1040778534353099,2.470377889865475,-0.277606627328233,0.3578996211483263,0.8345776432973105,-0.791358495049518,0.8045633638626251,0.1361129857995117,0.4415
-0.2483890300377244,1.4415484977785726,1.941171231054072,-0.4452000732535917,-0.1842585818038272,,0.0278057296177597,1.7727685378302005,,-0.4409
0.4433867458361672,-0.1665822527436758,-1.1387269263194488,-0.3366593314544218,0.6125146042316705,0.7953505146311265,1.010082000933405,0.1525511221617526,-1.465319591280786,1.4231
-1.0719341061931538,0.8228445326340608,-1.0315052206070512,-2.6739875163680416,,1.097471224244701,1.2163601299596989,0.2769679217090696,-0.3892868130829252,-0.0724
-1.0396831048090818,0.5463430628593678,-0.2376356153104079,0.2700259419059223,-0.5087490606573223,-2.9068038668632825,-0.4736040454790162,-0.1419802063114028,0.5793814485932035,0.3634
-0.3281064106389612,,0.1266221454260034,0.1999715339364063,0.2319903776447488,-1.0293318606020727,-1.1791613716659215,-0.2035689181981233,-0.863468818848042,-0.5650
-0.6000493929391189,0.2998391161856023,-0.8359898030993548,0.8701218839466732,-0.7424332834307806,,-2.4413228699308727,0.3385008896148487,0.3576166560832122,N/A 
-2.677049335617772,-0.6978966214035923,0.6427341859555246,-0.8069177763977683,1.734235015758336,-0.6743822320929735,0.2559510471697964,-0.3031771700427136,-0.2154189564045451,N/A 
-0.1556496901538873,0.7349613493331939,,1.6332734852873556,0.7015886980914432,-0.1189633871000242,-0.8479091333426112,-0.9475031362440668,-0.2880543762952581,-0.8279
-0.4487535180738802,0.6397345684667131,0.5605286085878391,0.815981365314347,0.6585788737078015,1.5445376476978037,-1.2931186821259877,-1.5024257792370324,1.1594736554624503,1.3197
0.6480984482026608,0.0720347085098173,-0.1136064860594465,-0.0636334921537257,-1.1463585559942857,-0.5961022349992722,1.1340704727545352,0.1873847444063557,-1.1059804407923914,1.8799
-1.389345058547621,-1.4900921392483282,,0.0060451451835771,-1.0805327393090758,0.1240245161670978,0.0728566161004705,0.3088256851028206,0.3294326990491661,0.1578
,-0.3412439724021378,-1.366579768233296,-0.0098582383146671,-1.0550194843543763,-0.8984528944977468,-1.5517774406600389,-2.8822332253532417,1.650338700032289,-1.2036
-1.1726930774462814,,-2.1797558719688226,-0.8986082200198761,-0.7854736981221774,0.5791705902484902,0.4916726314688835,1.3153168723692328,0.139270733876035,-0.7748
-1.0041861340632698,-0.7873025380978383,1.3037851308234738,-0.4799880045680256,1.1154301474677213,,-0.3014212692090733,-0.942944461783415,0.3032311642126223,-0.7891
0.664541466258821,-1.832838819651636,-0.2496260791878537,-1.6075203665945783,0.0469081782869189,-0.1520006109928217,-0.2158880478611113,-1.4263414015424365,0.6151819747375515,0.8214
0.4305744532169928,0.0116166271206424,0.3131949573079588,-0.4114969460952401,0.4906995748003244,,-0.8480993795058855,-1.3440913069465328,-0.6286099389091444,-2.2926
-1.5856417935654554,-0.2699078580667862,-0.862949898975959,-0.1086590319989869,-0.0888918520054167,-0.9263191776844912,1.7564802198756633,-0.6664724009671158,-1.274475934437186,N/A 
0.2676845493245596,0.135053787092656,-1.623727913034812,-0.792717791909285,0.1123052823926812,-1.2769761166167788,0.6977661420559701,0.757742098705008,-1.1699661304583684,0.9309
0.7514098143792992,0.5711551632220464,1.1904207317834743,-0.1772798091471581,1.5494300236798162,0.1912226932785141,2.460685605840341,-0.6460309442909673,0.1109654039340919,1.0591
-1.6244535902893056,,1.771683731191024,0.1237334995696726,-0.1646482251854775,2.6320038714473197,3.4137028756228687,-0.5950124878645422,-1.7467301423964732,0.2295
-0.7780705321271258,0.3488731850548735,1.3874319458864428,0.6173256008605643,2.277824575061173,0.1544186322684905,-0.0424506951329006,,0.0613060788520256,-0.7708
1.5236388698372163,1.4074168601588168,,0.3473322455564688,-0.9579093017680468,0.7000674893812749,-0.6226926690961476,0.2856293475894114,0.1550655495790006,0.0800
-1.8782873366801427,0.519491348880206,-2.69745816678869,0.1413926621410248,0.4020255932128845,0.5666005296396387,1.302921362593749,-0.3654187725369688,0.0501148311237437,0.8337
-1.7466957352454766,0.7803023694268323,-0.7171745914104016,-1.356408814476646,0.9806810759980452,-0.6026244277617925,1.084149185886761,0.3897291577177021,0.6587830745509278,-2.1487
-0.2236254682004184,0.5230305817662781,2.05219275053474,-0.4214305265779293,0.6895363892706996,0.0176293934271915,1.2865180418518998,-0.6056868511545037,-0.6202746607821872,-1.5278
-0.615833565457225,1.9356549581305824,0.5790977523355227,1.1897274096969104,-0.0957067045347581,0.610826611987497,-1.126523240917981,0.7988756474872316,0.1789663547176244,-0.3066
1.189841485411308,0.0025047632001014,0.2753509809807943,-1.342439709318359,1.5501376748995332,1.615002757405381,0.4840453562250449,-1.037435766534085,-0.2785864976021164,1.5822
0.0537639831584911,0.1126447783213694,0.2125394531008402,1.1836031808910803,1.989561465718967,-1.0862778944429008,1.3159876106451878,-0.9365240882562852,-1.5709795405607012,0.2642
0.3211600381429856,-1.4023832966332013,-0.9520279830642115,0.7469739297177775,-0.4181222828984806,0.3049249408491118,0.6804733446305686,2.209472243060417,0.8457690633221778,0.3809
-0.6207745793045515,-0.178643704417447,-1.5675927210659752,0.2392753311983033,0.0636905589894158,-0.1508554867638459,0.9879309790808212,-2.3052040637176408,2.321763838030481,1.7038
0.8366190992927558,-1.3532713993733,0.8970427004405181,-0.8794580113039718,-0.2418757698200651,-0.1952557044781356,1.207351964185536,0.5007809390114476,-0.8226092542338957,-0.0401
-0.915988237010616,0.9656321035065798,-0.5366476138025457,0.7876097984580614,0.3068401004413262,0.6261154994811723,0.3439982960892233,,-2.284624067252626,0.0169
0.1184289569531344,-1.428999815938849,0.8834298920612599,,0.6751124064726732,0.4221376180566871,2.7184551072759406,0.9952109245066432,0.1090932993018658,0.9070
0.8638554487526007,0.7453346144796137,-0.0678560386729928,-0.9870692571004516,0.4708838355964436,0.6836788132114074,-1.917520326146872,-2.492845848447756,0.3943746786787179,-0.9374
-1.1620875304555789,-0.1686701174710337,-1.0434040413098384,1.7231155814840833,0.9129024256907764,0.0703082080183052,1.0442686922309463,-0.1756563628781995,-1.473029601808604,-0.2005
0.5267852903360348,,-1.3443767932759512,-0.6263498026951604,0.7639992661572725,-0.8199505041183002,0.6512050002811577,-1.3042567447877604,0.4472250245656017,-0.1147
0.9377214805160332,0.4673550207425344,-0.6591374198482292,-0.7402149455002066,-0.5165908361625529,,-1.155110672093894,-1.230996428554343,-0.5783392566362887,0.6623
-0.458424676685604,0.3122166426528244,-0.4934066390782795,-0.3706844618167016,-0.7716513933378704,0.3637304886261348,-0.2153237542888579,,-1.0529324927089234,1.0443
0.6717145878446451,1.3641827928807075,0.4955754904444819,-1.729985592335357,-0.8749291573489084,0.7474472538930269,0.5005989329572729,0.2236252669183799,0.4364486939001808,-1.1909
-0.2625648973592568,-0.8174807850420255,0.8147530349022488,-1.4922655762847572,0.5751877917448713,-0.5556725649810057,-0.4098152556973149,0.2605573301475606,-0.560869540430283,-2.5553
-0.8494327569566906,-0.4729934164497817,-0.4877282538106542,-0.8394234913902946,0.7126590243867167,-1.800076870763203,,1.898088897362516,,-0.1101
2.2340672030898427,-0.8826986783587987,2.2862918443170037,-0.5729873446357202,-1.1347124102705002,0.4301597856806989,-1.660969304893389,-1.4802474444122165,-1.7607998174147688,1.7028
-0.9529779825427872,-0.4351731016682474,-0.0956080633353302,0.0973451542011216,0.7163485401953266,0.7998397881875677,0.2249126412000396,-0.923313005881489,0.5915712401528038,0.2491
0.0507781737293102,0.6055380232094865,-1.990240411524646,0.7006253314232485,2.039325392694437,-1.0639831489865623,1.3247002575498912,-1.485528781929861,-0.5438931686531272,-1.3243
-2.513576352333516,-0.3237695109847253,-0.5572294690590722,-0.6745974366969866,0.966297598276955,2.722177286132892,-1.3232339973091356,0.3469926139989046,0.7412269838632508,-0.6225
0.5559093544506687,1.6053614456829617,1.2389096208692727,-0.4034846528713153,-1.2154401842155649,0.7746344417000653,1.6875533403212988,2.0761975637931323,1.6141492957876598,-0.5774
1.458167650694333,0.9666304416754004,0.3157833068303066,2.3543961082229337,-0.0906009493965302,0.6732066148304291,-0.5395713043111221,0.1013235870380444,1.09689825619743,-0.2956
-1.1918983346779108,,0.1748967306695466,1.512203306520781,0.3067956266406573,-1.1486495640831873,,1.82211710096585,,-0.8638
,-0.2710579190472518,0.929266457040352,2.08518540505607,0.129970642900805,0.042089583978004,-1.3390421760551068,-0.6183026969502475,-1.632744377250544,-2.1799
-0.8760703476629875,0.64574631365703,0.9609490412698996,-0.5314551713531142,-0.6742361850517078,-0.0647306217866566,-0.2110153829625068,0.7741950772983249,-0.3044226001150734,1.0369
0.7132430017283451,-0.6195588700709856,-0.0367103476311958,-0.002245761116528,0.721461459118558,-0.5976502209588772,-0.2757242389187884,-1.6874546645161212,0.4191686931000435,-1.6155
0.3801148104143265,0.2465481466389962,-0.8213984394218332,,0.4601974187549699,0.1096438256731257,0.9310602243502208,,0.285831500197951,0.4674
0.2513177470530099,-0.1320397951702508,0.3476976006822277,-1.0155547212609302,-2.146033829963834,1.1648092535958674,-1.574342310835208,-0.9381969291667486,,0.1322
0.5739889621430518,-0.4450962868024607,-2.1410913225180987,-1.0319324636106768,-0.169762204678511,1.94401965811524,,-1.312428127877226,-1.9412849637888083,1.0227
1.273423857042444,0.5465402252776346,0.3346595573407382,0.4388462788936697,-0.3258979300440794,-1.021078343966381,1.685012284260402,-0.5586055569831658,-0.4968995906027438,-1.0544
0.5523628754998574,-0.7118006073208447,2.824096599125128,0.3244434535787519,-0.3919333062317171,0.7475145926860632,-1.054229061582333,1.3460461588580772,1.0978376786023234,1.8566
-0.8273666683655065,,-0.1515984484478418,,0.6000106171617572,1.6976347179810798,-1.5709902327236482,-0.690624912925187,1.797688228305137,-0.3791
-0.6868264365825525,0.2741429988272182,0.7814301844211816,-0.882390848365425,,1.0034445970602934,,0.4420456955995234,-0.423240326799857,-0.4501
1.3026423691722129,0.1069225666738748,0.0430292697668852,,-1.0936712185543616,-0.1673211614386343,-1.2255300524560906,-0.4040814389564672,1.5131632212641133,0.1768
0.5976951668643647,-0.2262041830667846,-0.0322569471998755,0.7547563888181105,0.7998816529594003,1.2234352469440688,0.0720372297032663,1.5608207080556005,,-1.1368
-0.0435979499159642,-0.464956122293805,-1.3783570241580665,-2.486392938921812,-0.0214700450301356,-0.3858602916502657,-2.184602059230701,-0.0034070682458045,0.6469570493206668,-0.9168
-0.4688491238542795,-0.8330158373185664,-0.3769893992830256,0.2179480675444347,-0.6141473565973952,-0.2054502808650469,0.3290469426097109,-1.8313447274260308,0.7609418984983323,0.6810
-0.9898853646238284,0.249345483434057,-0.8236616753393864,0.116855321102349,0.4632626867222175,-0.0608859811572411,-0.2877265489778852,2.301117669911158,1.4841005515490642,0.2115
0.7185605877077049,0.3058167804367577,-0.534257963220665,0.106011000867346,0.6012811150466628,-2.308976439356313,,1.603410518192575,2.501186465396693,0.3780
0.3173531569954624,,0.973586636544602,0.965149905753976,-0.3402951088991489,-0.9431206589876198,-1.2067439490823788,2.223230708617693,0.2798445759282619,1.0480
0.9638878971189684,0.0532056263074913,0.7446050474211304,-0.0808683213464087,-1.164930011622017,0.8075557141348563,0.2687752020813787,1.2619050727888756,1.3755529756811604,0.3524
0.0060558278324768,0.0643097656341651,-0.0607484576161952,-0.1416438803537849,-0.0071628197103977,1.8221021693787751,-0.6458891301016503,-0.3946156576659133,-1.0295303870379788,-1.0045
-0.8968099631909471,0.7418438694520291,-1.1997664444838778,-0.6474552839828137,-0.1194025838185714,1.4342817623762665,0.6603673413805665,,1.126833229754907,-1.4016
-0.8462871482773873,-0.5229136066662888,-0.1591801065392619,-0.3230546161013693,-0.7311949040592629,-1.5222440707700249,-1.3307845568682142,-0.7281503596440597,-1.665609328971289,-0.0340
-2.297963119711428,-0.6513422872588769,0.8233164588048139,1.526013390987487,0.8883655105430097,0.6836974969684385,0.69646731359238,,-0.7146175574817628,0.4202
-0.2406544966251262,0.3297647639411388,-1.6432739814668842,-0.1559179519850656,-1.1568966046966491,0.3698879594129544,-0.1803673184883054,0.1387841171747682,0.2416987134093502,0.3875
-1.0283252346726062,0.6714525580650622,,0.9912286834065857,1.1434021670932475,-1.69967411886091,0.0331941380910962,-0.8275800931901673,-0.2346053251224496,-0.1792
1.1786533597479067,-0.361135653134429,-0.924124116882934,-0.5997441574493464,0.0569358853566387,0.0129756081779131,-1.4891107351623682,-0.2454824666182354,-0.1147888495411408,-2.0428
0.439187597127213,-1.9003172802794317,-0.5836139519442867,0.4327492662329043,,1.0850505363106084,0.1612493801683593,-0.4631736304822714,-1.7468332660811818,-0.0889
0.2592154244989627,0.4958034365679834,0.2483275391581681,-1.3424795254605355,-0.0199399901537325,-1.3301396673661854,-0.3465085181423653,1.242079665939527,0.4745192939250818,-0.4111
1.255900507080077,0.2797633596561374,-0.1576039131446561,1.5165521431440578,-0.126113244785435,0.1315135580422344,0.3207591023669027,0.7372639280896037,1.0529392537359803,1.5161
1.1197009064294303,0.8857556315843955,,2.399437653120404,-0.6480663585906885,-0.436854270385043,-0.1193278877140675,0.1285996040853927,0.7945801052631649,0.6900
-2.8210584631157545,-0.9331134650271188,-0.2954071233258985,0.6694398103306676,-0.2020842002385784,-1.173772572600857,1.609802587262515,0.0228581745341193,-0.6567370633574396,0.4614
-0.0891017903433006,-1.897114836955628,0.4199773752223963,0.3258175849649058,-0.8668326637776517,-0.7543821723534063,-2.3839694779793037,2.144238827358843,1.485215342721968,-1.9035
-0.8543381357330349,-0.5029263209082414,1.44156163909306,-0.8894608591811997,0.5661104733650533,-0.9363732178064128,-1.5316575266094894,0.4334330904991174,-0.1866617979787072,0.3760
0.7040777293808238,0.9331645626044752,0.3380879266664787,1.0760957359395442,2.158282089346496,0.5939520922346769,-0.0591453861460279,-0.7240714943506995,0.3232349555248643,-0.8585
0.0687175916336764,-0.7316746839943795,-0.8723701339777624,-0.4098560944542746,-0.5262757282828641,0.646730529794422,0.0664574645839919,-0.3033524200077211,-1.701560799524409,0.5676
0.0967665434139364,-0.5973602827782736,0.6622185110245492,0.7422195088798729,2.641346096865225,0.1468616980147608,0.8833984144654876,-1.0120647215654606,-0.8683766762208606,-0.4643
-1.150234038282031,0.2426792671502872,-1.2838435045419194,-0.3116842940758096,0.8029404972072655,-0.4682690082791369,0.8915117061767329,0.66372327357989,-0.5606553228478848,-0.9875
0.1680565985966858,0.4999339907791975,1.3904340734715972,-0.428668404073975,-0.1040632115883611,,-0.4290386777006112,-1.3592307777055963,0.4516923170057195,0.2184
0.4891920141457714,0.6513363809644606,-0.2572301865440351,0.1070506134478976,0.0206992156985805,-0.3786281631005435,-1.135608573059692,-1.096953535982181,,0.2160
-1.6776476240471414,,1.837755793586523,-0.0776818532181593,-0.3525131266845493,0.6993010330220819,1.9178014361762477,,-0.149329416165508,1.0256
-0.1016208225803437,-0.5349985891662629,-0.736590000730691,,0.373813678199856,0.7240219746557437,1.3431181654662088,1.0318414443821309,-0.2793196461650647,2.4708
-1.2973972439726051,-0.1139503181132233,-0.85305831005339,0.5570572259169062,-0.5481019786481954,0.5788486768047887,2.2343555072722183,-0.4471148667335555,-0.6222079473456574,-0.5887
0.4134627030859367,-0.0586571926724995,1.7019959535940634,-0.2067177320576202,-1.888174860139412,1.289062480645054,1.3600687578030368,-0.9921422158523738,0.337764732824381,-0.0667
-0.6290711495450204,0.9962552249497454,-1.805955511566572,0.5325156269277336,-2.0407042779304083,0.794048688640081,0.099595316166058,-1.8422141662989164,-1.3361574322775267,0.8847
0.2456785007959876,-0.4480124877243508,-0.1307471245949383,1.8509840651860272,0.556120491888139,-0.3476328308076845,2.260138661374333,1.6663174849837326,-1.2904586464781391,-0.2419
2.240099598606648,,-0.4255890621236847,-1.4728791487446322,-1.3958808084683885,-0.7191146729722353,,0.2937405527953798,1.098740393650239,-1.2215
-0.7323877113275584,0.0516393421807093,-0.2478885428689295,-0.2109838591088899,-0.450353805955342,0.2572670307134508,0.1813633309759028,-0.8443635933522975,-0.0035360043633631,0.7845
-1.0286367815436823,-0.2181210843571371,-0.3182079361281986,-0.8526508447524414,-0.70819719737296,-0.3846997426693898,,1.5559383693624456,-0.0015003504968632,-1.2772
-0.2576097728127087,,0.4110101599166929,-0.1605354402489018,0.0846726084045702,-0.8256268274182809,-1.0858418630630229,-0.8954051390508567,-0.5837629931227128,0.6255
-0.3359726466609024,1.0232618125993085,0.7809921021530887,0.4025443848635615,-0.1595786955187272,-0.0843197788742175,-0.1770244462933763,0.7860051090178753,0.0850809287791845,0.8265
-0.0188880699860423,-0.0814185401990873,-0.0236006728742203,0.1126629305777578,,1.510413145056936,0.2938579072100141,0.3581149720880853,-1.1877254381328872,0.5419
0.9199857035004732,1.4142477886544955,0.1564048266777505,-1.9165423122800864,0.4527895599741051,0.8247368302911193,0.4792623383454069,0.1243038117450788,1.4816522709223146,1.8865
-1.8355392675664843,0.0591142273459697,0.2764031392322462,-0.1138877495360525,-0.9788614089941358,-0.7613535445328812,0.9901802509094138,0.2019385913375854,-1.820731871042571,-0.4639
-0.4848009465112322,-0.2449027791586093,2.1331900416735623,-1.697782128484211,-0.408021251951195,1.9629135742580688,0.4172235808868074,-0.2167037538131751,-0.3678576947728529,-0.0402
-1.3160538308078569,0.6079421186736409,0.5219424157112738,0.1758165358166368,0.32469666993276,-0.4518318787530378,,0.102752834816645,-0.3116127959028086,-0.7914
1.725617048238945,1.7233082810809843,1.0352646749204688,-0.6668826339691787,1.517857970963737,,,2.0507062556920173,2.2212462964605377,1.8702
-1.3436246487147745,0.7007064309068668,-0.0677950509004278,-0.6642416173091771,0.4765426227917562,0.3475444353816535,-0.7797020145741232,-2.0402246902694565,-0.0928759149263171,-1.2999
1.836495521381608,-0.4790185467940336,-1.1486593310052342,0.8383059392993801,0.2260962122191605,0.8233113076685407,0.6093465970944039,0.4784856755853554,-0.0591660049721697,1.2115
,1.448496018186627,-0.4752351141902085,-0.4322625538253035,-0.9928541850718414,0.1532492711759959,-0.1032174311162544,-2.252975509162138,0.4362091955411862,-0.6798
0.169472904497226,-0.11089449020284,0.1257496798328954,-2.81952130958202,0.0530002613790646,-0.2857388120951459,-0.0498874234167335,0.1484322439360513,-0.1658533514639886,-1.4930
0.1159639320226025,0.2533376850629025,0.2684356497040605,-1.0652011774984238,2.3268436776348462,0.0944081702824405,-0.3858611754257858,-0.94449344568415,0.963909800264838,1.0207
-1.6652737575797032,0.071925712896097,-0.9791680188906112,-0.1499442331769565,-0.1885566486341013,0.1797593212571431,-1.0248933961517328,0.8467084433453592,0.9405628698756572,-0.2710
-0.055436862516677,0.194352653903915,-0.2799401020254962,2.392999386999816,0.0950808982879356,1.077416263312856,-0.0257075071279619,0.5573463196158281,-1.6540465122965111,0.0513
-0.5737682319171571,-0.2117581682212868,1.082557458120927,0.8638209264615907,0.6796817783507388,-1.3416945272218117,1.493157231645674,1.9372333692757489,-0.0894981475159604,-2.0425
2.031170005998576,0.2085692432035736,,1.4274966400669085,-0.7343484805606918,-1.3111450284747832,0.4541284241998079,-0.1979042431733477,-0.6027121864319764,-0.6401
1.7838728563992452,1.3074959833747388,1.0046704150085328,0.7257520696852988,-1.477046584457364,-0.1257657003084533,0.3857014980580562,-1.5436488704914415,0.8110265333197568,N/A 
-2.4523370839624783,2.2328705751282047,0.5333704220874087,,-0.1695234457041259,-0.8974713006307792,1.0457395537382648,0.8564242078955812,0.5310974725647511,-0.8005
-1.176656923704433,0.42884352401454,0.803271748633827,0.4173692873053052,0.6447391633551997,0.3630722016113917,-2.1570359138581403,-2.3745713680587404,-0.6537822242761961,-2.0721
-1.3115270128885474,-0.7282505055998941,-1.1177130661058394,-0.439402400527654,-0.3628619184052136,-0.10429039045711,-0.5276686781833256,0.3356976576265431,1.3698329235071198,-0.3651
-0.0744695340780045,1.367708362387894,0.0839747276422001,0.1776618762369856,1.601894813999924,0.6082456349208909,-0.6015094841000459,0.5069161631276812,-0.2541603761659532,0.2026
1.725977594078422,0.7051966537603785,0.2275261004669868,0.2139336523247511,2.3312671158587785,0.0154494650274098,-0.0748899359705455,-0.7497757020811998,1.1504210020297976,-0.1323
-0.340298293115171,1.5866938990699877,0.5265050238412569,-0.794850677078431,0.5007450844420415,1.6295869409881407,0.985162537712823,-0.0102642411695779,0.6417888621128451,-0.8315
1.3962139229257469,1.7958104319678252,-1.0308280841677042,1.4059610616623583,0.5136365265266845,1.606040637487887,-2.249310902632329,1.0188759373993093,,1.8421
-0.9950737946692984,-1.3974651037068102,-0.7147290914975187,1.5457028916469355,-1.2730707885660857,0.7313108575920936,0.2511003082627872,-0.6639025618226304,1.670211525330971,0.7342
-0.0495352650546045,-0.3024351034787967,1.3790385891603285,-0.0319296163364693,-0.4570998036145634,-0.2783270209429706,0.9816109205199652,1.5933572114648673,,0.3208
-0.6912759217433259,0.0278726793742686,-0.6915180014352135,-0.1585256046662431,0.5541029999975503,1.5426105159849586,0.1157648972878583,-0.784780083610063,-0.0151449065398996,0.1686
1.2990281127684105,0.5883752408238222,-1.873524973025643,1.130265324334078,-1.0258777963117522,-0.6676499438514655,-0.476455023864807,-0.9279052379468332,0.3391997079090517,0.6165
-0.0904854481973438,0.4575173487013199,,-0.1464507272545317,1.047432240128167,-0.5089076330052098,,0.6989069976623538,0.6760635356617,-0.6253
0.294788457307579,1.8416855503213216,0.2103449760401426,0.1279707030240029,-1.780050467906185,1.232215193129395,0.3542905859939425,-0.943339289601028,,-0.0645
-1.0819540354334616,-0.4739751577623083,1.122673482569016,,-0.2921176245781078,-0.1542942943799493,-1.9412260546727025,0.6135585572927081,-0.5880496780455657,1.1129
0.178213630587507,1.1283249159285096,-1.8801704424021235,-0.2621204337242706,-0.7915824800006219,-0.5715909424823158,-0.300778975006444,0.9758862011144596,-0.0375194285584157,0.3120
0.0843060431130578,1.1637142546005927,-0.7097007197386473,0.5633941020937867,-0.0678474338748464,-0.2454810473248883,0.7338897246166411,0.3030768933882324,0.3949714088439979,-0.8494
1.159630217087671,-2.3973329513949526,0.486633247436326,-1.2183414228162666,0.0523924537793523,1.1669690193521085,0.1214585462715137,0.5790345028227954,0.1628948206079478,-0.2487
-1.4603339919857456,0.1362457920661833,1.4913754489235815,-0.5775543006272149,-0.1117149862006676,0.2236390539669609,0.0536330684440788,-1.4392104253950828,-0.7479233554947261,N/A 
-1.1845100898566716,-0.0788409417299265,-0.351208536319551,0.9624397069161128,0.3278294096284946,0.3565782854503599,0.7586010718218105,-0.7382102996583644,-0.5574187025115779,-1.7834
-1.488035857128254,-1.5904641702191502,-0.9783053353089458,-0.705118324391628,-0.8525592561853503,-0.9983577082528822,0.8743011787192994,-0.6039183108607231,0.7926107805033038,1.8776
0.9992947619261764,1.29547520087058,-0.4600718061259833,0.0770523555901809,1.0079079195538057,-0.1740616714939207,,0.2803540432775517,1.8361356206580943,-1.1929
-0.0652328370859134,-1.212471007693492,1.4992977523543567,0.3050452053489966,2.0379958415128057,0.1279456848762556,0.524830060796594,-1.3852434403381004,,-1.2453
1.6863754642403592,-1.4324546837619152,1.067756207769608,0.0424335464614334,-0.4630569756508695,-0.2966380959737805,0.7548280087054859,1.0799220655124082,,-1.0789
1.673823388237953,-1.7899798752036782,,-0.1222123231424517,1.3064546050237282,0.141033286813375,0.2547722524794986,1.137612258792014,1.0153707877087303,-1.3050
1.3675519698494718,-0.2828235538582024,0.8913934514041386,0.8920587373438051,0.4980438522959012,0.8566094794829305,-0.1894173998910072,1.0552285558687011,-0.1698855445591736,1.0223
0.9587562794685064,0.6878726229744037,1.1222298112548896,-0.6676142444358537,0.2734315016410757,0.2840101606741176,0.272197846133597,-0.5265953916572673,0.6205058885152015,1.1066
0.1294355039908497,-0.1276739967197267,-0.8406472804638405,,1.7462006220989033,-0.1273018691495903,-0.168634364275503,-0.8450320575102445,,1.0879
1.070941448475753,-0.3710303159991437,1.0177052611331796,-2.199641091569712,0.3847701962504884,1.5827573962758283,1.849578167724989,-0.5295213996315183,2.041986608332393,-1.0266
1.075724423847929,-0.6832607905241825,-0.3737256174033113,-1.550146882847017,-1.410920046044153,0.6394435670170283,-1.099485688522328,-0.3574172184331621,1.0141473081792751,0.3350
1.53667509017633,1.8072751479407183,2.036010406247209,0.1014309300567924,,-0.7244268711706905,-0.0361083663571895,-0.8707670409448394,0.2783743690582216,2.1698
-0.2591329580346124,0.9838890267083684,1.307232849290187,-0.3154435288281465,0.5292405723179793,-1.434781657465906,-0.9044904275700996,0.444339033013261,-0.2425338234895183,0.1026
1.1246190733067123,-0.1889815487962743,-1.6569336496791618,0.4802066212958413,0.6124764610338658,0.528611048157332,0.8838436154264051,-0.156952163214546,-0.9072712819140766,-0.3208
1.0738663722252206,0.886034193950302,-0.3391056885955463,-0.173486656247936,0.240588797055741,-1.079754361564332,1.4463191423994994,0.0671814879203097,0.4324918327268826,N/A 
-1.310618141823351,-0.0218372811148456,0.1772952306627355,0.9676593676044468,-0.448623800082119,0.8858289484327021,-0.3297618287947451,1.1855629321491243,-0.1937090876385027,-0.9248
-0.431776258040102,0.727996450627211,0.202009921850428,0.9233205045702484,-0.2687617685301248,0.0965759716702504,0.4094058599504405,-1.4834805906905355,-0.4745470613001262,0.3741
-0.87564695995188,0.5778068397001105,0.9101055604577613,-0.4785999190998113,0.6530571429251806,-1.387764833196989,-0.5985118765689841,1.2751469201689805,-0.2826180328219219,1.0424
1.2667538490373735,-0.3990805744228559,0.5642615632134678,0.0738319878996053,0.3306842430016085,-1.2518369703199186,0.9094028188832656,-1.51578070203123,-1.718130518749434,-0.5070
-0.9419441160169508,-1.8439573527517188,1.2212515148647514,0.906946662597476,0.0584120088123528,-1.5977867677083473,-0.1182195224763551,-0.963295324924331,-0.2260681422418576,1.4438
0.5460912027273144,-0.1758273635774176,-0.0061817093341307,-1.18833760472039,0.7373865886630704,-2.501774373068663,-1.6767928411759705,-0.0053049088331022,0.0216053221728123,-0.5614
-1.504284569441157,-0.739228353062391,-0.2520742615042393,-2.1382597786954576,-0.3356027681459155,,0.4371164839859801,-1.0616332512744877,-0.1865594206419294,1.1650
1.2943837239013436,0.8735509573122155,-0.5953036336182672,-0.9527336774026216,-0.6904570530129437,-0.1243862576865848,-1.1204689079818615,-0.3535799822386194,-2.1579000442021283,-1.2728
-0.8269611733272056,-0.6924164808358879,-0.9181872788845532,-0.3131259469074923,,0.0669014943176787,-0.797977638936943,-0.608268702676146,-0.3104165677349417,-1.1070
0.8505146298199763,,-0.1737656055781452,1.127861481710604,0.0040816248120805,-0.190769967244291,-1.0329517361468066,-1.178008660728765,0.6713248176884148,1.4090
0.2516355119502007,-1.1824120502020667,0.3539868171256093,-0.2410808737506544,-1.749791143617834,-0.1221056080733667,1.11320716212703,1.8309448346526944,0.8771691083432392,-0.3708
1.4453934673296227,-0.5916065758391116,-1.3564566773925322,-0.1364005757382992,-0.3398155484134799,0.8535442354761458,2.751725092923816,1.069752570759216,,1.4012
0.1773608665982477,0.817275275585467,0.1964397083811736,-1.4902682853952485,0.2014754265522511,-0.4195958051070207,,0.6529117088257869,-0.6810621518921367,-1.5555
-0.2480943236006998,1.3753844629985388,-0.7838680591063657,1.350426346358535,-0.1055169958038579,-0.4286539295753744,-0.6173694008782934,0.1453882882144958,1.6098243951914184,0.8299
1.3191917263661066,0.7872508650509684,-0.7608852089582692,0.193684033969587,-0.0922544841511169,,-0.2613355483436821,,0.1373491054097708,-0.5985
-0.3151718206526783,,-0.3833718058447138,-0.1182921331333218,0.9381719937333972,0.1193952373023449,-0.0677218181370299,1.1451705626792683,0.4354508624791768,1.5885
-0.2549880275698349,-0.619172095760811,-0.1038242034859486,-0.6789304464288732,-0.1029318921184162,1.0140124565546305,2.170853742786329,0.556749582981637,1.09391249092112,0.3693
0.8003220979278772,0.5642893312391396,-0.5466212485004064,1.0997967362664771,-2.382882966931386,1.6227996406153673,-0.3824381658864424,-0.2467342166620646,-2.2817341875513217,-1.5301
-1.155179620699803,-1.3374531511218388,0.7824107071105856,0.1768545804420238,-0.6311083493837536,-0.8144197793362756,-0.9357970077033326,-1.0031722880123604,1.1179027167139164,-1.0405
-0.1804617742245965,0.5852131198061062,-0.5062524871932007,0.0112093722250437,0.792194225477673,-0.1157971311096332,0.1865993722343961,1.2203267632225423,-0.1767070336328823,0.7165
0.1836604979991413,-0.2231401462191702,-1.298907854015671,-0.5103658678129541,-0.5356179540903441,-0.3390701629776824,1.1315611222731057,0.4607689137320722,1.1692953245901374,0.8053
-0.2761483739785205,0.4716232280958709,0.8431139573307974,0.7094106735467727,-0.3824392754320301,0.6972630346796013,-1.8076057068069724,0.3572970350471396,0.0812738611998401,0.8528
0.5065129091016706,1.408379965432994,0.4500890151290731,2.100419685760439,1.3720355554762074,1.1747808174093883,0.1297805750314978,-0.5963767879276586,-0.0006524427597109,0.0004
-1.2099040573521027,-0.0763238755958172,0.2450132177683571,-0.3494918422070789,0.0219766051908791,-1.0651358182743236,0.9040635238228992,-0.6213861720213139,0.6753117041240404,0.7905
0.8223216162743047,0.2086420938993194,-0.7449175575015063,1.07233206748344,,-0.5432922870355837,,1.2402213106397135,-0.7140787594478338,-0.3459
-0.9160972712342822,-0.6467960588486895,-0.4369256984142834,0.5681152887326278,-0.9401194983072422,-1.306761946615435,1.999689801855863,0.5211175189122467,0.4598738843372023,0.2402
1.143072813076509,-0.4872270544649068,-0.2294769757630341,0.4196180677783169,-1.0464824599668514,-0.1336418281488056,1.202283008879413,0.5799825478880251,-0.4166608557825984,0.8732
-2.769760373312911,-0.1265646237856482,-0.317775101976775,-2.045841715061945,0.1946477368789583,0.1340265219392236,0.8255572191459994,0.1424854318398375,-0.046194236674906,-0.2874
0.3256400143918251,-0.5566697117638639,0.3173170816280836,-0.2693374217522313,-0.4332494207884784,-1.170136266492117,-0.2885408784335991,0.5276863083189562,-1.32223716873939,-1.5356
1.3093195093504686,-0.0218764816921245,-0.4794669985142908,0.0964872382720719,0.5705678664669191,-1.7612289719800551,0.5367479168214845,-1.858155480052314,0.1928800543365482,-0.1453
-0.3088944059429954,-1.7797968290712234,0.7167883762708513,-0.5711898793040241,-0.4053373743794212,0.0868732685488008,0.974920051476344,0.7175782571799215,1.3733734985152026,-1.1059
0.9783759615617804,0.7239284925130497,-0.4821295554428157,-0.6390459392540805,1.401358887629063,-1.0956583114654812,-0.2113089170272592,-0.0271766856791163,0.1569622027037847,1.0316
-0.0411453411166461,1.3250119476808284,0.1319830518936508,,1.510608120549557,2.397260116501473,2.7871314930460565,0.6686627742312682,0.0550124023209545,-1.2269
-1.525173672770407,-0.4322599292403498,-2.570593323059459,-0.0931282722500682,0.1019665532264225,0.5252961433837591,,-0.6191993656216137,,-0.1172
-0.5640222299798636,0.7524460993844437,-0.2549486297985806,2.045702428609516,-0.1848131038537609,-0.2777658673534927,,0.6618676930460736,0.292342333154894,0.6083
-1.4215666529336246,0.1309567758223938,-1.4713142468920863,-0.9266349586763684,-0.2444299483662624,1.908339346896485,1.3613078123674744,-0.0655756611562376,2.2600938735434686,-1.6246
-0.4965403074933376,-0.4031967679771184,-0.0519087878360766,-1.5046265133071604,-1.0307726391423315,0.374363260930256,-0.2767441317165292,0.5836177781782345,0.4833738391405837,-0.2012
0.6737023127675488,-0.1087192667538734,-0.7784596124643776,-0.5449458950773659,,-0.3034591012406914,0.3675915662429674,,0.0056298534861132,-0.2698
1.9147545570353728,0.7889559927525469,-0.4350636800912199,-0.4697216133139896,-0.1440440909228348,0.7420833272484171,-0.7418469669634875,-0.300102078295187,1.1294391018329015,N/A 
-0.5337283982374501,-0.8228536504152314,0.7843370591379255,-0.8404010873886907,-2.3576428500678177,0.94233439771691,-0.871683936670503,,,-0.8366
0.8712204577527026,-0.4063603258866365,0.5982186402594554,-0.1912046811949963,0.7734524005249825,0.3282657742629765,1.345002421146923,0.4217064093892021,0.2665957411804639,-0.8824
0.162562062842983,-1.2061798549687686,0.2872237761173337,-1.084027914217876,-0.199362291398379,-0.497972445108177,-0.3988725771842854,-1.7732946458735237,1.887800406068298,1.0704
0.4744943500445073,0.5176652191401016,0.2421920801520957,0.8165193477823743,-0.8496706547384992,-0.854277772408733,0.6961983575911052,0.3844243911697192,-0.7009141528349118,-0.0885
0.0462243128224127,-0.9872894843950868,-0.3372172304488794,0.4873106420704887,0.2840484932206541,-0.1191948889938483,-0.4655309626264312,-1.3400232295933032,-0.7772652539044308,-0.9945
1.5939916801126028,-0.2370770496543149,,-0.0347549318399048,-0.029622655434396,0.170703508257561,0.4111491584034608,-0.3229352523051009,-1.221764001877082,-1.4282
1.2258868859011256,-0.0076801218200929,0.227328510096735,1.6338656713823407,-1.0336063958826955,,-2.063871678942845,1.1891154079472246,0.292728309421219,N/A 
0.2896390337481158,-0.13491835266439,0.9594572870730764,-0.9665407978187308,0.1013313869518169,0.5314699096571716,0.0588844674639855,1.8898525757396072,0.0295262273915554,0.4625
0.5453461026521216,-0.12383597144306,-1.2153359961874586,0.5664414814286649,-2.2060874129679906,0.4982370714282891,0.3415183853964275,0.5011428775576182,-0.5681600734699448,0.7890
0.3652546235812791,0.314891119827937,-0.4604125466045849,2.61422746341398,-0.6352342543497594,0.1497227169909796,0.2171567703147062,-0.6312496189389033,0.7683255853756004,0.3422
-1.1621756103659278,-1.3179904910930804,-0.310361054382991,0.0486681956427081,0.589317380462156,0.9402663355840156,0.6609827933127734,-2.3295969505621072,0.0097825519871435,1.2668
-1.5895599873706243,,-1.2373382661673544,-0.705607248110018,-0.211669769768909,0.4040113569057683,0.6037548669760712,0.4023845574268939,-0.94124497387444,0.4949
-1.881262950476049,-2.1800953979120377,-0.1261039770648176,-0.3749117968885155,0.6416175384726468,0.5571569254824965,,,-0.5614896530586203,-1.8820
-3.238303222149312,1.0756850523036607,-1.346280175422863,-2.3676428844222586,0.3488186610820267,2.4077302015815167,-0.4776807910823155,-1.4434723004833112,0.3435012657819677,-1.0824
-0.8687881308849228,0.0507874265446364,-0.6928939700583066,-0.6176936254316993,-0.276096664352241,1.0064121438586686,,-0.6832577421562417,1.673534288848464,1.2514
0.7589359264756931,0.529336032103958,-0.1208954256811983,-2.1522664707012136,-0.1235884277368806,-2.3078082107098536,1.2490464473671858,1.7361610782284305,0.1604147442311179,-0.2306
-0.5746850319400593,1.4838954311138128,-1.4001377240836848,0.5070542099798803,1.1383677518547994,0.603306516509454,-0.608541153107714,-0.3724794986196323,,0.3051
1.0569181812824582,0.6491717612446538,-0.8222176718924316,-1.5316990500041276,-0.9956405297704816,0.312801359389632,2.332175851775913,0.9813567936680452,-0.5948410666074047,0.5368
0.2180401900304795,0.0823172310789578,1.2394821278543071,-0.902731078653949,-0.8408542067347119,-0.8275726864281627,0.6112669945414543,,-1.191314340026454,0.3015
1.4084101397877575,-0.0555511894884244,0.6710687894176509,-0.6285370854577914,2.1073152781220346,-1.6778163262474033,,-0.694030668871746,-1.3085832725703772,1.3920
-0.213174319977091,-1.074778086011429,-1.2599127046802652,-1.325789402858054,1.852008807884606,-0.3965229282697765,0.7661185728382681,0.3559420879044752,-0.8143008378498638,-1.0619
0.4380334786136152,-0.8097781917490882,-1.6348885274616225,-0.2047079310304709,1.0283827127946554,-0.5816385643584832,-0.6117526975078238,0.4703722145702168,0.8672179894097258,-0.9600
0.2871365210183269,-0.1420103918421947,0.2035988626034039,1.4494654195922112,-0.9906949548499688,1.094995931356614,0.6414267059397117,0.756647573703848,2.306450060471678,-0.9276
-0.5562437988802181,1.9267639336954263,,0.1507624783398606,-1.362589979406794,-1.7017220211201898,0.7671154459841245,-0.2455663699170114,0.099455249221997,0.4124
-0.2707395917075436,-0.6365646480168574,-0.3324023686775398,-1.505496170983238,1.892960714311894,0.2413065870680317,-0.2201578650662628,-2.0224961882708974,-0.5293588802106125,0.2517
-0.4448856189020576,-0.1659506030548557,1.2118443768664997,-1.6126833899019135,-1.2057159527599628,-0.7118209943795626,-0.1633683079137297,-1.9483650901325933,0.6374933609276618,-1.2706
-0.3987290697043523,-0.2583471876397794,0.1330379962778684,2.2232721466972705,-2.483043677257597,0.3942349418964996,-0.0493461786139741,1.143480829388699,0.8072205776179954,-0.7472
-1.6154528497401517,0.68891563058212,-0.8908981871563312,-0.1368162699871263,1.0800334569295102,-0.196468065597532,1.078479567472066,0.3437110727348337,,-0.8262
0.8955884925723506,0.4438398200428111,-0.2564553555840621,0.4314478689901566,0.0026772202149172,-0.5007421362986634,-0.7673006323634026,0.0832052839816474,-0.5762397061270111,-2.2430
1.5088744228099702,0.5161007513123652,-0.9962604832431268,-0.0568813851777169,2.856969530195329,-0.1664349826410877,0.1601262733777855,0.3105694344709842,1.3235083870772584,-1.8671
0.5192480182409396,-0.8955055025252019,1.6714653305753815,0.946800354282008,-0.9374420703271528,-0.3627912748503123,,0.2007129870900024,-1.142980272556972,0.9200
1.540932346197266,-0.1548029422281105,0.4343182985763666,0.4052424714522851,-0.273038175037026,0.9378055615119436,-0.9749367156760556,-0.8292134509076045,,1.0714
3.41934032636358,1.1590353497706871,-0.3336369033567393,-0.911335761059484,-0.6170290824394444,0.4332476939177667,0.5638921785853326,0.1109847316737414,-0.1388603984732322,0.5427
-1.1545605424863403,-1.6947021317169102,-0.7515187640436521,-0.4609911665232692,1.0355812338029946,-0.1461056716843818,,0.2889468034918372,-0.0360509338141884,0.4150
0.4256420170152641,-0.5014499864098416,1.0114262641085296,0.7227490770787367,-0.2965848156484656,0.6759540265770269,-0.5850072350292123,0.622559632309544,1.8101490436404708,-0.3795
0.2589290637304438,-0.595614697782147,0.9513429710808232,0.0603299141381295,-0.257708005943137,-0.1236336437851213,1.0681954539951513,0.7791750341289557,0.9264086185688444,1.1239
-0.3361702310551716,,1.4470499547906392,1.897389583694009,1.640670664201572,0.604290035094532,,-0.5398755085542375,-0.9487300250138484,0.9411
-0.5007786510215885,0.0265444377530552,1.009988172671336,-0.0910832099228472,-1.0108819486472669,0.9033009108803354,-0.9681795668914172,-0.0260404674774297,0.2030216296259694,2.1533
-0.0901602345943011,2.043275701518868,0.0769933460313213,1.9314124948637437,1.6579181092270634,1.2463545148999609,0.6650782320419065,-2.049064088225064,1.4739410735615617,-0.9035
-0.9394333597625512,-0.1474202577270198,-0.3508718914398713,,0.6602315512263132,0.5651526696566274,-0.2126976387105117,-0.4893372168846516,-0.8045911422699545,-0.3391
1.0484784147915152,-0.0495964092175523,0.191569129396165,0.5862799137289371,0.7389168285542733,-0.6805392773148653,-0.8003863868253769,-2.949087017483428,0.4404174874218848,0.7681
-1.7134174232559451,-0.5313782930595494,0.7098139653561012,0.4644365734261318,-0.8019693021285581,0.4293622571768727,0.1297357593333349,0.8644568740204017,-0.1411936660590172,-0.3472
2.2102952985370683,-0.4544726417810634,-0.7443779144348571,-2.8476770485657426,-0.630316420423293,1.5797677572447395,0.1405854557246749,0.1250105282598749,0.6145902477475371,-0.2431
0.7855540687488884,0.0358510054793066,-1.6786459123962876,1.8724655694199883,0.4032272466358871,-1.693434362982144,-0.6815190353395258,-2.377357450490989,0.7465752786203037,-0.2408
-0.552117832540757,0.8692665918650444,-0.0460289913180313,2.027107641318573,0.0264905688984667,0.4986103853892608,,2.1065213191399232,0.997671580667333,1.0286
0.0365473646830364,-0.0244544036889741,1.825300302436886,0.5802203164044157,1.807606763095049,-0.9342120267212828,2.60953181208202,-0.4038878603628569,1.1904449675565132,-0.6690
-1.7116037746130068,1.2934386324013831,-0.7537297543183825,-0.8413572360270518,-1.9997672634719112,-0.1372722368691457,,-0.4750574876286423,0.5298526576364908,0.1599
-0.0323427708274846,-0.3845542207872103,-1.4423799200549918,0.6131904142242689,0.8388406507638337,-0.1837811817730575,1.3431188462090935,0.9726775576884812,-0.8749480470316814,0.6154
-0.4696472515875365,-0.7972850225373144,-0.716807907753668,-0.470772685568219,2.472459842798042,1.2483022395783516,,-0.0645273921099752,-0.5002497630410434,N/A 
2.4043256059373497,-1.618570747815795,-0.4708072514855173,0.1411041680644319,0.2929407248319668,0.2730493200953109,-0.3488819182174932,-0.739356738508672,,-0.4390
0.1015045692282007,1.6374657349437,1.3802634410770416,0.1982941434841378,0.640533186067338,-0.7138231954081774,0.914884921735492,0.4481316249523901,,-0.4701
-1.6719969975026423,1.12446045456395,-0.2834024966531403,-0.5068375518587555,-0.326771940309758,-0.367397879198369,,-0.2110108917136825,-0.2003202185474497,1.7641
0.6075640207266092,-0.0720755682750797,0.245059947622464,0.0924723096187891,2.5841626633071684,-0.8444554870633783,-1.0116380954985276,1.251959361647811,-1.7604976407431914,N/A 
-0.6884490620270663,-0.0027756286986562,-0.5043907147795441,1.9134460638852384,1.43352154347684,0.48501740462765,-0.0357734120277976,-0.0039191881450073,,0.2376
1.2594268572501166,-1.0004620979846373,2.3965751958098664,0.3728666060313596,0.4371377973233046,-0.7426016717075904,1.855200131860523,1.1640618642172116,-0.1564253977396877,1.1776
-0.2009470128486255,-0.4845992966371684,-1.3091701649314664,0.2438807185904836,-0.8853646401291261,,0.4900028817638069,-0.6754427239703389,1.0980860360906233,0.0213
-0.2522414131784933,-0.1061576480666626,-1.4466140916727004,0.960872900953302,0.6178333828674016,1.282832870538242,0.8317735117654413,0.1637536875527362,0.7806107261142489,1.0999
0.037237752826113,-0.3542205313383456,-0.9307352665524808,0.0938479205505621,-0.3208223929472508,0.8018735874785272,1.314983953664486,-0.9892301380892348,2.4353969482204345,0.6840
1.675370108813147,1.0191573456632117,0.5745795509822709,-0.5102040445598085,-0.7408136765774573,-0.6909388943879832,0.9203332326897584,0.3740084027532271,-0.4065521760131446,1.1912
0.8331059636658442,-1.4410036002310362,0.2461555169109417,0.4939158383213748,-1.11166302142931,-1.0391915590853806,,-0.0827329196464186,-0.7414033769860509,-1.7959
2.3581571500866025,-1.6657471427633022,0.8965985306659372,0.6534775673297368,-0.4920222872922717,-0.0651472286690511,0.191785663642014,1.040014585384711,0.1079702973927674,-0.7947
-0.902208868327914,0.4083171773634331,0.0244251877177238,-1.5567343817935153,-0.7266497975519882,-1.2707150995783143,-0.741399766293847,0.3173882521126532,-0.4588347537725238,0.0039
0.3337863998305654,-1.8782847969336605,0.6567664464168356,0.0753426368194455,-0.1709205676333724,1.1042109108528972,0.1626795009211097,0.3527484436213172,0.8861378239233821,0.7817
-1.2437040365876733,0.1377142918428161,0.2359634604030171,-0.2897674162838188,1.298227313537187,1.387579117792696,-0.0992478201837631,1.5417604926509154,0.6857707882407978,0.1268
-1.1321977376977403,0.533489021449304,-1.053115973463552,1.0595283260844444,-1.240248632145561,0.5245407358321751,0.8146545193918624,-0.91094605580703,-0.2602398855722327,-1.3473
-0.5132022891230218,-0.1072234198660357,-1.1481114343174297,0.1099661138200354,,-0.9577573899305392,0.6764088095819795,-0.1957852453653136,0.7296296853846075,-0.2508
0.7593912832871875,0.6035147625448284,-0.9590898039996316,0.4933092828317624,-0.6374925714951545,0.0534610818286957,-1.3751565787468232,-0.2996116403353279,0.8450576922408783,-0.5107
-1.6702090244096188,0.2145468954600705,-0.4608569955069695,,-0.281355513254993,1.89576445804998,2.7812472555295527,-0.0435331105714409,0.2344382841625356,-2.0991
-2.0303945843962974,-1.3156079499936038,1.4886189117833195,0.154138158312899,1.751534396500655,-1.6382229013127805,-0.2750688732294828,-0.7752529862770727,0.4559959150481157,-0.7689
,0.7957637896827136,0.0135252789473467,-0.2160319928936648,-0.3982885278082006,-0.8617290028618648,0.4427226899660396,-1.6926123772375803,1.5510641093149389,0.1996
-0.5462799450694287,0.0670883976956135,1.6585070707044032,2.504797317628717,0.2945425354317775,1.8847959489633568,,0.5755965179367423,-0.3813898594379534,-1.5315
-0.5202523725221769,0.48028598004682,0.5273258304090822,,0.5782480271137447,-0.7355579775542908,-0.257761611389056,-0.0171827013019379,-0.4831693690096151,0.8432
0.2261098076045136,-0.1932910033060037,-0.2611603543376191,0.7299954022522724,-1.6763423645318345,-0.4956586802965438,,0.3163867331739688,0.0140346702071165,-0.2447
-0.1626299020754061,-0.4074264969733439,0.4730259374877029,0.5033597349779918,0.7863478790136088,2.773066556606275,0.9000160075101509,0.2541519947597584,-2.316692526053981,-0.2966
-1.362985634912028,-2.038345965820015,-0.5831113988094185,0.4307105053959967,-0.1084526487029805,-1.8713834140079475,0.3858185728999743,-1.3036670956612644,1.573083365691456,-0.1485
-1.403998437034221,0.0085752674508384,1.6357203929332214,0.399962132432088,0.0818159372891187,0.9492808166895896,0.528946190314357,0.3880429466372222,1.731431230657113,-0.3228
0.1966738474065549,-0.155220302947856,-0.2279932210497812,1.1979539929564582,0.1118913069300299,1.653985585941144,,-0.5553954696081762,1.4409066959127326,-1.1205
0.2161735668083153,1.1202194456399237,-0.5194859193223462,0.2943656939873872,-0.7406452388921267,,,-0.4402361434776985,-0.0170092723285012,0.7476
-0.9535324176164734,-0.8470162530448537,-0.290245808612464,0.5479439268406656,-0.1325735926515057,-0.0363825378022147,1.412064304423644,0.5880405938088611,0.0688014707422333,-0.6862
-0.2437144739872756,1.4702900665940817,0.7174307919782322,0.8888416944187889,0.392054348283029,,0.4914377316854012,0.1839668727415591,0.4356317183621756,-0.1172
-0.9223146508906797,0.3405037380522421,,-0.2456947596547493,-0.0030998748116489,0.8075237169837799,1.9755611239316224,-0.4424745927837041,0.0077913445381483,-0.1903
0.167170831415323,-0.299223407699881,-1.2722415857995122,-1.4579470564226331,0.3550398682533235,-0.2845207090089507,-1.3750240845130344,0.2641088365287625,0.0559174624221439,0.2696
1.9045668865829355,-0.7815051442445494,1.0707787850556718,-1.587142860841603,-0.3068099341565886,-1.3670681756374596,0.0827963550529973,-1.5006940718927015,0.927625064974616,-1.6132
0.4978578021619196,0.152491028701529,0.1223460274851853,0.4159166560813281,-1.5931066810628332,,-0.5096729275318101,-1.091933187885662,0.3312617730661205,0.7472
-0.9176815649395323,-0.5363028992072778,0.7245047367142178,0.8477127588239939,-1.6110377200401915,0.6925051817199525,0.6166968376350472,-0.0063515147997372,0.1553838984856931,0.1819
1.2964498613601645,-0.333791651993235,-1.0019652344130718,-1.3984525388360285,-0.3164100285741371,1.3393540294661723,-1.4747327356176974,0.7193536430245259,0.2516340160383549,-0.2089
-0.2610698267003795,-0.0626822449796697,-0.6820425904715424,-0.4887642043586634,-0.8663279893169908,-1.8235400015702528,-1.1405345315841655,-0.4891525866418877,-0.2233144765008525,0.5403
1.3452136943727302,0.459659973989216,-0.2668196181157569,-0.7516058894894504,0.554207669497488,-0.2240385605282896,-0.2536730590677485,-0.2403551270453858,-0.7491029436284611,0.1693
0.2668149326324058,0.6273604724957019,0.02383759970006,-0.3649287690704356,-0.0571548964757494,1.1153964075724545,-0.3231857238659931,0.6728888103092526,0.5221324926754782,-0.4552
-0.816114249648293,-0.3093364490389567,-0.4246335583487404,-0.5443276997255779,-0.8850346779645653,1.4890759269936942,-1.084863902903218,1.618730659430019,-0.7157770021488707,1.3510
-0.1734336416496432,1.0528692866021814,-2.576080953192996,-0.626559920374852,1.62337053261693,-1.025880266970082,-0.0137631581330062,-0.3642777627877201,,-0.8438
-0.6376648558593536,0.3324015481877185,0.1170348225291223,0.215856969691485,-0.8275008159368021,-0.5680192653990791,,-0.6955153238912701,-0.31129378076019,1.9200
-1.780398813498092,-0.9796371143391178,0.452999492927378,1.491262965251792,-0.0904379714173814,-1.1291333246798794,1.7797656047946806,1.228283123337297,1.3645044628172749,-1.1423
-1.8256291244025185,0.2824670753774255,1.009122525381188,1.1722355089512926,,-0.8480059204381712,0.7457974918422537,1.7426744700559882,0.277888659415581,-0.1731
-0.0514407892812274,-1.4374546174275766,,-1.738449371582788,-2.8082937607936955,-0.1012259644632843,-0.040908131781648,-1.563732634632533,0.477201479477802,0.5120
0.3233981338091947,-0.3218513294937151,0.6759300762890308,-0.1924028418314148,1.6915325934029275,-1.234761919520243,0.4898784946487698,1.6513509149299452,0.2851256049885648,0.3767
,0.8478650841083986,-0.4803790449895106,0.926079616472978,-0.1793279618431062,0.8533488413519432,0.8753829367172292,-0.6447687147887786,1.7919548750987182,0.4439
-0.8565996416304335,-0.6388213038690199,-0.1096972207867539,2.0289143283251274,-0.7527203000905969,0.4999814478569231,1.5320219629066631,-1.891177777462187,0.3881560790162908,-2.3500
-1.0172579879064492,-0.0047842382714879,1.3221668589312268,0.96509973093112,-0.2905592526121687,-1.2021777520220651,-0.8331541017448434,1.10297649153192,-0.4649302955411565,-1.5365
,-1.0969253396489882,0.3071418114821087,-0.4874911779131631,-0.3951037090014543,-0.4171851407870257,1.782082909442968,0.4473084171654521,-0.4179890747629882,0.8658
0.0302831003875827,-0.5574129931650187,-0.4414477783425122,-0.5003643619146907,1.1575575764934565,,-0.3251551727097822,0.3542761588913997,-0.5958004934482725,0.2042
-0.0119109974977954,,-0.1922236310338238,0.8992555877779159,-0.5499572179380553,0.5756682692573849,0.0605091182225265,-0.0183511699788361,-0.3691873481691617,0.2552
-0.196369419335364,2.2827065429597906,0.2715336657650065,-0.0780639836577027,0.3555329524304684,0.0481923649860384,-0.6332459100318077,1.3528538758492437,0.7561539614946009,-0.8350
-8.189243673831688e-05,0.3746598544268033,-0.0858792528930872,-0.6515795550908549,1.1995638955312695,0.1378299291051181,-0.329655138504242,0.669234957972987,-1.6353098726730058,0.5824
0.1977655935540896,-0.4310147939746336,-1.0619490637283815,-1.4147323976644748,-0.4746868813556172,-1.5523077474683975,0.8496538836186793,-1.26812093409739,,-2.1576
-0.2734694366231633,0.8987073982222521,0.3817183415661132,-1.359135732103265,1.942902766038214,-1.4770676964300329,-0.1909349275972574,-0.417768334088144,0.3934511589549308,-0.7514
-1.241774220605275,-0.1897825406578402,0.8512229934773075,-0.2383960769277432,0.0421058731934053,0.2262800827390304,-0.075122769570271,0.9124869255452156,-0.9711985230118048,-1.7601
0.5216738752149414,2.087303578582517,-0.9319031984864596,0.7093414711771007,-0.3955216696630787,1.212602855144374,0.9656585100548736,-1.4681396914091065,-0.1153552768334854,-0.8456
1.451313090895617,0.6336073530076796,-0.1786208114092288,-0.2225791810937853,-0.5842797424654428,1.0318709850195602,-0.7627153176226064,-0.6980244288796712,-0.5353864057226624,N/A 
1.403526852486614,0.0408133560976968,1.2272891923412612,1.3691489055116297,0.3375826461516684,0.2519362582568969,-0.8205260918180225,-0.4632181692102339,-0.5760888447546884,-0.5655
-0.3541243382279055,-0.4649507670491796,2.206342271399385,,1.2235900265957824,1.116386529658997,-0.3554926789218298,-1.1196661046620122,0.3713936486003846,-2.5189
-2.333174030649046,-0.4849197646395896,-0.0374486195870011,0.0858920869476687,0.0901728639450326,2.650689880894302,-0.9714790720861264,-0.0669495841740576,-1.453109102744753,-1.3976
0.0983198809097846,1.818632082983078,0.4036795010085601,0.0878320438207037,1.2227942423292542,-1.261879982310988,,-1.1367455329958809,-0.0679597993166714,0.3351
-1.035918031852913,-0.5213344351853377,-0.5613666563492727,0.5974490206956268,0.6208303227899103,-0.3754025872631246,-0.316877918916107,-2.370916537509212,2.3181016559031464,0.0432
0.1580006787821441,-0.916713212533919,-0.5490938904393468,-0.8474623355221742,-0.5634510919437381,1.0902990193674826,-0.5773456535054727,-1.9680700843283296,-0.8491542628350173,1.0182
-0.2277152683387318,-0.3525909730798879,1.1080859341177227,1.4385251461588926,-1.3951438989231284,-0.585456674670326,0.1914204690359713,1.2595739844673686,0.8160636840772664,0.4033
-1.7168755596022671,-1.0882481741343506,2.284160017937824,,0.8805425478321618,-0.6412227420364127,-0.8494205935820512,-1.2246779208501166,1.191244524785699,0.3602
-0.6215879112694187,-1.1042260661046068,0.4029884683311666,-0.5709682953867249,-0.1514697142845124,0.4744844181026326,-1.7175730744803464,-0.7025121216182286,0.5386886715863062,-1.3853
-1.5296648568596445,-0.7877317672460676,-0.0898457554408801,-0.2489248283360979,-0.4464427563759375,0.1060642708687793,1.0970865389671347,-0.5643940488699496,0.2797365638771288,-0.5524
-0.1600960228574776,-0.5178513941913474,-1.0402978789110169,-0.6689409101326068,0.5488212889351712,1.2169184614334974,-1.718572744165837,0.2235327028408309,0.9423812165340067,0.5709
-0.8875121916780729,-1.025341086359302,0.8406034591808482,-0.6805117073120424,-0.0810948705048964,0.5220358903419899,0.0738888908323789,0.5989176673153367,-0.722048958044324,0.8378
-0.4058926831300499,0.6748685642148191,2.1800078023600142,1.0185614980931637,1.163605283412297,-1.032074698578672,-0.7860727769757476,-1.378928200110915,0.4600142595644101,-1.1326
-1.7328767984043894,0.3414855856089555,-1.1691195003168424,1.2440281334369825,,1.9317460082062845,-1.0691328542409997,-1.0103371388527782,0.5187834696925622,1.4753
-0.0150735400677354,1.3585951798542368,-0.5920843271699363,-0.1883541093196622,0.8130364486205508,-0.8206958286793532,1.5427439906368312,-0.3250398023869798,-1.593968784119652,0.3864
0.5294424679858761,-0.6492102616259686,-0.8198785386377712,0.0453019033780386,0.640958549069372,0.0401077090863849,1.13901881074273,-0.3222072408709144,-1.366187458720622,-1.0803
-0.1219100866189123,-0.1837295434646721,-0.6299069796066241,1.869320109953347,-2.107527087928856,-0.1970589588198981,-0.0686804399953511,1.181193871204286,,0.1502
-0.3007826302532395,-0.1633279007685843,-0.8229363011954953,-0.7624722182410216,-1.6234665824014012,-0.4676862517786329,0.4900214899414783,1.3828289145014026,0.4411559707256238,1.2021
0.7393053798591211,0.9230051236584528,2.308535471125952,-1.2583814291605109,-1.1834867741956727,0.4398150677461314,-0.6668471787298464,-0.0891822270711581,2.1611498665378366,-0.5029
-0.2358282563991275,0.3709383148312589,-1.1301008025250951,1.0379793622575888,-1.3413278740157686,1.0567271714564812,,-0.0112269275959634,-0.4004257567019791,-0.3026
0.6053839168913824,-1.037505876244717,-0.1665543186156009,0.3668178055868561,0.0219151741242982,1.26808880216956,-0.1390718880396054,-0.1158513380803795,-1.6264342728735566,-1.2917
-0.105030782964351,-1.2838420204706142,-0.7351120746454326,-0.615445529816243,-0.6717581505824723,-1.139449951698713,1.012108110694106,-1.0529049256717269,1.5306369493860084,0.7751
-0.0738427937690144,-2.048210042367338,0.1618676093709032,-1.7889945600927144,-0.2599663944610286,1.753102705684951,-0.3277458889235837,1.9532985550216748,0.2667399178972844,0.6033
-1.9277527981590583,-1.8118164471540776,-1.6135990741185289,2.238214258401295,0.5376963159645218,-1.393403092547735,,0.3317093761483424,0.2757920344644044,1.0637
-0.5169451331237058,,0.6224249380760571,,0.9994233376264916,1.5549102539371176,-0.8560900661981229,-0.6080738986610699,-0.0951788937939339,-0.2499
1.1441710923602433,0.4397067995235732,-0.946690749336214,,0.8937343592766219,0.5509590412458384,-0.376789513287071,0.6735927910893916,1.29214105538346,1.2555
-0.910698435725282,-0.9953531796241544,-0.2436436648209199,0.3200427981388762,-2.196223843272579,1.457285700831346,-0.5173281200331441,1.2061115910228453,1.0454621983603387,1.5019
0.0504555942093781,0.4699235704280045,-0.2489202868912034,-0.8511334999276773,-0.2561832345799603,1.0668586062890535,-1.0605855871471837,0.1729324345833319,0.535087772130418,-0.2294
0.640746896620326,1.0901462774389552,-1.0625304290165123,-0.8006287040944131,-1.74845332785716,-0.732542218926639,-1.2045153640905897,-1.100009818209841,-1.4649689277220268,0.1119
0.4855311181928704,0.2104596168425427,1.0118570056065588,1.250915025945634,2.138953061358997,0.0052545439948416,0.5035949008414512,0.5655748583477416,1.6600397294001428,0.9018
0.0663586725216881,-0.4844107146592978,-0.1406689780019624,-1.2106641902369062,0.2931887849944398,-0.6125100513177161,-0.2149127766514098,,-1.231326667082365,1.6933
1.049973100294414,-0.9559149515039614,0.0101941800018153,-0.9629821287560714,0.0111658083895218,-1.1933720916259392,0.5680776499301576,1.439909147605688,0.3713512220482642,-0.5699
-0.5356983866990456,-0.0742460570285919,-1.36559877640768,-0.9102516808789598,0.351456591377731,-0.1628573224247549,,-0.5255425074215575,0.559606490998983,0.1239
-0.3032272121864608,1.6338295176453164,0.246972188289171,1.124238783304934,-1.3247305586881315,1.396256319448097,0.8375083105640221,1.6526899708023817,0.1884451190190398,0.9864
0.7801044677441742,0.349055764495234,-0.5659115766857478,-0.6293674913527469,-0.9534477119076856,0.5556914100116207,0.7366926906565349,-1.0691553354704444,-0.6634413459141586,-1.3231
-0.3255258584883518,-1.247251740926962,-0.9862075495835078,0.5998415419737283,-3.713290285938494,-0.3858854575782348,0.252132550379987,0.21985936699483,-0.7263303599579324,-1.1708
0.5026444891260607,0.2537984584424964,-1.0717629404226137,,-0.282412750411522,-2.967161317044586,1.5746191765550612,0.7198175054386889,-0.1540948008316833,1.8644
1.2341169236660112,-1.6478213726608597,0.2701446508730991,-1.051615384025576,1.3728899178016103,-0.8274807873670788,0.9550578772859368,-0.6430219421338007,-0.0570027004993585,-0.2163
-1.0449737043707985,0.7694225014906274,1.3823587164974984,-0.7709112775815777,2.293416628957458,1.3411509782229525,-1.7880067201960488,0.1777767854836778,0.7823890991859543,-0.4095
-1.6672341008016562,1.2114149375158432,0.3176297811848488,0.4992588115846548,1.6295751566033183,0.8495008534746183,-0.2921258593800972,-2.5937176526034924,1.5010180544529603,0.4426
1.0823738637443443,-2.367261063235428,-0.80238283327949,-0.5448529773222781,-0.2999814484710304,-0.7689368413048482,-0.6217473902172208,-0.0800088548969435,-1.243492974872832,-3.3036
-1.481957324798514,-0.5844258789255867,2.6251059683726647,1.9942917295076297,0.2219856506779877,-0.6475588290223505,-1.4079601791888627,-0.7619193691715984,-0.6483886690134916,-0.3695
0.3008769251299094,,0.9807701650626712,0.2107375552482969,-0.1276420167121671,-0.3463315913790569,-1.603667990760694,-0.5361981004303406,0.222130656969062,1.6330
0.8413870264425275,-0.6235650441001507,0.6932091328933317,0.5769258648087431,-0.0765139319904442,-0.4732239069451231,1.0167123270282097,0.0157006430655736,,-0.0250
-0.270075424431861,-0.1301887890766532,-1.1111470543231956,0.5274694249555446,-0.98811437877799,-0.3575263831624553,,1.007333669941248,-0.3628321691076353,-0.5361
-0.4109378968873874,-0.3102788284411147,-0.455528128318473,-0.5380595892289306,0.8347559344631608,-1.610025048743329,1.0682592163948732,0.384683444440669,0.0463489903361147,1.2798
1.140448974721955,1.0663316281144395,-0.5002336150043363,0.3972249573622233,-1.006167714787202,-0.7642529434328933,0.0050505200901357,0.8147062512449321,-0.273850275955559,0.5584
0.7624702537079006,-0.471229981916586,-1.4633097983070704,0.7240555758919401,0.2586391031167608,-1.028391510276469,0.4901815790407952,-1.1662188969966287,2.270026374715852,-0.5977
0.2848675113958981,1.7768102579534035,-0.6548427020787467,-0.6830640071083385,-2.042772211234336,-0.1847072510723832,1.868348808908969,1.3310734318367556,-0.4679334883703888,0.1290
-0.4273032532143403,0.0319807934801991,-0.5665376789841697,0.4942028020630961,0.748139011238982,1.145599590182058,0.329555410682662,-1.514451383458204,-1.8792174581777492,0.0377
0.4689985045579893,-0.350065523185661,-0.9349935158013498,,-0.1502156171585393,-1.7150982668011228,-0.6710193606555651,0.8085144935637141,-0.5978855090890514,-0.4241
1.057153728999082,-0.4400631979715933,0.267861837127029,0.643211207847032,-1.5796820336689743,-0.85139907295922,0.2645466866858103,1.052572474154085,,0.4512
0.0232328561319854,-0.4607157626987366,-1.783221159238174,,-0.1576433123514746,0.4825430009096688,-0.3033025155332738,0.2975855463050635,-0.5497494325365501,0.1401
-0.646791624854437,0.1931496782180312,-0.0803295554000615,0.2956916986411406,-2.133847110903176,0.6933253448358677,0.3547211756255242,-0.6239962867688802,1.9734975323481632,N/A 
-0.6943953925303098,1.1690538509219883,1.989640109083519,1.4515239201168948,0.9232455105544892,-0.5171247717408102,-0.4177632505247263,-0.6638961012749918,-1.6801899301549643,-2.2993
0.7536390097248858,0.6173104809894093,-0.9816229719563792,-0.2250635600709969,,1.403290140429361,-0.4076922215858791,-1.7132240724845935,-1.2353883404064483,-0.6469
-0.0853894198376243,-0.1051053728948717,-0.6427534603896159,1.2673600052630687,-0.6615142010773903,0.1871063288980709,-0.1869791271811365,0.1188289966122588,-1.785260914427884,1.2002
1.1627181170579617,0.2655615674131989,-0.4066219487928582,1.775602217505036,0.6861648759673312,0.1553658100420031,,1.097583443842465,-1.100249363957079,-0.7819
-1.1395398615394146,0.8239636126331233,-0.7359621904315605,-1.0141723695308216,0.5730224008735529,-0.6658347931744274,2.6574699435532416,,1.4986296533151298,-2.1975
1.5636620630917395,0.6122524610421803,-0.8715768734534374,0.6845821681529364,1.6918671217975236,-0.6640698495832665,0.1893869362465377,-1.1068479086841772,1.2520986566561658,1.3077
1.240114280310041,-0.1719803049786975,-1.3461884149027517,-0.5140617993170562,0.6141019341656402,0.4216737667004497,-0.942455873487656,-1.5405416026601506,3.1139463150173774,1.5544
0.6202545015134688,-0.7823431943113383,0.2796053921800109,0.6020222707537134,1.9023040416320036,0.4383652391696916,0.0841395553917511,-1.068567708467883,,-0.5845
0.0337927256685063,-0.0799463294448275,1.2779226902540204,-0.6881256465821235,-0.106446356804389,-0.2295924962013874,-0.0013902255757996,0.2883182151028241,0.7726074777349068,-0.2484
-0.5688319170636563,0.6635442795144665,1.1868599597465666,-1.396486977714813,1.879052638695791,0.1003951049326904,1.1493002467021012,-0.7286713009075271,0.2815018670083999,0.7174
0.6055243835721369,1.5848755725775403,-1.1489407259223612,0.6215169886964762,0.6191101516453587,-0.2699233587943678,,0.9455655340007488,-0.2268726378450329,-0.5531
-0.978047474257072,1.310861193785706,0.832383629867371,0.614012198333644,-1.363486295202643,-0.8629268381876104,-0.949849023546712,1.2805365216951117,1.4638154388752662,-1.1861
-0.8642658565894727,0.2651637278101044,1.463530597809788,1.0316967782626263,-0.0758910750360505,,-0.8791121106729666,0.4375647536961311,0.3697816890576967,0.1656
-0.1395047482853952,-0.9731081714554868,1.496925351094573,-1.364778618081937,0.009982129680173,-2.5943069609976286,0.6461889509575747,-0.68558775781888,1.0632381490742582,0.4266
-0.2410248914639543,-1.746810792860912,,-0.1317956397039583,-2.009606503912596,1.372582132284132,-1.4134954862147684,0.8523112812595405,-1.127594281004055,-1.1507
-0.0609247348295779,0.775095512458795,-0.8364967233766532,1.3823569248976308,-0.7760197770711081,-0.8795404960016893,0.2403176653922628,1.6440864151999746,1.040315111598484,0.0961
0.8745870275445636,-0.4071405693169002,-0.5433966947613788,0.8978752058344249,-2.1017603825129028,0.7673505674428789,,0.5553863771424944,-0.5473855737751793,0.7128
-1.288933766249966,0.1974818149895109,-1.9791568346051165,-0.8032272189153009,0.846597590834108,-0.3893626752957304,0.3991676658622927,-0.9121294336039356,0.6142777463152045,-1.1365
-1.660508544731662,-0.1000721713663817,-0.6589237382619927,1.3455420351986522,1.754308381088494,0.5261074013157033,-0.4837782988922782,-0.6772119510966612,1.0259753903729434,-1.0088
-2.173994025449329,0.6643749749082015,0.2086945876259663,-0.5329703638216866,-1.614910274400921,0.2708204116303292,-0.4795428276335981,1.3496398375857588,0.3922705009662679,0.6052
0.4759649128894869,-0.2880148980299816,0.2858427404943908,1.5022803084293457,,-0.0361372088688317,-0.5890571069059951,-1.7996981496246107,1.1808423726243962,-1.4104
0.1852606235387202,,-0.2610526352953827,0.7820008918252522,1.1876861711126452,-0.7791648174171145,,0.8039693228232275,,0.0338
,-0.9571988591717614,-0.4117214687909758,1.2196936330249175,-0.4100576476804841,1.0004036096002722,,-2.273816267696731,0.8307911201262407,-0.0258
0.0637167709096907,0.7447646497462241,0.5237963033886994,0.4652060633235658,-0.7987499946949305,1.7871041219275747,,0.3112813163609857,-0.3590442904999361,-0.3362
-0.3053312490671882,0.8541225187353774,-0.3578677692924017,-0.1788319816196723,-0.4253960867350763,-0.7185501264446468,-0.8173038171001304,-0.4096352077574635,-0.7880729793464671,-0.0619
0.5700927046822066,-1.1644637547317886,0.4727654468767529,-1.050529074854266,0.1817312553992801,,-1.4243602227166805,1.602652522083567,-1.504930268247601,1.6550
0.5835578941450589,-1.2472733851340296,-0.2532694766018919,0.742164510730286,0.8495727543052963,0.5402347243317152,-0.0229753479892008,-0.0890338178739053,-0.5934476096445545,1.2794
-0.4946204373102504,-0.4562813845513782,-0.2951962942101148,-0.3465049652106872,-0.0270494273445162,-1.0251387369271092,-0.2391729336490876,0.9900382949101691,-0.3862634479743675,-0.1923
1.880995332073801,0.7837517186066686,-0.6264111900285372,0.2756011951817785,-2.132178307766313,-0.3449066479204499,0.0300367073282017,-2.241175371848316,-2.1297282260406267,1.0087
0.7305699253538007,,0.2735797350988655,0.2395965078466697,-0.5603826627238606,-0.8207844174780883,-1.5914633385089894,0.0916697934152634,,0.1224
0.210589829490046,-1.056608448971016,0.707136201543391,0.5966230149604215,-0.3021611658026415,0.0741704772368486,0.033652952552087,2.4534675065002025,-1.3702022413857708,0.2303
-0.7514665810757313,-0.0552368633199466,0.0755832458200368,0.2405833287085192,-1.210832925213718,0.0246619245083906,-0.7164732086732771,0.7223626285840069,-0.2554140049808896,0.6773
-0.4871316817084409,0.3967633115824679,0.6945531062109586,2.6148112243845567,-0.2600409740745638,0.3601492905916272,-1.2973419200482894,0.6979829513420088,0.2599678677557299,N/A 
0.2841916254222333,0.3460340542376026,-1.2776450754262698,-0.0108919512698546,0.1696315121269418,0.6400871696823541,-0.7700333281370633,-0.2524488833001224,-0.3755642788207011,-0.9988
-1.946209877652452,-0.4572406891339806,-2.506450846613876,-0.1308657761741684,0.931907644376952,-0.1144909709199689,0.906966473911009,-0.341135322257837,-2.5325900112092645,-0.7053
0.1296444068846933,,-0.8902982065796157,-0.2740581994476085,0.7822878203795812,-0.7658746269196083,0.7783382928768717,1.324545308804265,-0.450327134041775,-1.0945
0.1096154951598531,0.2850269368650633,1.114209414728898,0.1291467861341916,-0.4561725272349275,-2.184106127480515,-1.0092710467582937,-0.1793772186377017,0.408628294461702,-0.3361
0.2934220212900182,-0.5010859869741681,0.1073004071906644,0.8739928834818455,-0.2023746551091905,-0.6830032541164395,,-1.4385202679425153,0.2806739379215827,0.8202
0.5164044691740178,0.7350799986268618,0.4569798304367451,1.1532044107712711,-0.3383653318727159,0.187120858332645,0.3868804930772767,-2.104420116276527,-1.536569170623122,1.2603
-0.1839175501595439,1.2463444006637894,-0.1072109964851163,,1.2764031799511282,-0.2294830778946242,0.0702320366451957,1.722302419503276,-0.469657498431218,-0.7654
-0.8604490522745495,1.234886074725119,0.1678812912052908,0.3993175844383601,0.5528799555042624,2.433456674128367,-0.5130254687321323,-0.6781729771924082,-1.1839513132831354,-0.4531
0.8853321736562719,0.0845684161846059,-0.5920829087077685,0.2180837530934738,-0.6753253773884056,1.241671097709985,0.2799721131523918,-0.5672520425958731,-0.5952589003190963,0.0140
0.0250101756927866,0.5389074805422995,0.128403995975996,1.30137355790831,0.8705167784940075,-1.3960968263964697,0.1791906426866828,0.1760253083830113,0.801030558232817,-0.6800
2.118855681131036,-0.1810354534838273,0.5154424817469755,,0.8437730836157042,2.204204751459605,-0.6250715989649931,-0.5130023376678483,-1.8386802506983444,0.2201
0.0902276705364208,1.257890485350815,0.3238109081178069,1.5560157304566269,-0.3120049578232806,0.041915669841868,0.019808906683129,0.9921803393474832,-0.7722035953727437,0.5800
0.9676683339784532,0.7390177803449399,0.2050052133855302,-0.2075376918822273,-0.7720718882396723,,-3.28959395474795,-0.569397082816638,-1.142559842774909,-0.9828
-0.5456212918296321,0.6771099423018739,1.180365528625018,-1.2204608694461387,-0.7003493529057465,-0.1114707265232195,-0.2539329589871675,0.7265950662541102,-0.6171752860199545,1.8102
-1.233817149107787,1.011886741683785,-1.111166836007795,1.309751058368984,1.1868531410997802,-0.8839407637230436,1.18008075570414,,-0.1731360910049556,0.6467
-0.3817437928804344,0.6220087590268106,0.0633941704577952,0.4215311507567716,-0.1624914195299422,1.417111030070667,-0.1109906755286,-0.8688139748409228,1.240227741807596,-0.4272
-0.5545566748862254,-0.0754396819948968,-0.3931005008443045,-1.759129163347779,-0.5539854368461781,-0.5691630909399837,-0.6182922542547195,-0.6595029497628796,0.094547420368223,-0.1064
0.3153843078128574,-1.4587894211031929,0.9992544928978704,,0.9064921637450124,-1.6264468164091368,0.9997605188859316,1.1377994669517455,1.1580963641955146,N/A 
-1.2849997773293362,0.1790432697420589,,0.9668326749850494,0.115486747305032,-1.1220085151615096,,1.7408522651916425,2.0552788103006576,-0.5862
-1.6727330535271667,-0.8457849588298015,0.0018407647389207,1.603491377652597,-1.336425199015396,-0.3277260094770141,-0.4265762618429805,1.6987260208272137,-0.183934986857675,-2.3257
1.094281380831845,,-1.53896900326802,0.0725931680917775,-1.3821374898361574,0.060650921774441,-0.361121823416397,1.7113879817533058,-0.2364785133287869,0.3617
-0.1975249063574901,0.7242233220635377,-1.1429153702113244,0.2291142071828583,-0.8394927953534805,0.7237375451863443,-0.4645782612312122,-0.2131960616753476,-0.5123058088513254,-1.7533
0.1493515116416661,-0.6695014553734053,1.6068291632352614,-0.4200996424202609,0.7320742668810113,0.7466529829211908,-0.6041503043976106,-0.5928449205294791,0.0840091506695932,0.6496
-0.8260717082168972,0.0026688472195523,0.5225639425819705,0.2180291357507908,-0.9532798377411814,-1.211719417636571,0.2353614650082637,-0.36449992778594,1.0673181123717008,0.0234
-0.8523673727174527,0.3216694659792294,-0.181298456550642,,0.99212104029615,-1.377451195737809,-0.77595433701583,0.1806743129109105,-1.0484568213156924,1.5574
-1.0141596456705222,2.3766599597108637,-1.8271802094283391,-0.6098020923861158,0.1563649945804326,-0.2471355642374265,,-0.1191357005629435,3.5973715868713545,-1.6673
-0.0291670167346456,-0.2546024238923129,-1.0011623650921049,0.7064766023297488,0.3578305788391411,-0.9857472769022936,-1.4518621879110052,-0.4501006069336448,0.9134644104274136,-1.8554
1.3289732276391644,1.0133011676711554,-0.578643952014891,0.9674549968507222,-2.0666513802026,-1.6129123068491191,-0.3473145562918074,0.8468941983765355,-0.323750286266402,-0.1756
-1.2490414395284448,0.1602500611664417,-0.8817293074975739,0.196728492877898,0.6506316671919324,-0.2392268743480072,0.3106205551231718,-0.1814538170783146,-0.2217474785627418,-0.6658
1.151246181347446,2.5228862860411394,0.6073365651558565,0.6512734710409757,-1.1206480761967832,0.2739784837816387,-0.5755650564303395,1.0717949129330684,0.1516177252659131,0.1380
-0.8167893767153241,-0.8945498230976554,-1.1271727360214423,-2.010382347175101,0.0966895538960518,1.0301353493103895,,-0.5434560912497839,1.5340132873045598,-1.2295
-0.6053722574576349,-0.054614138479756,0.3553885042015106,1.701947523679322,0.1249159928128823,-1.219054176655672,0.536043528009985,1.0246431858938234,-0.7484875946756518,N/A 
0.4035423125067501,1.061906345907,-1.1011622538325576,0.5324744574019783,0.2638310833866478,-0.1869410186768359,-1.4016338141369955,1.6108011460974734,,-1.1034
-0.8449554591958056,1.3175231828610936,0.8760794261841776,-0.7594623343957471,1.044133967619326,-0.3236465377351106,0.5301572239091382,-1.1495412744594822,0.0149478011577288,1.4489
0.3521130231847281,1.256265904658379,0.104922775366411,-0.9171284041401376,0.0940848955513463,0.1470519235109431,-1.2733707722936292,-1.0292194819326008,,2.4914
-0.0160940103547937,-0.9053477914809276,-0.3402799082990759,-1.7844645131328305,,0.6455657031622797,-0.3972397250934931,0.6572781010757532,-0.0258625037871015,2.1902
2.209475257437735,-0.958942686487018,-0.1002837159955146,-0.6269869287808691,-0.2958759629192196,0.4891181915550224,-1.5378343162345436,0.5090671590585787,1.123231509278686,0.0433
1.1200363895112675,1.326804130157639,1.9760158797765823,0.3601537175806154,-1.3568809941490625,1.7328097825165645,0.8096233514735567,0.6599819175097253,0.2756047237976441,0.2049
-1.067669776444433,-0.7880574139953025,-1.267865872442075,-0.824694363810231,-0.7926554456808494,1.2637338255807986,,,-0.4653759832299968,-1.4116
-0.6817873988120746,-0.0811767574360641,-0.3461397380830036,-0.4780665754099897,1.2090815842712428,0.1960020098298045,1.4487425321751064,0.0529874093385939,1.3274121823752747,0.2302
0.6539440220741853,,-1.989835662065475,0.1294713738424476,0.4466390269523391,0.6906592744040749,,0.6558494273091623,-0.903279730257012,-0.1780
0.4015583185864279,0.3931643382159313,-0.5066071167210866,0.743530923681105,-1.4003817841522923,-2.0003079625692197,-0.2125386880428431,-1.816203346735993,0.5599008080516215,0.5904
0.1509105341054217,-0.5808602903417288,-0.405253879367085,1.0965164636527616,1.5578141768406664,-0.0869195390117329,0.4527784364552599,-0.9388078910602567,-0.9730032353956232,-0.8760
0.5712704781098856,-1.039231844155806,-0.3087758545893961,,0.4176750892083755,0.5239364450577849,-0.3665756823541155,-0.8593940198134767,-2.1007351113170736,0.9681
0.749937071000028,-0.6859719447305209,1.856371950039183,1.894442616392351,-1.0253410926295436,-1.2578046565545735,-0.8997749225870328,1.5879240242875703,1.3443093168225413,1.2267
-0.5042609301519292,0.200903057847297,-0.6553989448395656,0.518590503480268,-1.0983546722739763,-1.2747891015089423,2.1730074953441054,0.8683488456511825,-0.0451606859981464,0.1695
-1.7501256099325655,0.0074624895715368,-0.0833923477995489,,-0.6009746890384157,-0.5750374729663577,-1.0674336639909694,2.4624670425468014,-0.7556668282914397,-1.2112
1.1955915877945185,-0.1558103421433799,1.8385776281225268,0.1339905410786242,1.5489514276269754,0.1633221764184179,-1.2660497501559065,-0.3668009074579862,0.539482141353151,-1.5543
1.392030235113453,0.0578328600520438,0.121318680546037,-1.94852614215386,-1.3023044287502463,-1.5813134806008684,1.333979318350863,0.3348122400116697,1.311450100987518,1.1100
-0.2800569512467517,-1.5960966669843402,0.7179612480502208,,1.1885872414591871,0.1433074234160649,-0.5976250566857632,,1.1537282641873423,-2.1345
0.0574953105999689,-1.4919002282749725,0.9113457117113962,-0.076008178550374,-0.3541283554640383,0.3081229987789376,,0.2451320990933615,-0.3519155037479823,-0.9659
-0.087157874988819,0.2275424492596665,-0.1360786573388824,-0.4619877511569417,,-0.4890220737000706,0.9695323250611728,-2.1064226434333,0.0803050157417967,1.5983
-0.3111541036829698,-0.4224674019593126,-0.4003315875446687,-1.2908212216698096,-0.1223531669924626,-0.8919152187247338,0.1591472371658392,-1.2664130602771164,,-1.0069
1.0008337711148712,,-0.2933726711096291,-0.0413415359202048,-0.68455518658096,-0.410820527358435,-1.872366037168595,0.7965249449762145,-0.239472171816906,-0.3258
0.714334482394963,0.7333652286157073,0.984877751535602,,1.9372926259103675,0.3303543613033879,-2.958792916118781,-1.3616709114132688,1.0270554818410262,0.5095
1.2439654490917786,0.1318119304868223,0.3811547190003742,0.6731800293678876,-0.8157842295367607,0.4781092255972735,-1.2070687041352668,-2.206280213542697,-1.2134805959486743,-0.4623
0.6716375819916358,,-0.4411815217311928,-2.556105194360783,0.6782008762668428,-0.5994249186739647,-0.2936477510169194,1.595550484873444,-1.5219944865360664,0.1294
0.1063416895075868,-0.8525533321461919,-0.6006399540498396,1.2106925151570276,,-1.890336506121148,1.3993423397767757,0.0354488442882335,0.2320029696245234,0.6618
0.5049092274911574,-0.6096693492973141,-0.1138239084090216,-0.4898875365389878,0.7992922181056298,0.0657447328591693,0.6482463636571577,0.7849429884514376,0.4756574091955417,-1.4159
-1.3523211559822188,1.102164855299549,-0.4964648000745827,1.3748609776695415,0.2420394426779359,-1.2446208963235084,0.2324356653189025,-0.1718376708983759,-0.2694113422761699,N/A 
-0.620179674435555,0.1240118498217195,0.6460005325175394,1.0801799029946435,-1.1962710593433636,-1.8949383350388096,0.3535871369446824,-1.120805307683154,-0.589090862888717,-0.3765
1.5593629213835127,0.0927477365817832,0.0161484326736128,-0.8438296062801226,-0.8019128854201545,1.9440056008874196,-0.1095760888918158,-0.7670457620932267,-0.5333440931440288,-0.5475
-0.3124982776075738,-1.3259549387543592,1.2711226275220684,0.5883892092706801,-1.2153150975778555,-0.5820142255881119,-0.9192952643941744,-0.044815839301053,-0.9628412143019582,-2.5625
-0.2949893746134447,-0.1068035863670659,-2.025718700897319,0.7748761604192678,0.4745845721380965,-1.666160764025131,,0.0649719356307936,-0.9529616404417144,-0.9531
-0.3289331700249899,-0.6060940441584795,-0.451180621139056,-1.280361720539827,0.2035858699080923,1.3718258437010136,-0.5041962709144231,-1.5841130747615344,-1.3353839785680115,-0.8079
0.1874615899705267,1.0729497989376164,1.5774887500659216,0.3624667585641377,-0.0617498285908953,0.5733911118784062,0.7950705821898342,,-0.2807914641437619,-0.5317
0.3825526794353966,-0.3854234477495872,1.1500000945885618,1.0150065473052463,0.4485879024784689,0.1977530816092468,-0.3467458809992323,0.1545836297172816,0.6954684839560826,-0.3030
-1.80145413301259,-1.1464412320716248,-0.2734473649813722,0.2415695644654324,-1.3172058445968018,0.8553677636985073,0.7855813278435313,-2.1621736286568924,0.5649014874005485,-0.0729
0.8984198567063807,2.0653083268365853,0.0671092950886024,0.6658943128454182,0.2030268018229875,-0.1837897008443605,-0.9192201846184348,-1.0529706510259147,-0.4362341997280946,0.0203
-0.964447627638065,0.5358778770245015,-1.4087347890778197,-0.7903864268928597,1.718553357068012,-1.0506497914623063,-0.4700970217567332,-1.077929666111331,-0.2798242778371307,-0.1058
1.2091740192215508,-0.2620390120255524,-1.0514561014495885,0.553394656211257,-0.1056716841672791,,-0.0288783112769112,-0.2625020140229526,0.3539495844185342,-0.9928
0.1075426777923151,0.2662799707335594,0.6258788977243531,-0.6506993876459802,-1.1316651527364796,0.1290000283904067,-0.8092633287259527,-1.999887440481923,-0.0523599110548848,-0.6208
0.4665247286311783,-0.1919042788118654,-0.6323650833951682,0.4125367307690754,1.5579355779847073,-0.0586286175413939,,1.3292481308481234,-0.4629077825391687,-2.0647
-1.3418201521660955,-0.3967900990529119,0.3638698905457915,-0.1196046490741354,-0.5115934156016735,-0.1996489240522362,0.4198391746244765,0.0506820130560085,1.1191112524526226,0.4487
1.8225277011703649,-1.494418657068691,0.877575956704695,1.3722384401975452,1.4521728798957607,-1.4590012222879314,0.7327332104501589,-0.9677135343216404,-0.5570869503985267,1.0405
0.944301654237758,0.662875066873911,-0.1029249404575252,1.0772345315811136,1.0678102602236588,-1.9390799852790088,1.3135236788685802,-0.2583968170776332,-1.303551605515494,-1.1735
-0.3059804941929996,0.5523975584721382,0.4981348640524028,0.6180380907013503,-0.3704926456289563,1.1990156049126337,-0.7619780456819369,0.9125720964549368,-0.9695726040518554,N/A 
-0.8094721010642804,0.0467700505461162,-0.6980349685143792,0.1994248162907851,-0.410946039777428,-0.7367084777876269,0.0705301616198159,1.140231581345552,-1.5570474403138377,0.7097
0.224940267495472,-2.1284890342338416,0.0065806241620483,-0.4400911320930115,0.259762667561331,-0.6751337552869184,0.7933067406105211,-0.760198397305947,0.5158021986230725,-0.2913
1.2838957535136908,-1.1342220290158438,0.4538322828729715,0.9056295666324512,-1.1618222369068472,-0.9114779609257658,0.0989670193450588,-0.6013971473210846,1.368317418182663,-0.8313
0.9106763740074028,0.6066881542461189,0.6032768262321617,-0.5227795776953729,0.6940710316923101,-0.4702014879560897,,0.8568981093091043,-1.4750637832835956,0.4799
-0.6165405867393846,-0.429583449372685,0.2346540753373036,0.6136165652482104,-0.5728779192841176,0.8299884739759972,2.304535890958031,-0.3284486538888513,0.1340591088260237,-0.5476
0.8722942444914397,-1.1909535659479182,1.2300531422690346,-0.6291944436112386,0.2419622784939024,-0.6432988173155422,-0.1931647661260467,0.5449416226074574,0.7598884111392915,-0.3815
-1.1047668490013505,1.8292749850345464,1.1968043678411584,-1.84318095857324,0.4871816159476484,-0.4281806618817541,-0.3707845064282911,0.4500785116534504,-1.4789328676203628,2.2569
-1.2572767335731072,-1.8773425898864973,-1.2818908455341675,-0.4034393855858189,-0.8145412478763918,-0.7797047688802867,-0.0305873040336549,-0.103704189614598,0.094155508946686,0.6133
1.1410135937300745,-1.1945566910607746,0.22620410769378,,1.2757394284055874,-0.5354035175589268,0.3001120088003414,-2.7806821844890184,-1.3500372787483608,0.1535
-0.2567754640627929,1.886663983653053,1.2079794484037214,0.7870513840648945,-0.2512054515858547,1.1870496260499954,-1.0694241689732056,-1.0161336700307155,,1.6071
0.2066825062301502,0.5274880533780482,-0.7510018709090969,-1.1847024544407692,-1.2536339072434373,-0.3611726912287532,,-0.3550736678677548,0.768511619476149,-0.0573
0.3506409015893998,-1.0438400442125355,-0.0947351673920773,0.510538094597901,0.0143822186027151,0.0008981025462246,2.364309836850544,-0.4654338814570948,1.3997180852650075,-1.4077
-0.3866517057554894,0.1389807834810639,1.3383028836764652,1.8729675409720876,-0.2773507000124327,0.1237701723899882,0.2714248232704868,-0.5249683423470685,-0.4960043781452755,-0.2486
1.272647168379449,1.0153717442535353,-0.0578327349995416,,-0.856420576396362,-0.4938149037921902,-1.990733471060821,0.8663054644659852,-0.0091349489718806,1.2883
-1.5334401514279232,-0.3052908673442403,-1.578199111589107,,,-2.33125536557155,0.4147134515238495,-0.3724434359040015,-0.6915528502655222,-0.7878
0.918550866312154,0.1864601267163689,2.1816551193313822,1.7303851942912236,-1.7205354908431334,-1.2173214734349431,0.577980871589541,-1.9820575820563069,,N/A 
0.7492055381446356,-0.3266400181784091,-1.2591132085251209,1.049778997788391,0.0014503466789909,-1.058605284269957,-0.3705371470526958,0.9596900201501544,-0.1538492883177967,-0.6340
-0.4497606156500353,1.4397012628377,-0.0724622446836437,,-0.6101117272324131,0.7971708004325088,,1.4399961900013123,0.673595042487218,1.3974
0.0365490226244484,0.3875727607419266,-0.1986363676410206,2.270039373008943,1.0551529348226638,-0.5488084764568125,-1.8412305999157288,-1.025141227241901,0.1252236798317497,-0.3127
0.2425072570947115,0.4245268548388565,-0.0783037480930687,-1.041336940971243,-0.3359616623699147,0.5946517883045852,1.5246369400093385,-0.9277984362119942,-0.956743572481508,0.0499
0.7489755685676039,-1.119904182413204,0.5178501071066386,0.0934992346224367,-0.9751585465583138,0.8081163656246241,,-1.6989468162551138,0.1103454397245597,0.5154
0.3882099822638881,-1.3191580845400022,0.3589974097577437,0.3872516872488893,0.7158505955974239,,-0.450926555056773,-1.002744275451744,-0.3383474479550263,-0.3328
0.9291008538711611,-0.2135666828994417,1.9567163950435853,-1.1386637789776393,-1.06623632867369,-1.4444516648638666,-0.4001540191335717,0.4246581553238597,-1.6963470358625132,-0.7185
1.3431065809468592,-0.3621275533033668,-0.684962196551441,-0.5737250021006761,-1.7894951303133044,1.1238229500256371,1.6429240201732436,-0.1619450007015045,-1.1442034654930262,-0.5160
-0.2612059301343447,,-0.064098352211023,0.3913790059794767,-1.006817509299315,0.5351808274962632,-1.7169848236330452,-0.7754601816960416,-0.1859052654110556,0.7657
0.5509797778099155,-1.0308610190311407,-0.7118571189211743,,1.2527583307397547,0.0412903674014147,0.0086408879986827,0.9443859573219884,-0.6501235914994643,-1.7482
0.2673766135739535,0.961086229342718,0.3304311538548958,,-0.3704761363755147,-0.6011507353699054,-2.2952147111878736,0.5597659751093099,0.8180314954725798,2.1388
1.3897573970312325,0.6336002353767423,0.6291288716635971,-0.5193012083220707,0.0165321950128557,1.363204808244614,-1.5337129462985053,0.4243236473636014,,-1.2050
0.2472093029638825,2.6368899537125468,0.35317489106844,-0.0318857392940014,-0.3928990984396612,-0.0980280957433823,1.3621500009049146,0.1248789184083078,0.3735147519470362,0.0874
-0.3902941975469207,0.6080411034992721,-0.5678736489578636,,-0.7649063538576287,1.4207480273318422,0.1642051339591185,-1.0221225371669314,0.2375731394824321,-0.5429
-1.22308091514654,-2.521636465107296,-0.1997841730373335,-0.1245916510676185,0.3616693673512212,,-0.0399707962210118,-0.3496836015175265,1.5573161378396745,0.5963
-0.8500619584659518,,-0.2913041148575262,1.3306016419367943,0.6217412973572526,0.6250604155418343,1.999925173874652,-0.6233075665642279,0.7017338630480052,-0.2753
-2.2096184113797124,-1.3029367396407874,-0.883969383628703,0.3888853457064659,-1.7802000724761406,-0.1551590657841818,0.6541601989605955,0.5858812972230205,-0.7205164117470356,0.5962
-0.916780403925148,0.3045177367250329,0.0181998274528406,-0.6391284144947735,0.9606723932269235,0.231054778019043,0.3155615882395065,0.9316496087471324,-1.1516703121017955,1.6277
-1.5058986177212186,-0.4003270303713946,1.065700879853361,0.2516531329095928,-2.1599272409345174,0.2689373620835196,,1.1034444399459666,0.4601660521916197,0.3100
0.3906380535387747,-0.6903815433051496,-0.3060558197949154,0.1294874056573626,-0.132243102235073,0.3377297414053505,-1.4743547827569177,-0.0893202689768943,-1.1142476355638078,-0.6432
-0.5370581495811894,-0.1454823261025112,0.366681284598241,-0.2576024203422624,0.4730606724842403,0.3523641663839874,-1.6390566300149405,0.7776952808849328,0.0667188828609665,0.7600
,1.9267515399397308,-1.04358061427869,-1.236496477267487,-0.2913143240946083,1.2349446626370963,0.601096350891568,-0.8225700271234022,0.685647585498778,-0.1207
1.4623657175202125,0.4775399965689982,-0.2382109631199956,,0.5495272664349784,0.6507076665457006,0.3010400701061926,-0.1124534337483091,-1.354527693382678,-0.2661
-0.4474637684990102,0.1162461385404821,0.0731723840162859,-1.9280125931973533,-2.9492674373653385,1.2597233169865498,2.2349347008515066,0.5631794895602982,-1.0970073713798076,-0.3585
-0.4483808044985067,0.33755661690779,1.2606196968056158,-0.2634363096118884,-1.1272849930695077,-0.8873637519241847,-0.4238142181845289,-1.145828179374094,0.756277363021327,1.4093
-0.0387330213787734,1.232432530283246,-0.2762708253730868,1.7047437818438769,-0.8059298861740192,0.8115808987006099,0.3169198109876165,1.0427877571730335,-0.548317051913925,-0.6722
1.2416774994125652,0.0233449138175296,-1.342495891529853,0.6219967495339264,-0.556279383303126,1.2453206731327202,-1.525888441856471,0.4002274595252761,0.7814126664312719,-0.4272
-0.1941025322100554,1.2815738406346966,-0.9741995922581372,0.124646161460773,-1.2891247012937483,-0.6637509246615519,0.0179231908939047,-1.7467358424957382,-0.1509770520508188,-0.1983
1.4581854604053162,1.995955921394334,-1.900991417808182,-0.7842043319012669,1.2288825888385726,-1.1668412746557193,0.515075142643245,1.941977780051807,-2.1407187093958155,1.2559
1.3530716772298652,1.4182384897401974,0.3605841168344094,-0.2684633874353733,-0.9507979659124688,0.5869228688789123,-0.5596726882866925,-1.340912817744479,0.7940281986663754,-0.1550
-1.041912458790274,-0.3462275827292312,-0.4041634231765026,-0.0939098845957704,-2.043350751779182,0.3957395900401149,-0.8978595899265827,-0.1328641980236209,,-0.2993
-0.3210188819175355,0.1274612616988274,,-0.5281025844967627,1.2106332425101305,1.1805771699032848,,1.5841159465759544,-0.2895374958795487,-0.4750
0.1511803324269133,-0.2616731254868943,-0.8471327087327647,0.3078052948916034,0.4347083020145142,-0.8721461112607333,-0.2376625732074794,-1.4694616483400729,0.7371203969132045,0.1770
0.0634094692265657,0.8532402148916,-0.675114940930548,1.6496956220720662,0.4654635744241104,0.053335880876272,1.2885162729341264,-0.2878994067738408,-0.3238236500023739,0.0142
-0.5522352765778789,2.1185914356392987,-0.7894791399132054,-1.1243422203508504,0.4775976502374379,0.3015727889392,0.1262554755909531,0.8376369204358002,0.2727178168660852,-0.0259
0.7195281238096874,0.2058719692753596,-0.6898738291909162,-1.7183759643243954,0.5063145397618253,0.7005910583547271,-1.7940992814911714,-0.0376724143581661,-0.5808100352013721,0.3285
0.5399891633226753,-1.1939186483619668,-1.110782261235284,1.1131071739441634,0.5653591830418316,-0.451428634006224,,0.121148267410677,-0.3572457910432277,-2.4132
-0.6082272437994041,-0.7820973838694762,-0.2815424909085466,,-1.9950674329893163,-1.1034850712717788,1.1289136220382947,-0.485281566081891,-1.502242067437232,-1.1829
-0.442779446668569,0.728865493303831,0.3026356324114115,1.47888092030706,-0.7992907597003718,-0.9454961583664228,0.1205980837562433,0.3025460920342411,-0.0791939279316976,-1.0172
2.402234042541541,0.3947743811983064,-1.4257154912349437,0.901917165567756,2.734877171521196,-0.4641621344604095,-1.410332468710271,-1.272432093254643,1.314273136797796,0.2127
-3.496649526315903,1.231745805513947,-1.3945438850735206,0.5551797184310107,0.2549348101833504,-0.5598671183912561,-0.5880676213267275,-0.4611993229613388,1.1330462581054896,-1.4740
-0.4631991953806446,0.966806614695581,0.5380042985832599,,0.9866486068779198,,-0.5872424519207134,0.4251349432457033,1.3383292803225204,-0.9801
0.144149550402339,-0.1199376408880617,-0.3962852532018174,-0.6297625660603642,,-0.8820902622969904,-0.0041423551593757,1.8164388788179,-0.6543181135462636,-1.2433
-0.3975394692319622,-1.0742006432621247,-1.4529571529812355,1.2066094022943683,0.8802507721040176,1.25877190225899,-0.1247706438127543,-0.2966434303549457,0.1226024235294386,-1.0472
0.3997169587697576,1.9610892410618432,0.0506635191344117,0.4845670898162393,0.6232499927569455,-0.501908025422432,-0.0098300303450911,-2.214451947768938,1.537085201831984,-0.6843
-1.550059223253325,-0.4482558696583203,1.311664923589626,-0.1515364623577041,-1.0268952784807723,0.3850512765507913,-1.384543368258076,0.8827645011334725,1.6191406716477004,-0.2272
0.602088576402996,1.2274017078970425,-1.6528296302586645,0.4584507161290884,0.2112650029469222,1.1966616979948053,-1.07165113665194,2.4337176651235923,,-0.0688
-0.0488870501300177,-0.7875513260612572,-0.7114188834378188,,2.0186611043309406,,,-0.4494405674561538,1.2041162045242932,0.4514
-0.2897403041510978,1.789715046550955,-0.6871269503413893,-0.3917977954819139,0.5094276016347762,-1.237078011257642,0.5344437890811464,-0.7319721523155356,1.6388091743695956,0.0088
,1.6653624207543003,-0.3632069281644328,0.1805006404583092,-0.4234940976687506,-0.2683937695276442,,0.0400645677861008,0.587393060140029,-0.2042
-1.2127425001772978,-0.1831565229742124,0.4163033979568394,0.4544083396140315,0.5304675007162643,-0.3349802765428313,-0.0193687120130239,0.7493419975922061,-1.6552271048363305,0.7579
-0.4834680264668352,-1.116712375995953,0.9462291651896744,0.7097079198034506,-0.1370822580886644,-1.3238620137152062,-0.0803211729888971,0.3874362176410423,-0.3650838326909266,1.5813
0.7026434024378312,-1.033669580679707,-0.8967491926520855,-1.7338344326903403,1.018019972047824,1.5159002459131965,,-0.6332574137594144,-1.309366505499694,-1.8680
1.056817534716304,0.5809201046587729,,-0.8019920197886554,0.0742709714167166,-0.7242246984750119,-3.7404543387177287,0.3671560200918161,0.3393912781013493,1.4658
0.2340335496264848,-0.0823828263459123,-0.6438072517188242,0.8842625680569889,1.4222128305003698,-0.8976509524218014,1.275866116946256,1.07604451155052,-0.3526926357724808,-1.7740
0.6626364634232835,0.9735517609827836,0.002254636764798,-0.1112708335431271,-0.4411965703005023,0.46830824955757,-1.286922436049949,0.4276409197976514,0.3835487159677125,-0.7776
0.0378740411171605,-1.7707152354019888,0.1827985542929849,,-0.3343401230195612,2.1453134537841123,-1.6983218812041287,-2.1746784497852363,0.9476387325248103,-1.6485
-0.5899824783404657,-0.2601640521853859,-2.7713902811834235,-0.1565253367602517,0.5265268767158356,0.0492169137749734,0.7063192597134488,1.9417300738886905,1.2521192368391318,1.2405
2.470492594404564,,1.1150461913173535,-0.5179447408058276,-0.2525953048007563,-0.9286995845784588,-0.7034132212820821,0.0768575037494471,-0.8702002596491534,0.0754
-0.4379333134734938,-1.5336527138230929,-0.2231363575893086,0.2851210312487527,-1.6155123844611528,-0.799245957593894,-0.230616409435604,-0.6956739067549678,0.9145777626671454,0.8385
0.2699517687276622,-1.160856753436304,0.8836313167889348,0.6154974335589173,-1.0181546281534797,0.2845262355136724,1.104606949618237,-1.101628113574771,-0.2415345325157981,0.5654
0.8605935542137638,0.4109353537654689,0.529702023828713,-0.8134288749927637,0.5544965499304261,0.4429492657182327,-0.7323816146808578,1.007354940688679,-0.6537338778260908,0.1812
2.5497521505172025,,-1.0112036672969815,0.7351755663319032,0.9182699067031131,0.163419513108676,-0.2712720673985988,0.0182656433478089,-0.7620371360470025,-1.9095
-1.181186991128836,-1.181411539121398,-1.019676304413082,0.5785006703945187,0.6704146251768398,0.5215282370636346,0.144322509634273,,1.8561453424036292,0.0569
-0.1413947872928629,1.2220763622815405,0.0938455939550003,-0.9830650401365671,-0.8294812913560669,0.1827808971147458,0.0644550558150941,-3.838710063311951,2.00910163507778,-1.2006
-0.9812663649971668,1.6821377890241105,-2.5059753601120107,-1.4492759174667569,0.4819859308539214,-0.8625125309864302,,0.1745994746847751,0.4755379623454712,1.0185
1.1919822577569783,,-0.3974767549865259,0.8175094110078845,1.4652352439135217,0.3815213910075768,0.5890282294459555,0.2770357244625016,-0.2398420436552976,-1.0096
-1.881946858729364,-2.898997583870904,-0.8596831544351723,-2.3599762695438,-1.0403585217945783,0.2857267599240813,0.9647999337351992,-0.4913188368897533,-0.1290036068242741,0.9999
0.0889790481929266,-1.2300541154535227,0.0666528399741834,0.0020206889309607,-1.1791489888952156,0.161071420613685,0.4673142194509574,-0.5604966766541702,0.4707010406748646,-0.5772
-1.3867374894197857,0.0931985837954575,0.3366626944490626,-0.012947758200603,-1.8539542690712696,1.4928208886849357,-0.0387716818694626,-0.9672369822747574,-1.037322871465085,N/A 
-0.2885983920774299,0.1805441900392789,0.2188716170396807,-3.364751578704332,2.2397593883120432,1.031264357664931,0.8978421908840926,-0.612357574104257,1.3112503415890735,0.7484
0.5617958745459287,-1.1243591165713342,0.556827579430319,1.0344845668385871,-1.1850061768462925,2.1132082256579268,,0.1612841065975515,1.737925645627393,-0.7670
-0.0228757322231417,0.1657020938348934,1.0660231836769536,0.9887312681540068,0.7712617999067641,0.4583864925127632,-0.6221643330142105,-0.6007905253071828,0.4423350384114957,1.9153
0.533884809310875,,-0.6789467746200409,-0.1772988226455674,-1.4208805151542343,-0.405729527649092,0.1171814201944831,0.7439744037859244,2.2250496388231946,0.2446
0.4413523376936488,-1.3355429689750544,0.1854550207106157,-1.7956386231417554,-0.3708616473534064,2.025337646775517,-0.8378011155077196,-1.311016460152512,1.3283273177521298,0.8007
0.1432344933451672,0.9503552755979184,0.3321246677077916,0.9083957051630722,-0.0928595690703929,-0.6019700954604339,0.0496906873477495,-0.7761430684470333,0.542816077292961,-1.7668
-0.2542282660515231,1.5450429535618673,-0.5708320422949893,-1.3770164461840646,-0.569048395521598,-1.02866399010467,-0.5045314767619554,-0.4780215586533197,-0.4153200690195017,1.0167
-1.5828517719023316,-1.0400852018871003,-0.2839704280901656,-0.485014538954034,1.887503825138232,-0.6959531624890961,0.8075932194259205,-0.9552287918608428,1.4923508805340766,0.6580
0.1866043558183101,-0.6588353571223068,0.4507246913748569,1.8752921116106032,0.9631870021528824,1.016734445610551,0.0570656999016831,-0.5191111045163398,0.3697131981652616,-0.4281
0.2818601081825455,0.6151735362178679,,0.1926106185333019,1.1371238203918084,-0.7207054181906425,-1.3357539995110306,-1.2144644580331647,-0.8130541788810285,-0.4773
1.8865664611689388,-0.2634850794117046,0.3651875795904603,-0.2905182339382849,-0.4927746966963534,1.3902020392038754,0.6466840307290945,0.106563762377736,,1.3543
0.4520762275728069,-2.515695267478529,-0.8109570626998167,-0.1336059700428899,-1.8697333552065851,1.508117319053775,0.2958827226916842,,-0.9652836696792872,N/A 
0.2293723726949844,0.6274652644710559,-0.6618115799015445,-0.5543704670625847,-0.6437914179656585,1.0277483076603398,1.1622023949815057,-0.1609792572460076,-1.2667066472042725,0.7931
-0.6583010573058138,1.6009055080815575,0.7910933149889268,,2.8602608259445668,-0.8450925096714805,-0.5397803476504316,0.3290458682805171,0.0695186807250874,-3.4533
1.5866793141471816,,-2.011610109662697,-0.6344717401547251,1.0194999581327333,-0.2764646064043201,-2.154124741294577,0.546811793137059,-0.3924731417880733,0.7630
-1.0122000139882417,0.4284899042116749,-0.6100337099553361,-0.5022523817225287,1.8244957621416216,-1.3258623012236062,1.159509909602651,-0.9159652060311126,-0.524735202178266,0.4673
1.2029113444615902,-0.8679570526524132,0.0075105172941536,-1.0922494593571597,,-1.970660640917261,0.1040058112345005,-0.8652893081248618,0.135989652878246,-1.8415
-0.8305505947237085,1.690315413741179,-0.6502260036202399,-0.3095763777567475,-0.8111696749506503,-0.6078092307538935,0.2023409030759386,0.8839421137439071,0.3153173126641044,-0.3179
0.4167844700892595,-1.054270474441016,-0.3510046036944095,0.1853798173690616,-0.2458531589440183,0.7224665129652126,,-1.38340709446903,0.3879162053724987,0.8899
-0.3153853084256218,-0.5010319740022745,-0.9738442758757592,1.8792606711447728,-0.8312949823320357,-0.7510665584840835,0.0179904185792305,-0.5247729891037363,1.3688765020830942,-0.0956
1.328906123398225,0.0167699576326897,-0.3338020310162539,2.143676268366766,-1.0040226372753869,0.603303690221272,1.4539520127914314,1.240933411865219,-0.5899156470168117,-0.3265
1.2362053261868158,0.6678896088334423,-1.3204475458914555,0.1668102670197324,-0.5731133615595897,1.6567166244782918,0.3462331153511832,2.4653250820614763,1.3832322295355184,1.0225
-0.2597116444581875,-1.2366283042963508,0.7020641876843103,1.7295916191205636,,1.309637512086125,-1.873448266188658,0.3946369552396498,-0.9833579558129296,0.4603
1.960614971944716,-0.1388425518596102,0.7197989260049935,0.972039463986296,,-0.675159113922077,1.0270873106269292,1.061138061856339,-0.050294847001582,-0.7463
-0.0431395578636037,2.227084286520716,1.019983488701855,-0.8527618741736055,-0.5449891406533245,-1.5237756540786054,,1.6501804038696857,-1.4475828393067034,0.8091
-0.0801750090601369,1.1124297047544638,0.1343941357206121,-1.1173482466615512,-0.3035139998893921,-0.2987547687928116,-0.917085539124344,-0.1010468628739393,0.3832555180929556,-0.0304
-0.093431420630271,-0.0164503760007581,0.2689205057464714,0.0609443580797606,0.5935355440745186,-0.7056081286319837,-0.3561917604407935,0.3491344788965183,0.7615159803023585,0.0849
0.3940440387240874,0.6843953423087369,0.7680429085027155,-0.946138490050339,2.216360587691867,-1.3430584617111094,-0.5502604019413638,0.8997879335968152,-2.480484780842367,-0.3049
0.055390246333598,-0.041365608557941,-0.7587114443188353,1.1679437266846573,0.0817953493125411,-0.7544052498185795,-1.9432816963977615,-0.3869167573006641,-0.1954704580450197,-1.0212
-0.2669409798865955,1.485869799460142,-0.3198818899785379,-0.2716900952102222,-1.3416307252203814,,1.2612392234310823,-1.5489376677888904,0.7938564742461964,0.6956
-0.4828238545373544,1.1657052345501266,-0.2975855206176737,0.2724970061198614,0.7733436210891412,0.9054325047639812,-0.8594341873685067,0.8691462437370953,-0.4752816256089062,-0.7291
-0.9702632655692444,-0.9359094987406592,0.1751394995800831,1.2180601092370875,0.6717409335775416,1.4339014301443749,-1.238017527415041,1.1813518317883906,0.1059363735240383,-0.6199
-0.0043111376448883,0.1090157905588959,0.3820171821929745,,-0.8627585270029908,-0.718181924564841,-1.293883713396102,-0.8528298975963914,0.0289522819751951,-1.9617
-0.5604820733711098,-0.7383227227582375,-2.6324393590728747,2.0928195950544657,-0.2844654622940831,-1.4135188620099184,-1.584009500140887,-1.3359856979908746,1.8149715783747389,-0.2437
-1.306244266101181,0.8727389117355581,-0.3445910998479142,-0.3326562561529457,-2.422417894220505,-0.5704329668698112,-0.0376544313253069,-2.2903814019689674,-1.6286595540232378,-0.7213
1.6210977226108632,0.3369718674908409,0.2991753951552275,0.6114228114592142,0.2327963464063547,-0.2789743529343765,0.4238245574630138,-0.8363009425793783,-1.3742849376484445,0.5024
-1.3371079398457804,-2.2356849376870267,0.1269114447098664,1.9267789102157935,-1.598922905882089,-0.3110730191389544,0.9990509280019608,0.3736393160925525,-0.020750728766248,-1.6504
-0.0479228932509092,0.7783505377763857,-0.8953445071945291,0.7692540297962458,-0.3981665233806623,-0.111391754278554,-0.51465919821252,1.016714566142307,-1.5144147799050802,-1.4922
0.0284600647992894,-2.3285196615830586,0.8626603254224435,0.0186206187782043,-1.0461639162777157,-1.1390589536536766,0.0622141860857864,1.1868220425556046,1.3499632453890884,-0.1676
-0.7640884621555926,-1.1746868716599812,1.191916328670342,0.2898194109831684,1.5441846137789104,0.5646200499153354,-0.067388497297271,-1.5295132212202374,-1.0976763788250783,0.2916
0.5949196464795459,-0.1806036405280996,-0.0461333620478629,0.5671285003159066,-1.7646624853183968,-0.4067129616142869,0.5345890017018285,0.9769470895997447,-0.1091154891901041,0.9200
-1.7315927776587603,1.929968755684848,-2.1306735073566494,1.1585530057384543,1.7633105453786175,-0.4966537598727247,-0.7857709037057466,-0.3153194382199845,2.0853315625849618,0.2695
2.0175288600345755,-0.0295751754719156,-0.3108864912853861,-0.3867181815964234,-1.6080115158567538,1.213203126011276,1.0821655389464884,-1.4297690386156947,1.6680806921038784,-0.5313
-0.5180996031943329,-1.75938806163727,0.7919015585609995,1.2032105467897198,1.1376666494538823,-0.8938140477521203,0.4567395775667527,-0.8267810353133644,-0.2060335444706846,0.9011
-0.9883979904665092,-0.7431205967757329,-0.3181220165716078,,1.0150764505482293,0.5823327278742924,-0.3132632449684677,1.4558887431280256,1.2500061976956256,1.9089
-0.2906780157239892,-0.426548960676681,-0.3254130042581492,0.3378457389488846,0.6063342453106784,-0.0262551128021357,-1.1727993514916686,-0.5377305280927103,0.3549202627486482,1.1529
0.2792072118304463,-1.5010559755669732,-0.1467677957380764,,2.0655853435898024,0.6378048160778482,2.009006839724344,-1.3290008916266554,-0.9246624549779352,-1.7466
0.9804115412181384,,0.932242671204546,,-0.2588969168655935,0.9537477097193118,,0.3791877004726693,0.6508047301776398,N/A 
-1.493263051969089,1.0033835639611797,-0.2218036300556684,0.2607412402595693,0.1245478567024097,-1.9297314504283036,-0.3265140588685536,-0.475246327772733,-0.6070332143201776,0.3844
1.0042360936102366,0.5916799995218047,-0.4146608509709887,-0.4945314155031729,1.0993258590171944,-0.7840051972009608,-2.115528096386494,0.9254727912776424,0.2837330072567222,-0.6192
1.133113963190268,1.7032469869709457,0.1334240704795984,-1.8533634169008093,0.2135129667332505,-0.8742434577419632,0.7244772400573518,0.713933313812288,-0.0287662170800059,-0.0546
-0.3927083619886923,0.2705983485296583,0.7909721443485898,-2.0517632174009472,0.395165521792815,1.2341814634143926,0.2843080078545754,0.1985473255113719,-0.7658903985389007,-0.7486
,0.270300413736915,-0.0684698630637688,0.66270044457226,-0.1890812057330052,0.4557832200722664,0.3145153965658599,-0.089003033213917,-0.7807589810318596,-0.1141
0.8291083299144525,0.9845226082528812,0.2860781347254585,1.774926908392543,-1.6218120603254738,-1.7699793842677087,0.4312605857890991,1.3009518163219929,0.7193914212139659,-0.3034
-0.2225638952552296,2.00309946078105,2.6906616035375364,-0.6215777734303448,-0.742696621196218,,0.9577605364136768,-1.5799326316963809,-0.1043449752902122,N/A 
1.552655235608377,0.6111411584243014,0.5643533443912054,0.6203097658815556,0.8877573292511526,-0.0525901662719682,1.5989679583609002,-0.5904445626627143,-1.8857246596641517,1.4307
-1.4512791008858494,-1.5520621616303252,-2.182094017251203,1.302617712823181,-0.5851958397723478,-0.4255501260851203,-0.1399457699036922,-0.2943428954031342,0.4336210413128004,N/A 
0.8968778655420628,-0.5146207764448996,0.40681233250038,-0.8408482064088494,0.4041317584699732,0.2601131869904902,0.3211445290011558,0.4316881895954597,0.4940714180645847,0.8073
0.1346417461651392,0.0652544593175542,0.132734687261166,-1.6264003170219798,-0.5097530270674108,2.4122187286946186,0.9100283962547842,0.3686169310678055,1.2487142897307664,-0.7828
-0.2005442357719002,0.4315176693558616,0.2191619058046403,1.0223190181149593,-0.5812626766090091,-0.2075431250602235,-0.1357835649225934,-0.6177081355086687,,-0.8067
1.1243032997554523,-1.2750655561974669,0.3496208569052862,-1.0063512803631147,1.7264820749768404,-1.1164923020110005,,0.0124127804132392,-0.4648858105222602,-2.0682
1.115291602283857,-1.2724852924398289,-0.1507058898838324,1.6042172067559426,0.2516133122389318,0.4406800821304167,,-0.7537846782988642,-0.4583922722719629,-0.4268
0.7839853742685776,-0.5232349811402582,-0.5162897915760197,-0.2998723917691127,-1.3105094734490683,0.5423421959812834,0.6032546585960471,-0.2724049381862887,-0.6260266267570871,-1.3256
-1.5048993647281073,-0.5724215182844612,-0.5051309595277896,0.000256647962379,-0.0025161330286352,,-0.3220121184155006,1.0384714843098677,0.1320139412719405,-0.5742
-0.6446065401839696,-1.2875343772815588,0.6313543277950098,0.7622040875696855,0.1287741620592147,0.5598114830193979,1.968765339389613,-0.0551700993082822,0.5042252646873168,-0.6482
-0.3655562503474193,0.0142356716460916,-0.9140647939828002,-1.3326696673953922,-1.3265459816182306,-0.665173148895364,1.1470860271878685,0.2350418249121679,-2.006828585248802,-0.4709
0.2798896400092016,2.00967729064622,-1.1283910859880373,0.3312032115218557,-0.123178603097758,-0.356980340554203,0.2968875899492268,1.2522386338624891,0.5917313539346665,0.6929
-0.55446508029205,-1.1940876416718886,0.0447633624122289,0.9569237461617646,0.1093080104703425,-0.4540301009573158,-1.3657815698376328,-1.7707296922742035,0.6153654094611183,-1.5730
0.2608405895407134,0.5217895269005844,2.0571255995388094,-1.7485011116379048,-1.978009502109656,-0.5382803133164931,-0.9801969470289958,1.181434319019699,0.1392236763769045,0.2992
0.1396345456228414,-1.497471505469015,1.823566497810152,-0.7706319975102702,0.5304755841172674,0.2755581133414085,0.9454990439617306,-0.789987517449469,-0.2123033658620943,0.8888
-0.2304638077737309,-0.6347601999440202,-0.3544332272324023,0.0476279696371246,0.1406582400814879,0.145957985128544,1.1544619408083328,0.7350633949411073,1.0283997176340596,-0.5284
-3.1636557183865546,-1.5775570410622954,0.708272191911633,1.03300691151981,-0.0665439446743251,-0.6931569779368948,-0.096238150485416,1.5593978408664977,0.4553351621685562,-1.3922
0.4225095587743875,0.9042460325964624,-0.9954810456657508,-0.4036843399998653,0.3602552326338076,1.0712015874358352,0.2715703859431376,2.222351892819166,-0.8596695893531113,0.4305
-0.2508707867889149,,-1.7139618632982734,1.0414914900007706,-1.1043175794698854,0.0286529070731878,,2.3531303338453826,-0.7073482143475758,N/A 
-0.0062128999014163,-1.164035283736575,-0.9705435514672698,-0.6416893917263448,0.931402630908932,-0.5479752675984644,0.0539159820858998,-0.4832487153783262,0.5782607319392361,2.1736
1.015009153680123,-0.2006677207486709,-0.055312275560668,0.0974709551765245,0.0349726289268104,0.0498025330764847,-1.1945896896672212,,-1.6693839542508768,2.1112
0.5805036840026468,-0.3325179254498258,1.8981404680413083,0.228306969546395,-1.2416612226690331,3.4708592275482784,1.3021389713393603,1.8269780479111608,-1.4660392469000447,0.4184
-2.707229933291628,1.029658535246729,-0.1251540970813365,,-1.3459332228499148,0.4117073726230094,,-0.7442665901614778,-0.0919155112576542,1.2381
-1.1545133979134254,2.3499455403249137,-0.8374243833248466,0.1930484484282722,-0.0777876249991473,0.399554414033976,1.3180372495600272,0.2746389090449062,-1.584332530233952,-1.7296
1.0074078058910558,-0.57721453639733,-0.4796392880419628,-1.025103358838635,0.4338473204211815,0.8112074226500037,-0.148602479847612,0.3080687952822256,0.9783433033740468,-0.5363
-1.31239140664406,-1.234933377471025,-0.7573398515582952,-1.373242672960857,-1.1559260850702584,-0.5695516932997902,-0.8213783022565448,0.4953485074185775,-2.815061307769283,-1.3907
1.2144360122888382,1.9294464502308684,-0.0218497985953034,-0.522341192087959,-0.6267978420449902,-0.5735013979595571,-0.9233666250115544,0.9288352429357944,0.0695429411195658,-0.8671
-0.7964864184906847,-0.9366287373225574,-1.264702563040117,1.0873294151760702,0.0060217464127954,0.5904729459566945,0.9308265571984596,1.8910134732601172,-0.5040672717775655,-1.9942
1.4228169996045568,-0.6297956554760247,0.7322477537903838,-1.3555821531101888,1.962989658520377,-0.2779268953914103,-1.4492063474907422,-0.0686514713963103,0.4813810733394568,-1.6142
-0.4433803307904546,1.0694205237892025,0.8566740593792626,-1.8229605905076336,1.5019262851542554,-1.263514840262503,0.8384135240637322,-0.2998944768082844,-2.344233400700517,0.1560
0.0669406739923064,0.0557745629685789,0.6522469175215603,-0.5716957984445927,,,-1.4555236650282903,0.1377140309710237,1.7505362910290831,-0.1447
-0.968184232337684,0.1722222042790485,1.4092096775115632,-1.848290265898134,-0.1006727862169033,-1.0452827531285491,-0.0945990914846094,0.70261573284828,-0.2060981092213632,1.0629
0.2006079773194353,-1.0231739850487425,0.1626297796058177,-0.989244296259357,0.2259800490035179,,0.4376884245112926,-0.9303544200005176,,-1.6032
-0.4158797768319669,-0.8052405360946154,0.8538900961503963,,-0.7330935515045813,-0.6350361297968384,1.6344069652534254,-0.0562037052109269,0.1007865309208329,-0.4972
0.503926901210353,0.8295124843972415,,-0.1450645373250774,-0.8575225150396875,,0.356939067005643,0.1883312145816689,1.085227073656096,0.2073
2.213021214259365,0.9579706019146536,-0.6919493461769062,-1.1159710431850989,-0.3799777500726362,0.6801334041690255,-0.7956555380719019,-0.8130156721208912,1.0492159055697508,0.3101
0.8985035635410948,0.1593736326473727,-0.2881431488594255,0.3120296357501251,-0.8885894233064353,0.4157325265148525,-0.6856102051086728,0.6068159875433261,-1.1198847679429718,1.3802
-0.4283034076796852,-0.2464871205971446,-0.8028896284380206,-0.6735018140196655,1.0278403900668294,2.241866502543307,-1.3731141846550896,-0.755415833810417,0.2204968989467453,0.6468
,-0.2146238032650805,0.321580784902931,-0.8456792732756229,0.5743768165112837,-0.1098139653709786,-0.0793383956889947,-1.0382034538543952,-0.0268226500792908,1.1926
-0.778934299445968,-0.7070183046204344,0.6343613808736905,-0.2670058693681318,-0.7582054029761971,-1.529408822278128,-1.3339040871897505,0.1290071122167455,-0.7960133272687209,-1.9494
,1.0262252935571106,0.3590011068050048,-0.5707182486100276,-1.051471042664304,-0.4151538544484583,-0.6834577938019051,-0.0177324823068675,1.0701885563472564,-0.8404
-1.3634048950469222,-0.1510839433839293,0.5985989896135652,-0.828775530636044,0.4587014653984457,0.1928213678409435,,-0.438647671281852,-2.013384043307561,N/A 
1.0456255748090633,-0.7734074304681594,0.807931806731275,1.6603604607576703,0.8988783219357818,0.1348183201678717,-0.5504445256858218,-0.9179192739383496,-0.0013345956119798,-1.2480
1.338145728067054,0.3245684082217597,1.8966783475493876,-0.678531311140789,-0.839897068348109,-0.7155879932553074,-2.3829361030985865,-0.8249713967240124,-0.9385347619464126,-1.4522
-0.4443936589080489,-0.0929572673140369,1.2823011258048944,-1.8531429152164376,1.3468517859553026,-0.3671127188082748,-1.880296641886078,1.8190140995326,-1.3686764393906887,N/A 
-1.2498648333857336,-1.5817163455604772,-2.1042915540657448,,1.1983814174875147,-0.6558404993601478,0.0340130402642149,-1.8560915745521664,0.3562857147192834,0.5799
-0.0873144988905066,,1.2701778597784517,0.8962764728466819,-0.489154681023132,-0.7690150273554455,,0.3501524054619718,-1.224379404225558,-0.6047
-1.3693488835125298,0.0875015447595436,-0.6179670551818514,-0.6964182526528335,1.957815606214128,-0.3613493236425,1.2859306783071291,-0.067605576909389,-0.4426294854923074,0.1190
0.4006333544693622,0.0073287411825551,2.39546785774905,1.3281429835730818,-1.3835716483152165,-0.0103166093941817,0.6535427940421769,-0.1345753212669475,-0.8777214607871309,1.2041
0.6374556595254725,-2.4141266115137507,0.085618400228501,0.4461139090967276,-2.089186521969221,1.0283690774789784,-0.2483442742582412,1.9787869105037348,0.8332250760231966,-1.3722
-0.2851736034076212,-1.1117610004571317,0.6823533023838295,1.276108783373754,0.9101093103045232,-0.1820690523943698,-0.2782431837571668,-1.1744241101580644,0.5768640125726862,-0.2712
0.6466600195826964,-0.8944818734094229,1.1992940518701851,0.097747617015523,-0.1796813486541948,0.3114918242755958,,0.3838439677099455,0.1926822058597484,N/A 
-0.7355899642851951,0.1966093235666287,1.336169440381549,0.067526456750404,0.2649747890271545,0.2157567916104499,0.9179353073619386,-2.140517283339166,1.0581231622801055,N/A 
-0.3215006918144858,0.6536571533924574,0.155580611948835,-0.2998938233344856,-0.8844690089049461,-1.0740531005685527,-0.0727680774883078,-0.5268487790898946,0.0964619037582544,-0.6147
0.3885780199721557,1.05881702171119,-0.0824805612471274,-0.2360473518507341,-0.1435424396210766,0.7800463094512448,-1.2968621257704154,0.2137847197252536,-1.9625185173838224,-1.0806
0.8925499067238053,-0.2443505039717315,-0.1742056275632474,0.7514488892090306,1.241871092515938,-0.8067415867161196,0.4778357912273679,1.3042957889910711,-0.0799748163692899,0.6014
0.1705367385084678,-0.914332348970711,1.146232850308693,,0.2535106116131312,,-0.7185330315244942,-0.8505781748703404,,-1.9185
1.599062167746186,,-0.2437244696496469,1.3393770921071757,0.5889012551697904,-0.4766181652254997,-0.0337524083362804,0.6661061257347849,0.64507561668555,-1.2613
0.2262807576760089,0.3737717784788794,0.6043388055153497,,-0.9243693031103088,-0.7912066004965682,1.3376742801526686,-0.0252897338134162,,0.4097
2.1034723828619475,0.152874252138396,-1.0784032209445618,0.9044436332436544,1.4745103511266122,2.534600623388958,,0.2224146264553446,-2.0196321285692984,0.0463
0.4723291877077892,-0.0261233797900718,-2.862381652099057,-0.1810949780989557,-1.879757315166225,2.38608647734331,-0.678093842098344,1.0016861123944287,0.3050000200541754,0.5659
-0.1423729406811303,-0.4043122477626542,0.8382949807960555,1.512664835602808,0.664261595247441,0.9449129674443328,-0.0531955632405063,0.8821316911539132,-0.1807783421541971,0.4170
-0.1665492426083129,-1.373527181530365,-0.0209363791280406,1.2996201515928594,-2.0891282681957297,1.2456575421146028,-0.8419167877847317,-0.1774512005393361,0.3107482339388484,1.0906
1.0661749928314952,1.3492585691712122,0.001142932272487,-0.1581247453144244,1.1327893959812037,0.4738872144115266,1.8649550694538573,0.0022191967035529,,0.7619
-1.2842155516609297,0.7984095853215282,-1.1822698591345078,1.367838607761527,1.3530241591869483,0.7445487763287257,-1.4874334681781554,-0.4660926905472822,-1.1357253062434132,1.4626
-0.665780059050476,0.1239284803286241,-0.4087584559234113,0.1563333109775612,-0.7842100009882721,-1.3221674753566826,-0.4613006830617724,1.062237287400832,0.762408722875403,-0.4700
1.8528535311212997,-2.3522693743238667,-1.292887716556187,0.6032429868607103,-0.9132109438234746,-0.1188099688275615,,-0.1512651690430289,0.6268289875907344,-4.0885
-0.7538101932079061,-1.0587232096226211,,2.018939290005232,-1.035119546510024,0.1846472251962441,-0.8202934390095458,-1.265861602471931,-0.6989632442923114,-0.6172
0.0315823983452266,-0.63588589314802,-1.3065865496097977,-0.6921593796863138,0.3685410431762798,0.8372114986882082,-1.1497911246693364,,-0.716810044813402,0.5749
0.4702553871916312,-0.0092453230940333,-0.1305024248887066,,-0.2721917524490584,-1.0625036595169746,0.9311796995323736,-0.0927624690179862,0.4029583845211951,0.2226
0.6740078372463367,1.9735774229676708,0.6053289966967231,0.084026108168218,-0.4335597725844857,0.8096008987435098,0.1385919427714964,0.5430732388553466,0.591470067624501,0.2063
-0.3106484483664984,-0.0650783445356949,0.7818384952871786,-0.5914437572928755,-2.386241796116659,0.5919578951340515,-1.940050282141132,-0.228368409713943,-0.0121465842143802,0.2067
-1.1934708845772908,0.0430730510510038,-1.369455703478062,-0.3375278939082908,-0.18131156609938,-0.93767070594958,0.4461787377419076,-1.1140616659040017,-0.2832343109259848,-0.2158
1.0484698754172934,-1.2061387789096274,0.5671159784797163,-0.8424141785598473,0.3779711101644715,0.2033198142868003,0.9839701340289324,-1.8231283886610168,-1.3996044082662704,0.0635
-0.5094679482858345,0.8982431299622826,-0.2839715975542142,-0.8448693521586493,0.3540498062719284,,-1.3226038253468717,-0.8191503095650449,-0.3090783603903311,2.2964
-0.5474144328681808,0.1778721216030611,,-1.0594231189479928,-0.4320939199405904,0.0070829080598271,-2.0806236578633865,-0.1212874604748752,0.8538383205855042,0.6156
1.209511420041897,-0.0642773472845286,-0.6551463755380255,1.0927072936979612,-0.078642774018886,0.7260429978833629,0.5231755394967885,-0.3871917254451302,-0.571153669754242,0.4188
-0.7990940218927773,,-0.153789444382695,-0.2634796888494148,-0.3233244701048264,-0.9938327983731056,-0.957853835948601,-0.394428908215781,-2.358239021868864,0.5408
-1.1359441003310733,1.5019366201680355,0.0560139769811117,-0.3133724999099984,-0.2274444970056368,1.8734880104898983,-0.0318196598618977,-1.7144311643728294,0.6403402459774631,-0.0783
-1.5844069523042583,-2.0392582648169277,-0.9006334053876478,0.5013617482119621,0.2926293406510662,0.553856391913958,-0.9494342416077304,-0.2737839305754604,-0.7250040413956476,-0.7106
0.2164528090945572,0.8048750742176615,0.9772866303674596,0.4801689085244857,0.7639033243496198,-0.5533543526163166,,-0.9415600214180038,-1.15824939861591,-0.3768
-0.3559496881444514,1.424965103571911,0.0987699011970012,0.3265252006941729,1.642481590197066,-0.7131623429369885,-1.040050133698842,0.7151027217821321,1.0502880451548853,0.0796
-1.6066353741091914,-1.0754117177837486,1.7339007226186756,0.2468710280911318,-0.0859898302522055,-0.3809873331172817,0.7898744632848475,0.8249593128864446,2.256880906363729,1.1071
-1.1360920447645215,-0.6591674078733294,1.617465657836224,0.2670195623174418,-1.0105583349913885,0.1665310628071299,1.2193455108283833,0.1798547893517019,-0.4373129210300305,-0.6308
0.5923888718546485,-0.8433975726038972,0.0437004558075083,,-0.6078746890134381,0.1395809144534124,,0.5383290311061381,0.4966082147050003,0.9573
0.1967232435004704,-0.3365222083348235,0.1414502400884279,-1.5792244232201949,1.6082175786143027,-0.7976724134529927,-0.4109162840525044,2.2650057608724707,,1.3361
-0.7067549807357852,0.8969881016070049,0.3440875734139007,0.0076288678651044,-0.3400546871316843,0.0901672955890909,1.5923660596106943,0.1998785820768878,0.6109811138291179,-0.1510
-0.1792943339484132,1.1394217829428053,-0.1359992486809992,-0.0431772162748673,0.111058695757751,-0.0714707808854742,0.4189594584445595,-1.2022709750330107,0.0927679896657311,1.2501
-0.3846383597536431,1.1218812005542231,1.0661190831292602,,1.588607306612154,0.8860108159825072,-0.977489650377798,-0.6601901555648091,-0.7810311623025777,-0.8783
-1.5540638700182294,0.5067694325391819,3.0318196427620787,1.629828941314984,-0.4884968384388479,1.0051605387132023,0.0533720310845638,-0.1136487596690784,0.4423150777937616,N/A 
-0.6389043256247308,0.5561227477691307,-0.4957764222930337,0.2495092926067699,0.2918931506980314,1.9751586324852757,0.8073014440728794,-0.3492667197208998,-1.1148551864238203,0.0629
-1.7061032171520072,-0.4340101347520566,-0.9112374317422453,-0.3602741973966124,0.0287283888826758,1.7555160773852585,-1.780383729995484,0.4171934877630145,-0.5681437713448219,1.0407
0.0874116690638997,0.7005352259628184,1.0202988005306284,1.9458798392415744,-0.3511964809768322,1.5644593247681804,2.062813316838793,-0.0190793753064424,0.0021613137033906,0.6751
-1.1338167646730195,-1.128935046584374,-1.393168789220652,,-1.7283807166885297,-1.387761839559089,0.5658085547355844,0.6363521149510211,-0.7758466484493949,-0.9199
-0.2823202334757718,0.134079510159142,-1.247006168196133,-1.5540369105791396,0.2846008408570074,-0.6566647341788455,,-1.283803477937407,-0.0807134232492818,2.6587
0.5932527759052928,0.177466237946723,0.2362975836013475,0.9079109175965044,-0.1810477937977769,0.4298065319878324,-0.4597578380834159,-0.0533933081094971,0.5047771215272665,0.4235
-0.919206846959135,1.0231577035348325,-0.3837145643312778,-0.915110184030702,0.004201487872051,0.6680648189148929,1.013538039035524,0.7306958386082792,0.6005374620735702,2.3451
-0.7932224315155242,-1.1402677496413791,-1.0693284292019194,0.2353474963645349,0.4792283566577678,0.6848784306239025,0.8051516628996633,2.5983470907816923,1.117589824058543,1.3007
0.1644589077929173,,0.0848443201329712,-0.5540362225394521,-1.3962835340414383,-0.1606114048309279,-0.1215068190559721,1.1391490394721258,0.2409205521043677,-0.7720
1.1267372458236578,0.150022811268929,-1.2527387762779747,-0.4922962989497061,0.2936986814776482,-0.5972084922014242,-1.8666108758480369,-0.3587178410118298,1.298056868862878,-0.6239
0.3291565006139558,,0.3541473724894317,-1.8737663425341036,-0.128343067234489,0.7638727402559357,,1.0062212859012858,-0.2152466461666322,0.8776
2.2777842102928623,1.0808964138659003,0.5010162118691119,0.8698431755869821,1.1101329466901524,-0.0583575756127427,0.4856493860166398,0.8367759184421362,0.3774934072333673,0.5177
-0.5400400136635234,0.8109081815794346,-0.2160310462439519,-0.2817187904328804,3.027240129415301,0.6375771646842315,0.84913626148249,-0.4244538864110319,-1.3307200465946312,-1.2609
-1.0700014376411155,-1.2643630064785192,-0.0649437342889042,0.3088077812728049,0.6042467435156617,2.6595466375314896,-0.4497905429606991,-0.0534588379918071,-0.6364222034412002,-2.7819
1.2135562918661085,-0.8199039247090041,-1.043072394975422,-0.6017066199113253,-0.4328237367632006,-1.5037370781262005,1.3912775246742983,0.6526159008042607,-0.9941896333745018,N/A 
0.0092181607563517,0.1865879590901311,,-1.4562914039452155,0.2168608808375949,-1.4200203855303972,,-0.7711820205894313,0.1859436324007078,-0.9017
-0.4057532000329759,0.1810395655822015,1.5613125592278436,-0.8548032639186322,-0.8439118977629332,0.3911692857223213,1.0825604674980591,1.3073510930527208,0.3191491774346174,0.4476
1.7587039270362594,-0.9050794539708532,-1.8947218447219305,1.0321475552500878,1.8095005648709857,0.9574485449786896,2.021787354982608,0.1439806467333586,2.7555803107422525,0.1702
-2.78733964157979,-0.7814241296939173,-1.4864619580590763,1.2305011360617055,0.9840263971237996,0.3917230702203349,-0.799683994390989,-0.1577617001055743,-0.8001106291111698,-1.2695
0.9906737188339316,1.1796870231664474,-1.4827159935476235,-0.5385083009643262,-0.8376560234102697,2.795107034219997,,-2.4311116028806588,0.0916860970625989,-0.2310
-1.1947388298808972,-0.3885460514208765,0.3545522302833505,1.7679059491188147,0.1940505106552908,-0.6920629154349472,1.113994352323206,1.1490106446286106,0.7162321664706761,-0.3666
0.0006260840663052,-0.727188901524829,1.3650091735428231,,-0.0860124789286432,-2.327325653561029,-0.7458423855192867,0.8135282722917051,0.05138612359009,0.8705
1.5751066105920983,1.3000044453023922,1.4185530732747578,0.1535542467461455,-1.0265907967412635,0.8555779948690049,,-0.2889761018531367,-0.3166014277516253,-0.0796
-0.7678642133127779,0.6624887639074751,-0.3873977213409512,1.8422235043558133,0.7380381375040834,-0.3850633286987865,1.7946469801341125,0.1007674965445751,1.3414569381526402,-0.7556
0.6742450352105899,-0.0548980804664194,1.150269038200659,,1.1107518409347616,-0.7303433722189108,-1.4980638488526303,0.4887510344192912,0.4437727456228296,0.8992
0.5646527701544145,0.1789891238470424,-1.1501647405572184,-0.9149556097612862,0.7998852557629849,1.0720070373772812,,1.284061800751451,,-0.6687
0.5689530524723658,-2.696562713576839,-0.3052546700104527,-0.7193390531905531,0.0465439202806049,0.2622344586399625,1.8345547118764636,0.4909977518167345,-1.0779367021343818,0.4884
0.5006259343556732,0.5841337870918966,1.283313073317668,1.0534757534637544,-1.3795829911097388,-0.1290120134827222,-1.2935132054863483,0.1731144733109781,-1.6552916351423514,N/A 
-1.8986865237696768,1.0833650410241442,1.5152660952738872,1.645767824314829,-0.1225162313154025,,0.6491951553016625,-1.6301719664924903,1.1567106119139103,0.2642
0.6184679434028031,0.0849094450288096,0.1506945590309223,-0.3020710752382507,0.5760889932393347,1.1601235927696358,0.1923631006018909,-0.4139534749529676,-0.4574814743888159,0.4808
-1.2153673782740442,-1.006276362570066,-2.167995806801964,-0.1301641803342366,-0.4025917189324254,-0.3313089174210663,0.2530928572994084,1.0459392971399766,0.1267497636139994,0.6379
0.2606100951167251,-0.0971808075859062,-0.7487109322997278,0.8849936090355506,-0.7311750276985982,0.4931110667649505,0.9017004800744396,-1.4524265139263055,0.3165069549859181,-0.2391
1.657671896235553,-0.3530845174458789,-0.5445733193811496,-0.5406147971826478,-2.0787932561885016,0.053403077067147,-0.4935877392784017,-1.4420031811052876,-0.1430731722123872,0.7689
1.45748257821909,0.2614030051608741,-1.3215191323194548,1.0797983162746536,0.5659544147176233,-0.8821083974293416,-0.5555330126538625,-0.4463216292132902,-0.2137607898074623,-0.7389
0.0580298822682555,-1.5029777038480063,-1.6370338519338052,-0.802963698042404,-0.6558305382072062,-1.392591975703807,,-0.841945224194502,-0.4623700877200181,-1.1751
-0.7713803952185769,2.0293461095746643,1.4229402280328702,-0.5901075062461404,0.5916288464533176,-0.1161666547548214,-0.4018103740670615,,0.2431032886187016,-0.5517
0.3372018248318428,0.3922707732531215,1.031496451041212,-2.4878828855823323,0.9787965004144568,-1.0685023221611212,-1.0905224085115823,-0.0288261518536347,0.0602678320277223,0.0502
2.221767793368762,-1.281672290304043,,-0.4415807355254635,1.8806246731285576,0.46253816472294,-0.0897124777598293,0.8876756443973894,-0.8005566604379543,0.0086
-1.415673129802654,,1.4968904435788868,0.4308933731427556,0.5103249648931436,-0.5560653326605162,-0.713753838943432,-0.9565118355018898,-0.4244381971927731,0.1050
0.5575195306031036,0.6212546737978035,-1.1981421047944845,-0.4357169516088295,1.2031923593083331,2.197684371306357,0.7376752998691922,-1.242271260837918,0.1758388883083932,0.8239
0.3409599931362667,-0.8185329245528915,-1.0942042071839284,-0.8837987569667329,-0.2491989056903241,0.2195958097528927,,-0.2856458216691672,0.7869618690081982,0.6420
1.4295956525033189,-2.062274739873598,0.1755943039593191,2.0855159246832926,0.0991952441682764,0.2671526989681043,-1.162643388042948,1.0901583286783514,,-0.0563
0.2528716601652291,0.5306429483381407,0.3582403003134105,,0.3196118210003287,0.652678514032264,-1.2559154025235977,-0.3274524020494688,1.0350390273220325,0.7843
0.4987670969923151,-1.6680972339979372,-0.714463977187306,-0.4769418866644142,-0.0629644529450799,-1.3215645486782857,1.6982559758490126,0.3048348519111269,0.8023442559653816,-0.3313
2.19644647785414,-0.1741978843250133,-0.1594011224554323,1.2408173285700013,1.5327512225205988,0.587497251996821,0.0259773277287093,-1.370095064792961,0.7339115660689893,0.9102
-0.1382012699851846,-1.703876659140763,-0.4534846425552515,0.0458686229821286,0.3447207511184637,-2.5035224073171127,-0.2868965550697144,-1.5013754540998032,0.3434250386041212,N/A 
-0.8285792574150417,0.3067834632019171,1.2837225998758903,-0.5280208772896192,0.7131787210695494,-0.9853349005045008,0.3717705295117006,-1.5708914143860466,-0.2149956610328157,-0.4128
-2.19254595579379,1.1243726057450811,0.1513522704565178,-1.4370211309683956,1.881794958937772,1.4728478000484253,-1.444274643193446,0.6120394531814992,-1.0294671499628834,N/A 
0.1659320238908463,0.5617605421641156,1.2316092679095278,1.0063657037803926,0.3511375000509594,-2.52070488135432,-1.6465618844196612,-0.3482638078606017,0.1705451237171081,1.7115
0.8431956024611232,1.114855506958176,0.4158822196494919,0.5416903016185055,-0.7391095808518586,,-0.0176825365573774,2.393397537423929,-0.1454139868089775,-0.9069
0.8429828393265525,0.665551358630278,-1.3397329441055428,1.815986997432948,1.1238458008728316,-1.9796692120835269,0.797741973360946,0.1597420166071371,0.2822279872715403,2.1858
-1.955128459303902,-1.6017179908247994,0.2152675227061561,-1.092343542202054,0.7907726182589074,-1.2436533847962352,0.8558891223129219,-0.80218356795398,-0.6199333963024651,0.0622
0.9870649653641324,0.3308213999029126,0.2330876933893221,0.7038257108420337,1.5157655837995303,1.945389858898661,1.1144019891004886,1.542521248702591,-0.8302488528709098,N/A 
-0.8928574403992804,0.7077292184851868,-0.5302049380543914,,1.9804312594537707,0.6243559073258711,-0.7634672729684645,-0.9313300677965658,0.924837032401935,0.8914
-1.4388076623826371,1.4421599449528697,-0.2462761515751586,1.1027359222901325,-0.7301888490577668,0.9665434647394674,,-1.457496399518071,-1.157137174649752,-1.9855
0.3484577783829755,-0.2511523825219067,0.6061025346001112,-1.763091700378484,-1.3596847384620363,-0.3932229013083343,-1.250507675423297,0.813712771114793,-0.0451189198430076,1.2369
0.4494447401551189,0.3631428208745139,-2.368416272864978,-0.0227985033701368,0.5389434019143196,-0.1553884270923304,,2.3468523194672315,-1.4390758259850132,1.6459
-0.559771592786983,-1.1727506273730317,-0.8366430159744821,1.0708603027489052,0.9639690653773912,-0.5118966039767456,-1.0147763944262282,1.0357868597160202,-0.0277322137621432,-0.8811
0.4338429645550613,-1.422503694458194,1.7816453020362637,-0.2792187535908496,1.322102033343158,0.9595760655161486,-0.984923942212428,0.1680062307827039,0.5673792257424346,0.7689
0.1619112982641818,,0.2235398872378445,1.348596743537673,1.1737475452239097,-1.1486299153447872,1.6743364002603156,-1.229562109780179,,-0.0107
0.7795536618667716,1.6920473394097286,1.9736320080243852,1.5831603752184986,,0.9843586054868756,1.320415934687435,-1.1906500768785724,-0.5426901774116301,0.1540
-0.2787218985789282,-1.525731791486873,-1.3289254273435267,0.5314724296708322,-0.0596560953321276,1.141807205401375,-1.024727508803749,-0.6059079651223975,-0.2680293714569027,-0.8481
0.0896270311206306,1.0256418603383797,-0.1297156307085948,-0.6890940677098805,-0.3342948533815618,-1.4275781211775973,0.0285020914144859,-1.0376513297405816,0.285449546684651,0.0937
1.93796601170038,0.3802660623541138,0.1296905043892612,1.20193758673172,-0.4815012190900224,0.3759421130685355,-0.3966313536702649,-1.6894817925889392,0.0043311887863893,-0.2986
-0.3103296855722606,-0.1982207137222703,-0.9160373207342534,,0.5620859009930319,-0.0751913353726853,-0.9027770389139887,-0.0137644185319414,0.8102138021729134,-1.9422
-0.2157898923305218,-0.7980088176722442,0.4609029016717183,0.6206006630086133,0.319356421091224,-1.0451325375144376,2.467651056434603,,0.3147537788117336,-1.5083
-0.7776148254357659,-0.6024108859165888,,-0.6942824909478574,-0.0875296806412327,-0.2067031068104504,-1.184448904421989,0.5226176533034543,-0.0187782155035222,-0.3477
0.3298511281149527,-1.3732122487421707,2.093364322657865,,0.496737102797792,0.1118016300475387,-0.0911373384389121,0.4741518036009162,-0.3179150682224205,1.5621
-1.5443144308310692,-1.266242739893855,1.2908970387345804,-0.297098507198423,1.6290837142087158,0.0840416168331774,0.6517579021596883,-0.0442028833755885,1.3041295254907843,-0.7963
1.1720873165946668,0.981648655477743,0.689757127902086,-2.477934936593136,-2.3038432662994177,-0.0145421305432104,-0.0155605112379828,1.4148786850983743,0.0479726397808332,-1.0407
-0.5758000852385713,-0.7048485447168709,-1.6792315379695957,1.575695959938333,0.8992691529446416,-0.0174569532200151,-0.7967406581465181,-0.4530746484923881,-0.8159137327178694,-0.8637
0.8097768089006224,-0.0513242553345605,0.9762212571296736,0.0303211905027626,1.3235627414664373,0.4347065808789161,0.5808991195950304,1.711541857313435,-0.0332775621510582,-2.8238
-0.1717104191946611,0.2026874875855388,-0.5893373836390481,-0.4833087946962237,,0.8384886602260526,-0.0147809295444713,-0.1442288801335851,0.7532661111833975,0.5644
0.9028173169793428,0.7174186827350285,-1.1490639739128548,1.95858825021066,,0.2383442352877016,,0.5121961747693364,-0.2480551567854198,1.0373
0.0847670459172299,-0.4033635925273977,1.3579169228036352,-0.4804516336678849,0.3820809713813909,0.2598187867802052,-1.249189860479363,-0.0778679271347263,0.7621909814385303,0.8634
-1.9177095360521763,-0.9484528524997428,-0.0733449655274349,-1.303505999420134,-0.7731566339442502,1.1189441631384258,0.1278989962281619,-0.9856556948097024,0.5582434921852676,-0.2100
-0.2586913424251761,-0.2441585226041122,0.1579623373476741,0.2941049985338972,0.5741855819161626,1.2361524712079517,-0.1516609350038001,1.3748711284142574,,-0.6897
0.3619793861622969,-0.5241845305288814,-0.8983420411624805,1.2210609880940004,-0.5301837712655038,0.4793789710688579,,-0.8337899276590546,0.7441571653503302,-0.7566
-0.0181099857198588,-0.5092403484439639,0.0337552279579377,-1.5999145184149723,0.1488499560669312,0.1761834612640987,0.0470729255271554,-1.4920612160294369,-0.512707108773804,0.8074
-0.6390630993247537,-2.292634096560226,-0.8713766089517974,0.1955535875778569,2.8326548980407136,0.6286148255344934,,,-1.9260624166940472,-1.5897
-1.275448241600588,-2.2116365347465137,-0.4283552258624475,-0.9674376944923392,-0.5108020883381909,-0.4040655787020491,,1.4422359064217505,-0.0320897561217955,2.6846
-0.3733740635438929,-0.3121068517325623,0.8783528044334058,1.4005168232796852,0.0977711242654878,0.7116878459930422,1.4252008375630072,-1.5716229805064972,1.009642149271484,0.8634
2.032558804389024,1.1025331248940615,-0.5359111043234499,-1.2546839168678512,-0.1343193678624697,-0.6324961423370462,-0.2629172799310006,0.5753148456653976,-0.1730258087706793,0.3761
1.9262662905561132,0.6512244502380283,1.395269417915784,0.1712306327493691,-2.704458301528226,2.035376892113721,-0.2838159030511012,-1.1009833909772506,0.10723416134172,-0.8505
-0.2035383682036442,0.8272710400418782,2.0017874514992293,-1.0751238240985734,0.4734588907755848,-0.1174995062757764,0.4914908976629908,1.316288030668803,-0.456548407814878,0.3970
0.1910344536219365,1.1528291291932484,-0.1360041720388361,0.010226562770323,0.1376931453162737,-1.3938720147328711,,1.2107040066677042,-1.2610970572387583,0.3781
0.7651690608582948,0.9571378751340436,0.3870532938658443,0.0084014188803662,0.572222402729745,0.5579636803038471,0.2466232000828233,-0.0868433711395175,,-0.1542
-0.45419913036603,0.3380502157045889,0.9934292690725346,-1.0733552242990192,-0.0280135278803127,-0.2229941356663952,1.970414526971088,0.8147314185697284,-0.1791279947532829,-0.2418
0.9843102733279891,-0.2585260358628931,-2.0744206180300133,,-0.6697678411957675,0.3537522204340854,1.343599566588217,-0.8915297975176356,2.1351124565438333,-1.0758
-0.0280064682018932,0.7662392502044519,0.0163750866757647,0.7527227640385176,-0.0067960597487202,-1.3121302648405342,0.7410839255445214,1.168814173949961,1.315881006182916,-0.7738
1.279590544012846,-1.3981285238270895,0.2411446978782734,3.649853898175216,0.5957819327651823,,0.1020481912675115,0.2391791655970863,0.699074075682224,-0.8967
-1.1975726980985115,,1.6916172151023292,0.990801418475313,,1.8526015915712453,-0.950190684484945,-1.2767800831133247,0.3985921821626934,-0.1736
-2.640400258932267,-1.5148098830842518,0.7940319064995439,-0.633361897707082,1.189242014084686,1.2133984606470165,-1.0275965925294792,0.3307861705816619,-1.179475813747257,-0.0889
0.5440754575656117,-0.825815528578427,-0.0171205220808481,-0.3568442094671195,0.1454434512041064,0.7890256118306226,-1.3192762127659905,-0.3526901967910215,0.6958947198929487,-1.4339
-0.5021958484900356,1.477592719224389,1.2184514737602203,-1.7953882025269043,1.067458366543686,-0.8121978426305141,0.5080662957822447,0.1545661337415535,0.4168782300632072,0.3420
0.3059787832718915,1.2450587463616063,-1.2039815935490965,-2.328938455407972,-0.5613884007926708,-0.2715642701505918,,0.6259765883025223,-1.2617139993128808,-0.7195
0.2755643158188837,0.5570528896236248,-0.6190937155968194,-1.6313886797637345,-0.1937613484201503,0.8499281784379805,-0.317927915124124,-1.090006163328718,-0.1877259043898018,-0.1015
0.6044260619960216,-0.1437172549291168,0.0689703273052406,0.1910483384452264,-0.5565569010704343,0.6639334121194732,-0.5455377976991886,0.4855815745059567,1.1963770184144065,-0.3237
-0.6490440112011421,0.1857582180825581,0.6775476359782234,0.770325044183286,-0.6120088546031556,0.0333280419634201,0.383729793898323,0.9291047897622212,-0.497145162534797,0.5139
0.6656085077494825,,0.3571914186760528,0.7833240289264487,0.3940518919340369,0.5627386849500817,-1.7050138366734362,-0.0137931542547516,1.0058579814199402,1.0000
-1.3705697669674002,1.0798135079945486,0.5587773899503957,-0.588811805459768,0.4654515623745016,0.0711651694955881,1.321167656041232,-0.1271324755231317,-0.2672101991565931,1.3648
0.1460578897412884,1.1137352639589908,-0.8236541009565536,-0.1422517539896467,-0.8182462244765296,-1.6139797117137404,-0.5736828761827856,1.0865665697030826,-0.5541346603192718,-0.2763
0.3805869992895,0.9981437609121496,-1.0517543675867425,,0.0617560775809235,-1.8377419446416867,,0.8927941549787431,2.0487183280492496,-0.4522
0.2515168509897985,-2.0474738639167884,0.5943608340231896,-0.4521611002404996,1.3019553118841551,-0.1429055380431292,,1.2575992911864111,-0.6655041995394172,-1.4861
-0.5095462927553288,0.8444818271790752,-0.1847515234671373,2.0033153720235384,-0.1427455599821678,2.191645781080736,0.2817678147440307,-0.3024344732894155,0.993498576521745,0.3461
0.7649533454609563,-0.1500087807044543,-1.4663180495728456,-1.85800156730782,-0.1216494862086774,-1.1810990904280223,-1.5441477336716125,0.8744177279518394,-1.0969959753119265,0.0236
0.7528404344584129,-0.2539350890521346,2.318968732627335,0.4703342651770404,0.3248944225079027,0.9874993994355832,0.8206034570123502,-0.3642293380266935,-1.3559325951974883,-1.7937
0.3264764896479998,-0.3802269029825937,,-0.6489767180650698,1.4131344521609943,-0.0087302320206173,-0.770400027890244,1.3221519972096154,1.0974241365916988,-0.3345
0.1976685060898502,1.841836358726014,-1.840565931652648,0.0259831026752085,-1.7013912733670475,,-0.5792896382557892,1.3651456242813396,0.7408504393411385,N/A 
-0.5637784531158578,0.8147794055847714,0.3431687958298776,1.022046807375199,0.5195425921646589,-0.2979832740190851,0.5686028805291381,-1.93029642889493,-1.1644843754894798,2.2126
-1.13292994429767,-0.0814544997053842,0.5847724804478478,-1.4520807280129149,-0.7953581154215831,0.0529782613160984,,0.0539619337365026,0.8141858712820051,1.1164
-0.3509699377661809,-1.3106717364892642,-1.891576032608264,,-0.6659435675271922,0.0637277011805855,0.2972631681225188,-1.9457316593512803,1.3105115724928098,0.4136
0.6479853404349062,0.6801366633366294,1.0819273035332448,-0.6336354243042992,1.2128610571382088,-0.7155194188028122,0.6689561206898816,0.1978133278006647,-1.4843950235027978,1.4477
0.7177357750074919,0.5853077106540043,-0.3051962985106743,-0.1570370851557525,0.1653606510012039,0.2807833371119432,0.4722802963086651,-0.600211172743366,-0.1293424037557428,-0.4767
1.196999347343939,0.3724029332285158,-0.5699774870537031,1.0756174251013164,1.343325308063163,,-1.084593215031188,-1.534076435022692,-0.0719834448304117,-0.8155
-0.0745050069369457,-0.8605865068197305,0.3991206178196235,-1.3761027623516415,0.0348919258389575,-0.8597844500843286,1.063993245938219,-0.0691252760121495,-2.6259339411224465,-0.5500
1.7233728938165789,-0.4699431776125597,0.9956743967519645,-0.2703630033497404,0.1260548793424339,0.1236715024013867,1.277407258329308,-0.8975815311273926,0.5768198397675005,-0.5954
1.0388176731242154,0.1900686519006476,-0.3589998406219913,-0.7409093224937581,0.361799173554855,-0.8099897892840144,,0.8239157539060874,-0.3789639461193643,2.1886
-0.2357580532403646,-0.9279421780416812,-1.5598129654145396,-0.0380378360714462,-1.0746254960260089,-1.905184938324367,0.4073733328826804,1.034699221608875,0.2926893212953157,-0.3656
0.4765000726180555,1.1487119167683777,0.4103038573608502,-0.2526216636478839,-0.3934848887362148,0.3002761758734443,1.5525905441621413,-0.7887264803105746,0.1153806617107877,N/A 
0.1851504931919304,0.7585796517807681,-0.5783985979440384,-1.17940547965055,-0.3871514958271614,0.7959715513335638,0.0416838586432838,0.8685808707649756,1.171224083680514,1.1882
-1.59575764245982,,-2.50131100558454,-0.6128216974947833,0.604657248106786,-0.5727289237726313,1.5415333794982449,2.456307823413863,0.4764239809098436,1.1083
0.7065586539826834,-0.9273620980546936,0.0522664994129642,0.3922250864293787,,0.501636536039955,-0.0501406355566946,0.0770376104453421,-1.770339306938078,N/A 
-0.6049803353522746,-0.9755026892634366,-0.4053053287921798,-1.285653034924483,-0.0076926950539475,-1.1143836953384358,0.0575969854038912,-0.4109154479064477,0.3670226242222408,-1.2391
0.0006670153461454,0.370485965982654,0.773449144186477,-0.0681898166706304,0.6262090493516014,0.598298084198744,1.5119995941065174,-0.5883483742516787,0.816144246744233,-0.1634
-1.3041068639099065,0.6309226082508358,1.0414790292952958,1.3477664816752497,0.4586783185716096,1.4229262951691115,0.0879899667286456,-0.2892508961675178,-0.4679477066348336,-0.6333
-0.3201515270102087,0.5915191671922791,-1.9740079860487587,0.7396390848988676,-0.8270503244949221,0.3828556310818383,0.2038761313533219,-1.328797129260376,-1.1656938133123669,0.0678
-1.762338484973888,-0.1342122350313685,2.502265788359935,-0.238101788406806,-0.8820666737571934,0.6592914377539845,0.3575985464469657,-0.0298059148783281,0.8744177568407907,-0.8909
1.5061732935515288,-0.6915505058547503,-1.9093919303088396,-1.59302931974942,-1.3206603268382673,-1.0526827948986506,0.3468506128005012,0.9724586702552468,1.3436102409857096,0.0920
3.174221489942853,-0.2336132352853553,,0.2283008161081598,0.1980383561881688,1.797441214141179,0.218647831558491,0.3746519848990046,-0.1164828263139401,1.6427
-0.0294741379090436,0.1908865535236613,2.534480646860536,0.516234943757915,-0.51913761819737,0.5719052367094397,1.1131957627334226,-0.5355034479168241,-1.3540233651899565,-1.4616
1.1114635035939215,-0.4734304000564861,0.2839252814149596,-0.8061553961879349,0.5831331712095587,0.4075031856332689,-1.1805517367228069,-0.4668624938235487,1.207144614809165,-1.4549
-0.7018919937277589,-1.236336412674229,-1.1537869206932485,-1.3427948740971547,-0.6196596658976687,-1.295755631283954,2.0505083219028206,-2.368022048269042,0.1493711296011988,-0.4407
0.3057939306690129,-0.169157180931116,,-0.3619089105589759,-1.0401786359717775,1.4809189566194827,-0.985286024982006,2.07640398742415,0.7605579522944637,-0.1520
-0.4115185515545063,-0.7987234563396918,0.9277786676065592,-0.2031807821532273,-0.0571103969404456,-0.5886564565526452,-0.0344138428689722,0.7340692122668954,1.0673967335758054,-1.2492
-0.5196234302674388,-0.9101240891903654,0.2398105488020661,-0.0048484220925311,-0.6834346381025983,0.1877591585531253,,-1.2947101628522943,1.970913291052981,1.1711
-2.0689379526493656,-1.5692485195857553,-0.2223764197490729,0.928581273084156,0.2974551498510955,-1.2893999355238406,0.6467969792321943,-0.3995014045378921,0.3328343352656767,-0.8601
0.5523796865560435,-1.0625549057038326,-0.2310792342200408,-1.431118812860949,,-0.276982740853587,1.738855555433081,-1.0096794031418173,-1.251805782570352,0.4154
-0.3082804542200445,-0.0249337902210776,-1.3534023473171937,0.4011385950790833,0.5714598664147519,-1.2247806458867223,-0.5621227668958304,-0.2705997353924139,0.4042289112706052,-0.1674
-0.0834946645614077,-1.1909081018467405,-0.0805461501979876,0.6273601950771206,-2.4664922892621286,1.0649404814883054,0.6439750682425163,-1.1851126125190483,-1.7653633566264575,-1.0876
1.6727901335281434,-0.2111619214905357,2.4459643488028435,,0.4179705904450265,-0.7269090070297686,0.0054660671883618,1.6012354849039834,0.3308417879652697,0.2089
-0.6933453295517915,1.3674817814964375,0.1351040199667765,-0.4197182511732559,0.7933391564949527,-0.2900314251283254,0.5571703237539329,-0.0419264639145231,-1.4031746629632462,-1.1551
-1.8254232917900757,-0.8544886568688291,1.1177183487668692,-1.6619091932524332,-0.4629756805656286,-0.9852190078800128,1.287742679007542,-0.2150884240703525,-0.3921375043436495,N/A 
0.4388632733738228,0.234383062267733,1.1168498123417918,0.4422253196593779,-1.6617151443859788,1.840297963961384,-0.7117256940608506,-0.6204563768467596,0.6615901113593416,0.5839
-0.5111374432925176,0.4023558461437478,0.7213123361538479,0.8278408186371817,-0.8421013090022488,,0.4325541948471245,-0.4959188302852615,-1.2466476456823408,0.6486
-0.028765953850575,0.9789681991742494,-1.4379755250374098,0.0465732802334725,1.3524615996278062,-0.063922865110873,1.539096891453287,2.258954139113999,1.3674561854334188,-0.6795
1.275408408740659,1.2419915227356697,-0.1394870433418628,1.1730036640259045,-0.4673411858399615,-0.4548343685771472,1.5616159796153148,-0.4481368970338573,-0.1712467081591438,0.3283
-0.1352615653291858,,-0.040962096595416,,0.4389958745401031,-1.738226857070273,-1.2145025782986136,-1.1177692448943717,-0.9205748292847268,-0.2498
-0.6171536266810562,0.4065481534060277,-2.063669685893481,1.4256216102052888,-0.3270661857042695,,0.0691701344116607,-1.3376579318762143,-1.4323912943855788,-0.2486
-0.6903547977445567,-0.2184770729145406,2.034333113473344,0.3304698503323906,0.7546772107266281,0.2732872187643678,-0.0591563006880152,-0.96082911995376,-1.100860478284004,-0.0238
-0.1782033056202173,1.1915906826694138,1.843532631019483,0.3358898684418407,-1.0585540718932769,,,-0.5739531117234392,0.7272191741528575,-0.0430
-0.2770703921267532,-1.115659150902075,0.6868484059889677,-1.1460958263381045,-0.7492472352932611,-0.9509489872955936,-0.0410125049029232,1.990005512437931,-0.8936399525726193,N/A 
0.6800938644103195,-1.2893859516458104,0.7744353991999151,0.5142934941352927,-0.11388739168817,-2.8636187075027726,-0.7926352782785909,0.0032739740443851,-0.6337618512600047,0.8792
-0.9547658931403034,0.7871281149778054,1.2505341575355275,0.4362041525013729,0.376758402661096,0.5624355693172165,,0.4125660037882708,0.3875625043675894,1.7008
0.0212108984553935,0.8865133088632308,1.1504021822015786,1.5757418425686625,1.459723128904295,-0.4218898163186048,-0.2543275658439968,-0.7691024265491291,-0.2030003893438651,-0.2799
-0.8937131719724237,1.978195408505792,0.9994919113903036,-1.5033647507308616,0.3145814715440582,-0.6474720761606974,-0.0868487887481756,-0.0594596538857159,-1.163431049331528,-0.5338
0.2505383585436467,-1.4937272462690117,-0.0160455832937127,0.4765877850738036,1.0781266081336474,,-0.0754026193154038,-1.0673399296004715,0.1219854717821062,-0.4755
1.0432541865602425,-2.4763847028428367,1.4216486269138546,1.4297376321861517,1.165742579515641,0.8234422911104442,0.1161044716919432,0.1786021154702658,-0.351974745112924,0.4158
1.7670835059796577,0.8368726419285637,-0.3142268386948755,-0.0319645734291831,0.0592879723890947,0.2189754532247407,0.9259306333986694,0.805122048081884,0.4346779231439718,0.2847
,0.5094299915358171,-1.1324141759076058,1.2164785994456508,-1.1957229148999955,-1.742369223866706,0.1104809460369333,0.7062811728318684,2.0460699066561525,1.4665
0.181708264412759,-0.3466132118498998,1.199027214819418,-0.2189458975585941,0.2886178140163836,-1.0618656708004766,0.8825776874166589,-0.02497886635308,-0.5826825734685548,0.4262
-0.1741168033134388,-0.534806995800319,-0.2629479124572242,-1.3129561061671178,0.7156363393598382,0.0547774019357177,1.511953849904042,0.3538908780533845,-0.5872628258124307,0.7549
-0.9744813778099642,-2.197209672537298,0.6132473439918664,0.5147692539377754,0.9917935935068428,-0.1046738550590151,-0.3832047647136761,0.952443642449179,-1.512323600346844,-0.1617
0.431131789050052,0.1503692513400592,-0.5845140031115615,-0.7093534705786806,1.7837777723199566,-3.0580213239078877,0.5027125241503839,0.3256642903417591,0.6875700416075272,0.4836
-1.0033502943092334,-0.2366857621947346,-1.2257281786674543,-0.3017248685201519,-0.8020199282299786,-0.0705976594789949,-0.7421772175552835,-1.3150972587781735,-0.7926431810345559,-0.8059
0.0577883430873794,-0.4109851935960745,-1.7777076791483697,1.4881456292929225,0.5761563788740535,-0.8538043718392893,1.1921232631510057,0.5026547331519409,0.6769360539889366,1.1755
0.5965766583877554,2.6895854754269424,-0.4672571679435176,-0.8488841729577492,-0.840052449838946,-0.8533770843453717,,-1.9190912540175615,1.17441138822323,0.7889
-0.7544002190421587,0.1722240960557769,0.6525034767142126,1.6803116769245834,0.1952250986586675,-0.6964872620518151,-0.9774037322374785,-0.68100719379137,0.6695892381637448,1.2607
-1.0246381865547705,0.1440001385970339,0.7328070917961388,-0.9059153146923647,0.3935748460252385,0.8681446772754556,-2.721680122035279,0.5675839983456806,-0.6751472152186558,-0.7714
-0.3051944198431575,0.7970602623676971,-0.6521145519627882,-0.8358594472783688,0.4623357840760878,0.7151841883488304,,-0.2230632390920158,-0.4850354335167566,-0.7390
-1.314123653289214,-1.5611077294477351,0.3954535857850453,-0.4026152642418363,-0.9907814701863278,0.6342137731841795,0.8057314691076132,1.426032060773364,-1.74727916097025,0.3550
1.2145826134244828,0.3575338438201481,-0.5627049708728418,,-0.2659184561015862,-0.9545399723392972,0.8726087697842502,-0.1603776271207046,-0.7405261685777447,0.1671
1.5478018280560928,,-1.8837855487667208,0.7546480194317856,-0.3865776275724524,1.4507794659744004,0.8318481063861451,-1.0850913441317154,2.547375948110617,0.9229
-1.7435616727160588,-0.9235999676177392,-1.51367365664598,-1.4544247507819292,0.8894182549555625,1.9507049798393008,-0.376101453744143,0.8265715127582587,-0.2409767724343649,-0.7444
-0.3768661892714892,1.1126335018014446,-1.3307321466473527,-0.9929856304441684,0.2261188278053186,-0.4189322752564631,0.4101125115639222,0.9018017481587624,-0.1551126770496093,-2.3078
2.0992810967285256,0.2442442454509245,-0.3148896761648443,,-0.4194878437430403,1.0107433987424157,-0.064266709712978,0.4554241132166725,-0.9702129970994304,-0.9615
-1.0476577251394918,-1.024428561440998,0.931282948910074,0.8781558699337791,-0.2012358709969053,-0.9846176248375308,-1.167240097094805,-0.0738559604041051,-0.0324311461222107,-1.0975
-0.4393646984676933,0.6827245489301242,0.317348857238596,-0.8389632628697917,-0.2975657737339006,-0.2103865887193179,-0.5154555953529545,-0.3970111374261851,,0.2108
-1.3850783558186486,-0.5449477809177835,-0.4221390505891864,-2.104860246724717,1.1759237824614226,0.9830202920906524,0.1487105036508362,-1.629239440167865,,-1.8544
0.428545291651658,0.3878643919203436,-0.7313967366298718,-0.812661517794435,-1.4462274382081737,0.9322497599743952,0.8027178448242243,-0.0534550317269509,0.1821362339104846,-0.6360
0.5348078430319909,-1.3045951503588649,0.0875836435913796,0.6181941154000692,0.8633633971738374,-1.058532107924654,1.4630846453659236,1.2754488625395295,-0.6881461992582167,-0.6027
-0.0334517847366083,-0.7274069814897364,0.6674361225955993,-0.4874544315439469,3.001599063650874,-1.3349265629468374,0.8609133380050007,-1.867236893278716,0.5973280940954965,-2.3883
,-0.5776045231008088,0.3462873649998154,-0.6352825439106135,-0.7399333817328994,0.1950973580269611,1.9587923060163568,-0.7545023189036996,-0.5165152015510647,-0.4419
0.7139873209110632,-0.6112062687623929,-1.3662868274850613,0.812739845049339,-0.1379942931368673,0.4448700486570247,0.0972547850437215,-0.1836846442702079,0.2921613951030676,N/A 
0.3714661876880999,0.927333953399922,,-0.9662995657798962,-1.842398918693596,0.2193540974373361,0.1695295438101915,-0.1108304416760788,0.7842156959844191,0.0736
0.6371862477981383,1.2064864104237625,-0.867028436448365,0.3935906979529224,-0.0173862483878412,0.0382939578325748,1.6124237952210014,-0.6520414787943617,0.0591157967725688,-0.7500
-0.0011508398148977,-1.1503863597981911,-1.0584056879113426,-0.7533478958059234,-0.040373398022029,1.4337706995424977,-0.3625197043091112,0.4813361859143108,0.0837470089297113,-0.4592
-1.8939413800788183,0.5615174776087124,0.4006113587687093,-0.0830605485453733,-1.696776655692631,-1.4689283472536443,0.2113620675760303,1.4337304858279192,-0.3347369549462412,-2.1144
0.9109323884169644,0.8335146881745844,-0.6386924820384373,0.9462986642438012,0.2318222324713116,0.224227439535957,0.0849828718451039,-0.8954752359102185,-1.4405723014762228,0.1322
-2.3953573264963937,,0.9197287445337716,-0.3986566195162476,-1.9683493511446624,0.3892109167791605,0.0925812241662945,-0.7644281090558668,0.2612031709617319,2.1026
0.8968248441890768,-0.629309152399382,-0.5072423080370967,-0.2868340614064013,-0.3256347099641897,,-0.4971004497279106,0.9437059594640016,-0.785613164308271,-0.2965
0.0087633370599769,0.986653597922588,-1.4490954499009672,1.544547317856675,-0.3263428929794232,0.6409396553504588,-1.972952921603884,-0.1105039889019409,-0.3798791683596928,0.8364
-0.257237234077195,0.1102349064359653,-0.4783438192695705,,-0.4912903389690188,0.9171111049034903,1.9092482475934525,,-0.3875388308677316,-0.6085
1.8043511344614915,0.8699235980450455,-0.9807976432629162,0.1333725340243734,0.0706429474421158,-2.254331466067438,-0.9791717019673536,0.5312325570135643,1.4726611596913104,-0.3674
-0.9688647863365064,2.3875511116726584,0.8071675082158349,-0.6911887537551579,-0.8691565746832016,-0.2433233390822332,0.3642257882900492,0.4055551064034607,0.1235711242606074,0.5397
-0.0800641166345368,0.5719577068917755,-1.5963538114812208,,-0.3423634551962286,0.8399100236475794,2.643189843309708,0.1562210434002121,-0.2057181377270549,1.1051
0.1787565955153283,-0.6482114354498663,-1.4160321506939602,0.725846470146764,-0.8810960996510485,0.4502133040090819,0.01481640670413,-0.1845836380446079,-1.2657818903181313,-2.4610
-0.5235186650728516,1.896957580057488,-0.7826489644869097,,0.5550882208501553,-2.161266988452525,1.0393946432283996,-0.2161574769596536,-1.4721680394182244,0.4021
-1.0573659381029852,1.2094331931698077,-0.3780175186851533,-0.338209956863878,-0.2471020801179733,0.4989892962819966,1.3662993334694655,0.5715196230525023,0.4676470899214018,0.0916
0.9805246710574655,0.8447729875760845,1.1140472839739903,0.8678781922588478,-0.5500047951398905,1.2418839109279076,0.3663048609074464,-0.9815642280005126,-2.227887727071069,0.4152
1.4877455331947238,,-0.9631655971139744,0.0460690864604892,-0.3448351798391501,-0.1415224467442033,-0.153101174710087,-0.7764030886953254,-0.6560005245469894,-0.1854
-0.3563468018564438,-0.1485005849619248,-1.1295673157807375,1.1585871586754053,0.561066122937769,-0.16326525006908,0.5726533503314982,-0.3727029182520723,0.1659058036207469,-0.2079
-1.0017503047746417,-0.4509360534076159,1.3092863110875823,-2.2513357793247537,-0.0886740906599163,,0.9337965807797484,-0.3335428547354277,0.3982252837238767,-2.3065
1.127679650662256,-2.2171892671744184,-1.4925942252520872,0.8285775300427931,0.2029800218966059,0.6522759996786439,,1.2641225681797998,-0.6696139348595984,2.8241
0.6696219432888204,0.8626833817973014,-0.1605660620121114,-0.602873451710351,0.2432026907503038,0.3391160825126147,-0.0248902004234731,-1.642975769942476,,0.5161
0.8681524873909087,-1.1934129248858971,-0.7022258243935618,0.0145199032304334,-0.2853882990907525,0.5604353208303883,0.3707428537702819,-1.1264478067096533,-0.3332285505974759,-0.2529
2.1915174892956357,0.6058437073339306,1.8207133783037608,,-0.1947121758948391,0.0886301464397851,0.2055621758489748,-0.552701828572762,0.3410122962691368,1.0273
-1.151133105592444,1.035234262164839,-0.3723951393443862,-0.9860953142154114,0.546155025472913,0.6706065958741222,1.1270366198896913,0.8774020509436983,-0.6096668190756975,-0.0507
0.8757561826296568,-0.1071296669779322,2.1661189969018277,,0.7991571250318882,-1.4709131576981966,-1.1139928853620762,0.4512479751637706,-0.1489387532643472,-0.5719
-1.9637572869051745,1.1559283424667324,0.0176479920378617,1.6762043235304809,-0.0106994831172302,-0.28809720989114,0.6468535309353396,-0.0457188066349947,0.054630331623505,N/A 
-0.6711301946429923,-0.0385378387267818,-0.4877952772972114,0.2424802085513396,-0.5840405600942005,,-0.4141748633098685,1.6756197324665163,,-0.2087
-1.1324640456460948,0.0297320465693661,-1.465265411073826,0.0550654926273934,-0.2457554804266374,-0.2548996644690491,-1.32075627097479,2.010162675413822,0.0937080803318634,-0.1219
-0.7129003398126946,-2.0717119986467623,-1.4911777859224684,-0.3781339899894779,-1.4400827502689904,1.8700511537841653,-0.562111348951414,-0.2992390073927621,-0.7017829303443339,0.6568
-0.3055204005065547,,-1.1640834505252216,-0.1192526711050798,0.1777031120580849,0.6739217470773686,-0.3301518782868153,-0.1104990087663868,1.0815711474951268,-1.1455
1.852408652949905,-0.1263324679017796,1.7805362222693006,1.2302795397000468,-0.3993810499527849,-1.4459025305978284,1.420703208805902,-1.1393155857897277,1.2373837573531727,0.4778
0.0675674274106706,1.6932963963000458,0.9358431017119232,,-1.0955965080735748,-0.3603729134668357,-0.9085638521410748,-0.3229349642235909,-0.0878040256222059,-1.3400
-0.1364204532279342,0.0371260134439674,0.4305077506291371,0.384800790371895,0.5102889696418031,-1.6980487404707305,0.9401969778591928,0.6718502064457005,,0.6404
-0.4555954513627994,0.4237916455415509,0.349145081254192,-0.5683159564807954,-1.1567755549400007,0.7613981272340051,-1.856393821934432,-0.7920012102584056,0.979418141155389,1.3813
-0.5959032793372097,0.5384897636832157,0.2329665288477654,-0.0460605223181854,-0.9159776858409276,0.1986311631654203,0.0959114393266432,-0.0712922987224632,1.0546983273982071,-0.0136
1.966489239633756,0.7112191997804118,-1.057374990997338,-1.239067433667589,-0.9996673168773828,-0.7276073091250224,,0.8060948975398223,-0.1565703662492796,0.4698
-0.42525793551161,,1.8758050141817024,0.6019760710552889,0.8014910401496524,0.1116175709101964,-0.2360725227428053,-0.2940000459688186,2.7609549767792734,-1.1961
-1.7572383007954888,-0.9311485255165962,-1.465678708851354,0.682295681461416,-0.9694415084493482,0.8551160713165569,-1.7277322895329277,-2.308350503000536,0.8550395765942032,0.6561
-0.1682183575210145,,2.104891478434721,1.140818709416606,0.3818444445933237,0.642624822706285,-1.2009706614966815,0.2075549188005257,-1.025913639368775,-1.1709
-0.0972952017814412,2.6610941767505647,0.4310104550783642,1.3745685499693918,0.1640964867489151,0.5758165615042798,0.4947235648433204,-0.2615701669326253,-0.5861975850387583,-1.3803
,1.330392313622443,-0.0291266690641446,,2.1897570591307685,0.4144445792168475,-1.2745097458168466,-0.2795340215151602,-0.2319490379479465,0.3462
-0.5662004401201319,1.707461741026492,-0.5232113808409204,0.7733971454084306,-0.3834811172537783,-0.4964390379970588,-1.4655938835903737,0.7029055255473213,-0.6971639701217698,0.3690
-1.454915595079473,0.8556674373246058,-0.5457630410318958,-0.4526309482808462,-2.3709551395413184,-1.4798432744342995,-0.4453548959886967,0.0735548089728684,2.084199279074028,1.5488
-0.0468834884310038,-0.5100290536667712,1.653813255684479,-0.9259900777004648,-0.1863996474256823,0.0498843254050883,1.6592653812841665,-0.0872330148184987,0.4472972473518967,0.6762
-0.4365036986229504,-0.908937739406728,1.5819357785334998,-0.9042052186586612,0.8973730619504816,,,-0.0746012799754454,0.959061451444412,0.5853
0.1399428778826895,0.5992581843689972,0.336164725685154,-0.4705434270768588,1.683117431233064,-1.7691342530347425,-0.0649856146155944,0.6666709633749309,-0.3120892911780219,N/A 
-0.8133308100095179,-0.0824391380602513,1.099709930845152,0.7745719055599088,1.5639351499406853,-1.2686382244827807,1.2650071169479973,-0.367171124698122,-0.953712604666781,1.3265
-1.8465191812507515,-1.724839522135384,-0.3202454286254578,,-1.5111555362192406,-0.0333025974377145,-0.4648178812460515,0.7419084544223237,-0.2694533512918182,-0.0307
0.3149136311292639,0.6765219502426354,-1.2346176092066332,1.0831657421878416,0.5911881339177952,0.9279331248983614,-0.3736936194815283,2.312364738951273,0.6734527243837619,-0.4246
-0.4963382152007188,-0.8035836236508317,0.1387745289173065,-0.1835166794913287,,0.5902572364169354,-0.2751678323356551,-0.0081844423037118,-1.0224579886321965,-1.0225
,1.5841620651624382,1.1060996538500134,-0.429242419517049,0.9858818549390496,0.2601431616619029,1.8412104446308009,-0.4857057025172988,1.733133411647353,-0.4960
0.3668485564727545,0.902365057308252,0.0933344720589982,0.3110125014651488,-0.1835307761448123,-0.91974607252204,0.3344079558855792,-1.2544954589307613,-1.3953799175515365,N/A 
-0.4613630467069121,1.188303200155164,0.1383138168051179,0.1408928973202611,-0.7840360805834017,-0.0554786752122506,-0.9761982148439764,-0.7498218099754113,-1.3156116213985356,1.2141
-0.2334780051102468,0.0997710973962855,-0.0552662445210812,,-1.0560714398279405,0.0746891640168773,0.2279099139582888,0.810720349358756,0.1005942754042772,0.9396
0.9020021464305892,2.102412187212069,0.2189244993155819,0.3870810985515477,1.273443178369876,0.6459306588556267,0.2033393922495446,-1.063943987548127,0.868099460975469,-1.5698
0.5529821454992356,-0.922188401648756,-0.9775480295140742,-0.4032735420012129,-0.704872411289518,0.6935688758833193,0.2003437319021592,0.3867899421971221,-1.079888194862573,0.4532
0.4569890640831936,0.2900881727034448,-1.367364700175702,0.1266066085628071,-0.1431781376358777,0.6542957734230566,0.5096656013939161,0.0066852490662139,1.3517929155963164,-0.7814
0.5637532473975431,1.002384601024228,-0.1066268534816978,-0.4862870436921246,1.2627204562491627,0.1726350920358504,1.5483664537000306,-1.3597684507178616,-1.0964249788356366,-0.7169
1.3350353983586625,-0.8797027775459919,-1.1187173199842515,1.6849125568010144,-0.9578647592284032,0.8775817297777015,2.050045912842518,-1.828233776731549,-0.1122504785565786,0.9369
-0.1361413261475033,2.217740032236774,-0.1181409584616604,-0.0364814630301692,-0.5484580184095592,0.4989031959798775,-0.3451532495571179,1.351959704272763,,-1.0013
-1.0137848627140853,0.1759445598997386,-0.0072910035214248,-2.030027212801485,0.0943248811453313,0.7604610272310679,0.1474947429366972,0.4216376263407901,0.314543408678767,2.8513
1.752204051447514,0.0025600663054736,-1.8026390037121232,-1.1745612189277006,0.473128581356111,0.3859363469998321,,-0.3857473606188698,1.6506864910825196,0.0217
0.0497363387163097,0.3988366303038552,1.339240214072326,0.919310875070657,-0.2130583007082233,,-1.1383036654830307,-0.8185781069113214,-0.7374982160657227,0.1828
1.0080594079723104,-0.406204910730974,-1.1236517669976749,-1.3875366163441925,0.5748994631253985,0.1506665662588978,,-1.6597645996619972,,0.6726
-0.1333680198519513,-1.26087128617799,-0.3471865393100513,0.4553413024533889,-0.7759009031078506,-0.7778950675405983,0.4018928737806801,-1.061616536707453,-0.3771511306767946,0.7972
-1.0069398583980216,-0.1601690832074451,-0.7548876898522393,-0.2898420728856957,0.2398059908873869,0.5282307354937976,-0.1186525114199572,-0.8199695760674126,-1.0196167327344847,-0.1191
0.1959463355903159,0.5017551851406175,-1.055159765528586,0.3035156504438292,0.8592990500058333,-1.197621532998151,0.3324170567111542,-0.6442705037227641,0.0470815409137217,2.1992
-0.2076596038035453,1.184554791074167,0.0587553802240107,-0.6815574789934213,0.1710135439552683,1.377823460557836,0.9047739212578174,1.1635857952918702,0.3692160112967567,0.7623
-0.0115652870572482,-0.2031230517296312,0.2536543236561054,0.0839057666430657,0.4341289486888764,-0.4556266945564715,-1.7550656620564191,-2.610455649120707,-1.3783090201418962,-1.5528
-0.2173629297640118,-0.691043972643807,-1.5718671761813292,1.7020513536413522,0.3383401282895045,0.4583071638930578,0.8391089146731804,0.2271690900300618,,0.7154
-1.0933318192365495,0.8752300133334424,0.3086158641870079,-0.211539363778755,-0.1310975611937384,,-0.3441298209302059,0.4177802945465,-0.6271484321247784,-0.2478
-0.4470634807760911,-0.1850596151820429,-1.3895619461987632,-1.3417477422381727,-0.8350264917961131,-1.4771829120031512,0.7606956429968793,0.7366195146435732,-0.3472282741267048,1.4460
-1.6683038773843628,0.1733006617433856,2.144284167629715,-0.5453362441569298,-0.8717204000613165,0.9727961305607752,-1.0256835889817872,-0.8716426355311574,0.2434295063888646,1.4836
-0.6210343802761827,,0.109807866637581,0.9698749086809688,0.3275966583681861,-0.9074620958177134,,2.254950004803877,1.0155367717956103,0.7476
0.2155973213740361,0.9311725271507496,0.0998187857161029,-1.0054959769058518,0.3641390841821783,0.293564389757327,-0.35498479201188,-0.6787633875084427,1.2326560028226576,0.8552
-0.6161333909496417,-0.7501097698559057,0.4850420286349889,0.7483067267180321,0.8011326338387056,-0.5859597449076833,-0.1283656589136591,-1.293528786476498,-1.1810080376029657,1.2820
1.0818724228555583,-0.2139552602206605,-1.2634424557930284,,0.1284615002336024,-0.4956220270528019,-0.694749686594975,1.1747942396960442,-0.1753479179479711,N/A 
-0.8509446089018208,-0.6002802767580242,-0.5065314197484425,0.9420106330780332,1.304971891721325,-1.0249155447281677,1.4393951389756596,-1.7277601620634118,-0.1443727207411868,-1.3884
-0.223397635439997,0.004384022069807,-0.8039814708636362,-0.5169460603670717,-0.3067448181124458,1.1109082184111203,,-1.038375887161919,0.1551745107253376,-2.1442
-0.678098411294664,1.0077011713897153,-0.3704348142791736,,-1.5552252111311238,-0.0642341963103324,0.1746564843707866,-0.8817869229600138,-2.045046847244919,0.0706
1.803771144425216,-1.0327451981798703,0.895073979650792,0.2398187475557455,0.5823502682238294,2.621183189351588,1.952739642429581,,0.5614107697576322,N/A 
-0.0039025495169669,0.9205955167186172,1.3484052453287558,,-0.1481474275159779,-0.9692105395962434,,0.2086309592409588,0.8351416843868965,0.2299
0.4907168547482853,0.8097461663725598,1.1352742279132235,-0.3732993715577489,-0.2623330310298134,1.5621653716739767,0.3748104838823321,-1.3356363473349318,-1.931121129719748,0.0669
0.032390579702633,-0.229590358318641,-0.2474843280890365,,0.4989255196335014,-0.0402360585044242,-1.1655973853551689,1.1396433815763791,-0.907469601701586,0.0420
0.1213763012198103,-0.7036917269325786,-0.6382952197337397,-1.3290499551062984,0.6697457172353667,1.2515633333791882,-0.631288841655266,-0.7628990365185121,-1.4335477377566157,0.7287
-1.4422988826146192,1.163723700168369,0.5405407131012635,-1.6984014911619134,-2.0177186526744166,1.6740755455912115,-0.2575336248014661,-1.6088503628381168,-1.006568561796009,0.7305
-0.4470496995675625,-0.3276002055895934,-0.9689741295347196,1.032405149656126,-0.4268623567134686,0.8971492135417738,-1.700042822514354,0.8321053053301234,0.1285008809862715,-0.3175
1.817235836564095,1.4767823218339062,-1.026631790277286,-0.6787436427636696,0.0786690049226112,-1.0170985201535707,1.0579293037927635,-0.053853493763975,-0.4050692035004538,-1.4893
-1.2120172652401495,0.9305296012317928,1.3268480765987536,-0.5910374073946633,0.6750757005794473,0.0836034961577202,-0.028843223960276,-1.2249654766211933,0.1538365737890192,0.9826
-0.2673750228268999,0.0083189116699817,0.7990273782082189,,-0.0315263404209736,-0.7086279642253871,0.3593800883492812,-0.154578323606584,-0.9326094061676844,0.2435
-0.3341069678213763,0.7962731302645433,0.6362556382942757,0.8082524869083478,0.4047405920140597,0.8930453021726632,-0.819374708295973,1.4924302643352194,1.7416219064045677,1.8830
0.2706736080349376,-0.3525839707932003,-0.4900667352807373,-0.0379730740217056,0.6373036188983374,1.602598203096138,0.0262571761516514,0.5742217935941418,-0.7097740974046388,-1.5883
0.0311899154630771,,1.044438352093067,0.3596147003060768,-0.524193504534726,0.8870148348279945,0.6862398659069734,-1.042121694072513,-0.924818251023194,0.1527
0.4439766622059221,0.0178814819358869,-0.8495135230101755,0.2339934890668309,1.8148445839431973,1.011523756523564,-0.8612926302392032,-1.814620152772032,1.611384757571092,-0.6146
-0.1415238039028275,0.5317673123338706,0.5740779091239202,0.7707212725538843,-1.7759890288500984,-0.1480404798167561,-0.3337530750937806,0.2935595929542141,0.0336542397825071,0.9306
-0.4707505034152294,-0.828113745817901,0.625133873055819,-1.6770503619995774,-1.150177274631962,-1.7971168290918915,0.4627688631827905,0.105622978894073,1.0651104225621584,-0.3044
0.0434775830358096,-0.3236512119706336,0.9797436907882012,-2.40918630120738,-1.1914613637675138,0.4480351783176204,,-0.5281391110389799,-0.420451997515447,0.0890
-0.6045492724692615,0.6016917884111463,,1.068720032970027,0.5156502927871571,0.1674938343499231,0.1555883660099934,-0.0953160241327287,,-1.4298
0.7331453788528577,1.5885063920871194,-1.084229617806744,,0.7969671644854338,-0.7036811425643024,-1.6392281844914245,1.0364375304353504,-1.1415489067900335,-0.1452
-0.6360785175742835,-1.4739078795901572,-1.523097594944244,-0.8054212525603553,-2.584001432535936,-1.801124345857951,,0.0002658683542675,1.2326839131570666,-0.8563
-0.8958559425612213,1.019857024723519,-0.5939316457271875,0.0405556243329016,-0.1392956167201851,0.9480091502331736,1.0450878405029207,0.6815092444514191,-0.4811646761231369,-0.1486
2.100745304378268,0.1668911584431032,-0.3075713874086888,1.94328728446162,0.3392280195986841,-0.460102705939036,-0.2976745354778717,-1.4590393540397266,-1.1387994694469648,0.6267
0.528676518003445,-0.8644074875788094,0.4010796054503633,-1.4297039741767752,-1.0737233586363408,-0.8909700483093045,0.3868075416911459,0.6944974649103478,2.0805719887876952,-0.9577
1.043774685032771,-1.024967012654319,2.4029200257292143,1.3961873237194775,-0.2272412747105866,-0.8113813714647565,0.0712608017328432,0.5339528894462754,-0.7320588219221588,-1.9192
,-0.9782721303379036,-0.7281509052155614,0.6900310523546569,-1.624311783692686,0.7712917728967446,-0.3936639814106366,-0.9960235644065222,,-1.0724
1.2585775491859712,0.8881729081486195,1.9064002994379452,-0.0043597502398881,-0.7499148625046378,-0.0955814847815256,-1.7581560139097832,0.1582465534290633,0.4402914084353174,0.7484
2.375192046569212,0.2455514387782388,-0.1709262206011605,-0.5422268806872529,-0.7534646783994885,-1.584569432629706,-0.6092330838329529,-0.3247283870473404,,-0.3913
-0.7482101190055265,1.1008135938067471,-0.465614204488195,1.0363577367536123,-1.7224627947143307,0.195350667278646,-0.4302363958757063,-1.711878619866036,-0.6334399965207722,0.9307
-0.0547746112052738,-0.7639748535627142,0.7722677911196519,1.6062358021143703,0.7204755278977402,0.6369679349908036,,-0.3857798993274851,-0.7388105734909249,0.1001
-0.5251350991018178,0.2531739516934721,0.8086035565976957,-1.5764775819714816,0.0339123968508095,0.1999999168132907,1.9502176923295107,-0.0358972757946496,-2.455968191929707,-1.8911
1.467258605154332,-1.1727980221623406,-0.0669898976403929,-0.516804016133474,-0.5987143360343384,-0.3221358378191845,-1.0093712670688206,1.1018780123368357,,-0.4766
-0.0815510382931934,1.2512778670757063,-0.8843001846020324,,-0.0303913172043796,-0.1374214899741735,0.8529338969592699,1.6347752916788936,0.7332889600790039,-0.2326
-2.0762313876356617,-2.126065134774536,1.331837559877612,,2.3837778976307806,0.6997503562429238,0.0591744424165766,1.6503138934176624,0.131879415035754,-0.9060
1.7752036650360914,-0.0012909305721799,-1.0352820566941976,-1.2377251745984734,0.9554787247688148,-0.1412841446476454,-0.0292220410250556,0.3892472725764445,-0.6518406067899514,0.2546
-0.9749370411924728,-2.0162276564234087,0.7073717767686406,1.105918438278048,0.4186282562522178,0.8917707760207257,1.193703511860985,-1.2898685933022889,-0.3806594998959929,0.1607
-0.5249899286794227,1.0636204869256605,1.3778130650194025,,0.9861302957786384,0.0341010679581205,0.3786669602772722,0.1221515375039639,1.0284767067080067,-0.8387
1.1801594935556072,3.1244247598313186,-0.6170612640229977,0.559229371695465,-1.0852715654072316,-0.5468760188707785,-1.4887081288002526,0.2046775490327111,-0.0461086740618455,-0.9852
0.7204042411184309,-0.3156523437597229,-0.2465232313201489,-1.6787744738079369,-1.3249352928023928,-0.1877357928543624,1.49473502555342,-0.062033405288684,,-0.9209
-0.464485686546504,-0.0780153772619764,-0.8765802509866882,0.3551473407432517,-0.4943595576202044,-0.6747447509803851,1.0450700169603715,-0.0881482393955094,2.09371431158734,-0.0594
0.9212032560424716,-0.5529074665334169,-0.929078077948006,0.6963203110519565,0.1131700411551205,0.6912873951346564,-0.6361078289861697,1.1392917966745846,-1.033106218329062,0.2002
-0.8355319135339413,0.8817533713389567,0.4240498498903333,0.1126139424525018,-0.3089013280965723,0.5665639490921444,-0.3929796225095449,-1.2165761689930694,-0.7068012238275981,2.1919
0.3831912175474221,1.794948243670579,-0.7306149609776005,-1.307359069719606,0.853234876817914,1.0272999364682442,-0.4445540210477449,2.10560883671752,0.4588003923371996,-0.3191
-1.3982798980008695,-0.7824887721221448,-0.5045909038299657,0.3968728056016284,0.1442447410306457,0.4339491272855462,,,0.1897216689249905,0.5254
0.694079522235559,-1.3075690475448476,1.1052737876929557,-0.246229117428121,-0.2786199616375122,-1.7574513049156693,-0.2232241163399166,-0.0418924612539399,-0.0947492412576787,-1.1336
-0.0713930316982618,-0.3554301961120941,0.1529621902632804,-0.6277200162350463,-0.5152847305783571,1.461375614742893,0.6802450027710569,-1.4228167870386272,0.0719747988545325,0.4324
0.8441062094662856,1.1701002343774125,1.0557106726917649,,0.9570604157286672,-1.5008019611407544,0.6281917916743526,-0.6478058817291698,-0.519106221721187,N/A 
0.17855042603057,1.0368041979946356,0.5251239579299634,0.5718859740035401,-0.6029628347828114,0.3194246908753981,,0.1755350179574143,-0.0415942400286393,0.7995
-1.8929574995476053,-0.2658671335720588,0.7236390915160394,1.4261759028422571,-0.3283835901522047,1.2649267280282577,1.1563012176766334,,0.6913929433841131,0.9746
1.7423008948394838,1.6372024284746651,0.5860783762576556,-0.6431206435484351,-0.4910151937479044,-0.6262096171324207,-0.6320012541390209,0.7080399810427684,1.2169973878672842,0.2264
0.8578033598977918,-0.7448860945604245,0.0123017869089072,-0.6031594372820166,0.450438043048578,-2.2081048458299417,-1.536246114272859,0.6597169788108831,1.0499960035451146,-1.6423
1.948814468267996,1.0901489619445728,0.0632353799837739,-0.9399763896543384,-0.1357868497816936,-0.5220530771561279,-0.2937518992970298,0.4667484561800571,0.6195669888470542,-0.4277
-0.7514711123783808,-0.3151124279884038,0.9153316131143048,-0.6078577480229005,0.4461225515976413,0.1098610180041232,0.4614354399205811,0.4066514438765508,-0.6717955842928034,0.4263
-0.4144575422771749,-0.2134153264211085,0.0646308016103013,0.5834880485099853,0.5749547569611015,-0.314209285115481,,1.2188567055649029,1.5806423039269215,2.1953
0.8214548848588201,-0.2006162311613933,0.3153770381601773,-0.1503813789311814,1.3694280380157031,0.6649404485498941,-1.0832207046717677,0.2612701714857344,0.646588989739478,-0.5421
0.2470959635365038,-0.4130193264114432,1.09468019025825,-1.1595458263288347,-1.9241659967386944,-1.0566480119613737,,-1.6551934150301866,-0.3054013960582745,0.9512
-1.6682202196428362,-1.3875049771378114,-1.059279275933272,-0.2617790011759936,-1.6257682776328783,-0.7940318876436564,-1.1088702318265689,0.6280263283719376,0.6424266867368119,0.2335
-0.6160934813718852,0.7731044153446085,-1.709048492930318,1.463922504473618,-1.361796377424746,0.4062531628113963,,0.2856069400107974,0.2293730621744093,-0.2264
-0.3618185007703208,0.7206317082838415,-1.3785339531366476,0.7103997535393,0.5480276804774984,-0.0795951688916085,,0.5404079667693649,1.1700320480629962,0.3367
0.8446325056205461,0.2207716209448809,-1.6919998442248594,-0.6172277391569707,0.1572621040851076,0.2106118095647758,,-0.0566867111053833,-0.3553618102300229,-0.3888
0.783510036852341,0.3841100930561532,0.3111378631205087,-0.9073850802896508,-0.3099955342313075,-0.1302417733816928,0.1586442386161553,-0.2391160211372532,0.4492023382852768,-0.0804
0.4877704896457054,-0.4388633669974727,0.3333589218451576,-0.0208969041262302,0.0983567418860149,2.127535786072103,0.4069808590757772,-0.0804068604109785,0.71361585342515,1.3615
0.0497923651627185,,1.592964290667986,-0.207727613166039,1.465512690043697,0.8749764275458387,-0.4283861598841753,1.0209819280712071,-1.936203287799734,-1.3708
-1.8665581374792517,1.621919727489454,-0.6418857330869382,-0.8077794249402248,-0.2506851918900602,0.4582788422255356,0.7105000576274977,0.9312196727358668,-1.2193747899849263,-0.0557
-0.9067944792433308,1.3937141101017096,3.691489330393571,-0.5595914175431457,-0.5747771818116265,-1.1130766532754113,-0.820552056069339,-0.4969732530856282,0.8635760308278423,-0.0516
-2.219873420581484,0.7617758696808381,-1.6652586857735,-0.1007995155517993,-0.946654724845868,-0.8456280514664274,1.7861711678541652,0.3057312054435108,-1.0793417829957117,1.0348
0.1166854286760416,-2.890543121815694,-0.1731442035912553,0.6195895702237706,,0.825494763544244,-1.218085092696088,0.6909288153968741,-0.5460154674846948,-1.4239
-0.1145806930982843,-0.7990226781955679,0.3296051380118234,-0.6438457599072961,0.9850795245165436,1.3471066423275364,0.9530995734882876,-0.4632432022664599,1.7205908850883032,0.2649
0.0941477948683539,-1.3821429975277242,-0.5517150236258409,-1.4597748305354312,0.2880047380007972,0.4634028873667478,0.6988898696899482,2.101869971497001,1.596111654977882,0.1248
-0.395884154405225,0.2178939470220001,-0.7792580474873012,-0.2337425984756183,0.9850267702268372,-1.8470815984392643,0.2322569991405334,1.0831848510311135,0.4932944530833918,1.7284
-0.3121374598200249,-1.5770551316273835,-0.3060756615952824,0.0404697676741507,-2.0801255978331725,1.2599365260850628,2.249145018934343,0.1990610005773652,-0.4262675743014175,0.9660
-2.761006190399514,3.634012751464853,0.0416876286908755,0.0366536191740561,-0.8078534967561195,0.4932959294878198,0.9838089523709632,0.3823547160098339,1.8706038703816616,2.1008
0.3629467162307495,0.3447939215988032,-1.3977569887193797,0.31335482171977,1.253754956957595,-1.913962730322192,0.0406143412110484,-1.6365460865870896,0.3739406387657183,0.4364
-0.2219055168209524,-0.7051812805711389,-0.8702806615443228,,-0.0433200918230609,0.1552126201915935,,0.9176822901427314,,1.4270
-0.7626241158430022,-1.8130811800802955,0.5387445066256329,-1.0161554196693374,0.3033333727953712,-0.8010352661685824,-0.0266599846267872,-1.551773519725145,0.5100170204403278,-0.7592
1.2589982346538755,1.1673244567656391,0.4234679366592435,-0.4730914775959296,-0.4226154780121626,0.2589133869339179,0.4998371549623485,-1.8385695467090024,0.6109056828663894,0.8278
1.7956768968958887,-1.0859527370323916,0.4928090139326671,0.4122849959740572,0.4903397973784609,-0.7632358129071753,1.7734285684390685,-1.801469267346013,-0.0537576175168264,-0.3053
1.263142297113541,-1.181809701828836,-0.709384927548521,-1.286115012055304,-0.1420699598542243,-1.959625189829236,0.8569816265706451,0.2425122461848052,-0.1357474004713606,-1.9009
0.0218688355051288,,-1.2967839458900166,,-0.0098832750462616,-0.9164738560528544,-0.9107850113233787,0.8343219605266338,-0.2747694512633967,1.4513
0.2384102339835139,-0.277034833590535,-0.4852124124728744,,0.5696057691316415,0.0938724037374276,-2.354908690326728,-1.1204557425728623,-0.735895601069269,0.0662
1.0369170029052706,0.7021520144645382,-0.6279694260940949,-0.225977104118279,-0.9987443106301872,-0.0367933014524441,-0.7123963681268944,1.812241299933976,-0.2960342318740722,-0.4606
0.4437753453634191,-0.5640489588165489,0.6559193215368401,0.0582879114203279,-0.5593904149375281,1.570102076846697,0.2084870899957989,0.8136468295453521,-0.8198931873229989,N/A 
1.8333833508565809,-1.2881951340457607,-0.2105523623494077,-0.5096619660637896,0.7479421501639675,-0.8544393131101143,-1.7171316071910394,-0.3949994575156528,-1.407247365751164,0.2782
-1.0534538561823357,-0.8669674051633486,-0.4683206072760993,-1.330940392888395,0.0375891078034418,0.1002773662695312,0.0769654312278274,-0.1217920215525522,0.7060967033858915,-0.1304
1.066977974474852,0.1381977987159011,-2.145313150042458,0.341554674200239,-0.2840376961116259,0.957329124595099,0.933467571482576,0.0812170428414519,0.3315827657632329,-0.0644
-0.5445343458188405,-1.2980593309924864,-0.2664387174604117,1.2597116068248215,-1.230613056538544,1.3021925153017233,1.9791523280816248,1.078778243801808,1.7135962423608624,N/A 
-0.7626378588203792,0.0450449613899673,,-0.3066744652014913,-0.6490461854882316,0.3345590063868253,-1.2559384773820317,-0.5759929294213949,-0.3507575065702459,0.4120
0.5288506562448124,1.245121048743571,-1.0465298712684217,0.8894547832501539,-0.698660476972832,0.1716668240340849,0.7887566972058461,0.7266386199206288,-0.8585118864723981,0.6277
0.2969556421139015,-0.7957914463949818,0.1562375146759414,0.1806269393880432,-1.5264283198909512,0.8919402382242129,-0.196437951793453,-1.6768972452346849,,-0.8272
-0.6140531616140972,1.983241586238749,0.4096933255291591,0.4805674629550549,-2.0496105268281952,0.2048325884162231,-1.8205441260427524,-0.2947089988009155,1.2416521895399633,-0.0635
-1.6344090421748123,-1.3576658157835255,-0.5759113181360133,,-0.7723578502166331,0.5806669771170774,-0.3879568034602788,-0.3883535104969485,-1.0232390645034677,0.9491
-0.1225865932494889,0.0853778771926434,0.1844802545505764,-0.6377276021376772,0.4156103888515269,1.4152083271280125,-0.9212460100108456,-0.9296490546836232,1.0542203670964916,-1.3451
-0.1917667678821631,-0.0998453929765978,-2.359256845765426,-0.1985089847762569,0.5276149087344313,,,0.2095379910972045,-0.859052464590291,0.6009
-0.5642235243775487,-0.7222931907426571,0.979406693176652,-0.7236086690193838,-1.2429862747121263,-0.3285532176414119,-2.03048122473162,-1.2882263296872594,0.5139027406195686,-0.0808
1.1710242777746322,0.3653158240766286,-1.2326181737079478,,-1.3539118978521725,1.445256451006392,-0.8165053202150601,0.8057335965022195,0.1989597739379018,1.2591
0.1889772888371029,,-0.7353926291749173,-0.1487644813764027,,0.1643641964235292,-0.7129073789467679,0.620652328678456,-0.5745827473842263,0.5183
1.727125930322894,-1.8573262366526408,0.9416499433639566,,-0.0005121279203782,0.3180186942775419,0.3079101227752304,1.700334409365581,,-1.0695
-0.165549066172435,,0.0962209201845458,-0.6166937543466523,-1.749182118979738,-0.1487063760473144,0.562167671197983,0.0482983293120892,0.5436415946597088,-0.3422
-2.372007600033164,-0.8160260619943184,1.343146109948044,-0.5850822814082782,-1.7641128615995918,1.1042960754876654,,-0.1598267612260031,,-0.5563
-0.0480413252294206,1.1349731730819057,-1.3593105731059991,-0.3887279468548112,-0.2876294136505807,0.3323499495315167,1.6144079741454649,-0.480787340132024,0.3777530859653419,-1.1231
-0.3238890135352738,-0.6298819971429367,-1.2553634827735778,0.5429254411140321,0.0262403717595879,1.0528901657741545,,-0.6116973195835284,0.2539799874460075,0.8201
-0.5333851216707992,0.961968339550376,1.011017658770342,-0.1880327307015266,1.036103819240828,-1.060798964650686,-1.5972579557212654,1.106582027789865,0.6876708409450764,1.2148
1.4424257944809542,,0.8214527992764656,0.3088040893402169,0.7336132893401903,0.0916004843256903,0.0231091375143626,-1.4394508260949677,-0.9612447886929252,1.2645
-0.2015536935998168,2.160548680712972,-1.4528197616867504,-1.5075548754112225,-2.0460950268036577,-0.9463591143110618,-0.5570358796358811,0.1455618361355983,-0.5125461625451423,-0.4765
2.2106288425171137,0.0234567831831586,0.7987710271474625,-0.1918571595379489,0.6626360629591339,0.9802795069014952,,-0.222583186453186,-0.5515254914990987,N/A 
-0.8034788510487735,0.289099797225603,-0.4583300760097624,-0.7586359913428555,0.6100041137668946,-1.5307293499867676,-1.4962247922254657,-1.9278878209151504,0.0640273479434926,0.5225
0.1428787323686175,-1.6093858946897408,0.2773215192272356,-0.2047005969531311,0.204302100361985,-0.3252519985640001,0.4401334373977422,-0.0778354332309149,-0.0722617561858819,-0.8089
-0.6687710643080337,-0.6646401760666361,-2.280332717785599,-0.0641830898387156,0.4032548992698219,1.128097258878282,-1.3548885706607234,-0.3421518939190246,-0.4299195670615751,0.7031
0.588323581339046,-1.7791688352346646,,,0.91842467705069,-0.1443598109566637,-0.7402767108081778,-1.474275180970979,0.8972346649898005,0.5084
1.3312379047355836,-0.4997087606841807,-0.448293414130254,1.8833763832200288,-1.3185599664205117,1.5543120112059563,-0.5312271352139392,0.1185525408035875,0.7489800779757932,0.4578
0.1833184178720736,1.8207806537072135,1.042052414291836,-0.8109118106267424,2.0656257181419377,-0.1088735452964336,-0.6408322925206981,-0.0114884962681393,-1.9871041493861687,-0.4814
0.6565573723687603,-0.9270081414598884,0.0946481323911413,0.8283044972368753,2.373847227796647,-0.1581322569637125,0.2306327421128477,-0.9717694643053808,1.8052753549028036,1.6331
-0.9942859675263362,,0.1802214734139224,0.5935948360944523,-0.669794982574579,0.1322214833260993,1.6492516927447274,1.8336946065261888,-1.0849835411375082,1.3745
-3.213619737272691,0.6092372594784059,1.319054214041686,0.2001579459376442,-1.0331537122983108,1.2270053548766122,0.6865122785079636,0.9167177975430818,0.9707297683822064,0.6405
-0.314579534315337,0.4317152012335326,0.9500705456416568,1.198203977101521,-0.1363719892885506,-0.9204411241195212,0.0284805429182791,0.394280823757605,,1.3212
-1.5375130168132094,-0.9712959860105884,-0.0024449580746792,0.203603315080598,1.3801286359412606,0.1510991757371886,1.7469315483349646,0.8408584704869906,1.0368344118272372,-0.1779
-1.0348928503562187,0.9833768111984637,1.931375336244228,-0.1041721925459038,-1.1994347211439251,0.958999639213058,2.1392534247424733,2.48586215865492,1.0505636680745034,1.0438
-0.3913481309187167,1.507386915440802,-1.0792537673061071,1.593949503724713,-1.633018331629531,-1.4225929193304003,-0.8217603071198479,-0.8129725225390838,0.3772380849917349,0.0111
0.0821540220482783,-1.060193650676021,1.0900299769072717,-1.2056684098125556,-0.533388514891085,,-0.8473906597015818,-1.49388730031449,1.1272103856714493,1.6689
0.4270156351626516,0.1702397865364659,-0.7361663107321428,0.6336105476326571,-0.1877482819619675,-0.6769501171360703,0.1422386069721091,1.3622342682783042,-0.5611579310145098,-0.3565
-0.5738290715061376,-2.5069045872164994,-0.9622309266098036,-3.128136025693326,0.8389220241419071,,0.1182809844626491,-0.2911406320085685,-0.568418262793695,0.4950
-1.0781469485303994,-0.1603403829533029,0.3201215106817905,-1.6132829742444066,2.038199655757943,-0.3619000983600323,,0.6576201513284083,0.209007748265037,1.0555
-1.164510658400942,-1.487402807202888,2.161801694424319,3.1209866378887936,0.1617653451782,-0.0207386459893197,1.6831804871788958,-0.1684456625524747,0.6735911736741169,1.0040
0.2833900098516395,,,-1.3240103891662176,,-1.034770574058436,-1.7673783378883663,-0.1911522269684566,-0.0362251821354724,0.0151
1.4789841905516334,-1.842138967649505,0.2754315409836099,0.1771084848076638,2.118234647262837,,-0.135428918760408,0.3824532593367384,0.784160754841481,0.8719
-1.3778978753519897,1.487996205265108,0.4083305155002397,-1.194469079093004,0.2600178997569579,0.3711109187692911,-1.803357995933176,0.4583786601812135,0.8435347963956938,0.1090
0.6912596694460564,0.2414189499074595,-0.0319539221270632,-0.2152172105568426,-4.316715697950165e-06,0.1162338871421099,1.0158182683410637,-0.6098517320933595,-1.414647344626267,0.4484
-0.057023551103069,-0.7054818289490263,0.2536120638184449,-0.2624294862914525,1.3030123101151367,-1.224903635023599,1.7741317275209438,-0.8792573197979802,0.0731646487975933,0.1330
0.2996980547939074,1.5464778157482026,-0.5694935473382786,0.0644761710593522,0.3925750748336752,-1.1629618476353336,-0.2280141667150836,0.2486741451283948,0.095682143327336,N/A 
0.5691970514919888,0.0645599125144936,0.5554463301392384,,-0.3581739436691484,0.9735868648469688,-0.6530046000189744,-0.1230923860594304,0.1890060447823954,N/A 
-0.7527635042691687,0.6110367201864366,-1.159904898509284,,0.3368428287502183,0.8124049171730469,-0.3694675621239626,-0.3751333038994605,,0.4316
-0.142207680369873,-0.5198706083209522,1.100794616319008,-0.0043081894179482,0.7572652102444865,0.142991183848599,0.8371021141251261,0.9818734251532204,-0.2085230673845218,0.1258
0.595864834892193,0.3504424677095154,0.2856356962551297,0.9220541680797704,-1.2298223832249715,-0.3451127183007567,-2.231333546504457,-0.0026254050505245,0.6510669539920645,2.8523
-0.8360712416169941,-0.149469112802192,-0.2191419775765987,0.3111894622718957,3.609160707463409,-0.6853077058884588,0.4961449329879698,-0.6559260351745293,-0.548385708547783,0.7204
1.2290759975328085,0.1124657564935412,0.0056507510832756,0.1162984141366746,-0.5959424664736002,0.8343435837426159,-2.079268930882775,-1.4433000100714493,-1.5874588784171282,0.3251
0.6016817711390514,2.1116667444099426,-0.5074436536486878,0.5546029271658718,0.9189945952700592,-1.0327916963820445,,0.5247332246032046,1.2908211685802935,-2.2068
0.1938006105394999,-0.6823414735287936,0.094708311255331,1.1095052284587603,-1.415753210749387,-0.9926324841596418,1.4656550050862371,0.5432350856451581,0.0563357793775695,-0.6360
1.2314312183788645,1.035496192502188,0.0949677999998719,-0.5602099141225376,,0.7769927154498322,-1.432838823668605,-0.3282201779642377,2.2075799047187723,1.6789
1.7749594481555575,0.9711918606623348,-0.181505523304606,,0.929447989954575,-0.0107802472728364,-1.2978366415845657,0.3594327471248202,-0.6254603860489805,2.0872
0.5502615514908831,-0.3265314789897911,0.1778176356047025,1.8370757545973089,,-0.0312384781706333,-2.0809380189789413,-0.088924787606588,,-0.2368
0.46986250512549,0.8196866936627015,0.4737058138201381,-1.6069422264276514,-1.2919016400856105,0.4807225052991576,-0.7536300220299345,-0.1884341541236535,-1.0144821575305023,0.9234
-0.2021098085825132,0.2063436334624284,-0.0560290142378217,-0.6825399941754475,-0.8103710845501906,-1.1414975830159648,-0.832885891955885,-0.4358705048245448,,-1.3681
-0.7487822636838652,0.9108782115726936,-0.1003384997086502,-0.0611878739565112,1.0580903144625573,1.1887840197566164,-0.3948034791794672,1.7054463928271733,0.9753825313505884,0.9666
0.7651087386219979,-0.1141396054326187,2.558573261841003,-1.0216482538559817,-0.0601540787955313,-1.343231817099993,0.5288084413565045,-0.0296283311650999,-0.3858812978692906,-0.7488
-0.1044968708594964,2.708487969962006,2.335873138843521,,-0.3372215884628444,-0.0023762473884942,3.077067912158895,0.0581396278336547,1.1532201283112615,N/A 
-2.1660812095558737,0.7136868526631059,0.5574113715551056,-1.296064777263065,,,1.670050300487809,-2.129097943321177,0.6706322296342294,-0.0252
-1.9870070552660917,-0.15717192176973,0.3622126810213769,0.3610155914865846,-0.2892009124155965,-1.3351175175703105,-0.4259222932291047,0.1643716999366874,-0.8866072966875663,-0.1065
0.6503882314679954,-0.0439942766667003,0.4128888601580854,-0.1692039160130026,1.1317436541055612,-0.13812455613542,-1.0337750132339207,-0.5949390471848175,-0.4475688203760118,0.5457
-0.8190683821090425,-0.9994604190000426,-0.4511367309707498,1.024321777875251,-0.7357375887855936,0.6390657213741611,-1.5031457800551362,-0.8941650562102961,-1.0941250747296227,0.5932
-0.6986635913044584,-1.1568006553523105,1.2102702476077425,1.2680218485572632,0.1677301043448128,1.298915884329764,1.9090407025645968,0.4660412565290899,-0.3576185084047091,1.9241
0.2938885179429241,0.0318373751930962,0.0991459898902203,-0.8618709548893049,-0.2018238522012816,0.113893380659959,-0.3661650382259627,0.5328243775135443,0.7012233937056636,1.1751
-1.106649358484666,0.837589011966308,0.019801627819685,-1.1131673869720775,-0.6386781250934337,-0.5041851788254764,0.1074722150722516,0.4001751044610487,0.3682253618613108,-1.9901
1.5616648822125174,0.3627750838590907,0.017460303347049,-0.5476157177879823,-1.9568550774246811,-1.4393024351374295,-0.1652996138128686,-0.3497628241884242,0.4488713534567816,N/A 
-0.7709998567662256,0.1980924310283952,-1.501956765988684,2.617015876922385,0.7023900931899855,,0.5928940934605611,0.8003211267544056,2.295998281375094,2.1171
0.0454426912264607,-0.2839564442827755,0.9186729971445388,0.1929334299545395,1.1800569302400148,0.455414812895235,1.5678692150303208,0.885870142574607,-0.1113546552976793,1.6240
-2.0473938333092163,1.7452421368339486,-0.3468335839153266,-1.674442206188734,-0.429098951228838,-0.0931638207795418,-0.1705344242482225,-1.0526590916642355,0.9678817912326948,-0.7509
-1.4262361219435284,-0.5481578620094846,-0.1755032993758563,0.1290721380848342,1.3079976223353835,-1.012161906986561,1.666741938832962,-1.3437342716022214,-0.6821225543018664,0.1655
-1.055207731831484,1.1139065896303977,-0.4624785655792057,0.9178623359531604,0.1271886564950894,0.618028120316488,-0.5414734300181223,0.7121645197237743,-0.1056564914383438,0.0519
-0.6300031671734714,1.0701386201176042,0.2031223866697861,0.4316478790487914,-1.203337951148516,-0.054365201664398,-0.0392795087968911,-0.8346506314737477,-0.5699906147345987,-1.1288
0.5089075613474097,,-0.3870536675300987,-0.3625539507884399,1.339558292832079,-1.007140782398375,0.6784195929587609,1.0889940199819377,-0.9011727126421236,0.7054
1.807316643339946,-0.1585050572931199,-0.0034166820815916,-1.6898566708270475,-0.320900171932039,,-0.9254079393542732,0.9892686437851496,0.1674631666684899,-0.4626
-1.8352324831372544,0.2051607119675976,0.630327181180256,-0.6684064169260789,-0.7986392157774138,-0.3493974753059286,-0.3500152371069411,0.3326697326120845,0.1014029369033474,0.4206
0.0020952088844537,-1.2433978544549211,0.8583334074776157,0.1679936241230942,-1.5141682545923774,,-1.5189829428939867,1.954878077664948,1.764990025189445,1.1717
0.2330883447894421,-0.0260964179702936,-0.5827713565925892,-0.4725496658270095,-0.5194206472175433,-0.469382251351768,-0.1357158412905272,0.3266653691184608,-1.3873703925827925,0.7188
1.7843671692072176,-0.4283122803040416,-1.66828715583552,1.0324736364066982,-1.0659958366727442,1.3873844891492948,0.5462431647916832,1.660209822825378,0.0763571792961703,0.8284
-0.354142024148412,-0.6731490533456953,0.4096370574050726,0.8583085275111024,0.3852401848019236,-0.9211217472884348,-0.1512933497472569,-0.6029430679569898,-0.1042440030601455,N/A 
-0.9732935109839986,0.7121226492896681,1.688148418361111,1.2207711326985715,1.646815722162852,1.6935788612037324,0.1218187036210325,-0.0523079650542476,-0.2783175565385872,-0.6076
0.1136994657713722,-0.1054346659231346,0.6146208124527028,0.4956815385021376,0.710464413275035,-0.7395075227639654,-1.325261091873522,-0.4823318367580681,2.5200445853850075,-1.5178
1.5325268955457023,1.9427888155631323,-0.325978697812824,0.0635335216064308,-0.9626588206737288,,1.6562137812139774,0.4725435348265829,,0.6766
-0.4140041581607725,-0.5592502978206765,0.947994230893896,-0.1911848588856461,0.9501211175304478,-1.3085993412218897,0.7661623545302251,-0.5307187451804022,-0.1380719517763636,-1.7112
0.8676710939519887,1.2363749757944835,-1.0632098945616513,0.4059096267877909,-0.249492383961585,0.3647145428651543,1.1550339311429063,-1.520487355256282,0.4806090139011315,0.2236
1.003992177415845,1.0212849255438088,-0.1096560129241583,1.2533680986429416,-1.0445492143259518,-0.8078353569655926,0.2968533991713475,0.3379782302544514,-0.4660350784791013,0.8660
2.2992202555020302,-2.2124340033614214,0.9476659122890938,-0.471232811494956,1.4602630509951482,1.5032141246910762,0.0949155156906357,-0.5858134298167018,2.037020270086069,0.3618
-1.5092704313399588,0.91317706848445,-0.2461109678630845,0.3946510431873644,-1.1866165851790016,0.67154562265649,0.5569761660085512,0.42584855435865,-0.6181125075026032,-0.8137
0.7258018166099998,0.7866229151366075,-0.3523252070730829,-0.5460877663199096,-0.3054567318151276,0.4147717399830393,1.3138470231059065,1.508509662827847,-0.335847082814079,-0.0748
0.8542257343889056,0.2675379694689548,1.2949770389591042,0.7293471193830554,-0.5499064083387141,0.2591066391438735,0.9290935926562276,1.0571721497129014,,0.9928
-1.22537231063855,-0.9482047243842744,-0.9173257046142153,-0.1515594917496844,1.3397552325426294,-1.4150898851213818,0.4817352626595087,1.326416303605704,0.2016383282656145,-0.3823
-0.0269226393471864,0.4929852047801501,0.6255819420480753,0.209371089362431,0.1261448665657801,-0.13062092277209,-0.7175122160015455,-1.567448006221176,-1.8848501723504776,-0.8179
0.0579450924503517,-1.4006711244940218,-0.9411107736607558,-0.2834371368784829,1.8967049712317767,-1.8967817029527565,0.6654178991327009,0.0359584926915098,,1.7281
0.1920112963353654,0.2791524614823507,,-0.6278571658408307,-0.859437652234978,-0.3175930256332387,0.1164223905002647,-2.3279050381892104,-1.0773548249220808,-0.0701
0.7882940816953098,1.6744428222306198,-1.124970673588369,-0.0657969785736378,,0.409482629422327,-0.3203044007191112,-0.2614677512539396,-0.3311188145896138,0.8909
0.9718927615445088,-0.4167992860702913,-0.1088627319475089,,1.129384337125202,0.3622969617103625,,0.1170526436730524,,-0.9907
-0.9119699972138356,-1.8855318481513528,-1.254670186064538,-0.1450169573792131,0.2239869996146998,-1.234976398144506,-0.0859639857263644,1.8587764352340164,-1.4727127998497915,-1.0549
-0.2619069175846737,-1.6314040707809914,-0.1412476149832469,-1.1428838011402218,-0.0951278781728657,-1.8602133423917857,-0.4578774818887034,-0.8647320044198644,,-1.0967
1.98942192193486,2.443730909264294,2.517797989386892,1.1628410455353873,,0.0033921138584181,-1.8949116382508064,1.1575122678541048,-0.1324154821368962,2.3674
0.568167077811111,-0.990423889034959,0.9117083669802496,-0.4337726820696933,2.1080380084916874,-0.1048767839664769,-0.0532248911903201,-1.1694676710108167,2.151970505787845,-0.7518
-1.0027432370449063,0.1596034661525096,-1.4682396197234306,1.4939389667287166,-1.2022621636993247,-2.02077775417658,-0.0554771659765929,1.2524768033479192,-0.510516426893764,0.1600
0.8419392558231698,-0.0062481149118887,-1.0462613723618928,0.3314230424057282,-0.0473321979805377,-2.235060185136489,0.3219324610592583,0.2968471416710544,-1.5334840646401144,-1.4276
-0.20333552346876,1.301353943468138,0.034624028920591,-0.1164812891934072,-0.5733622054799264,-1.1416604384201707,1.7576342014864996,1.1154040673036856,0.0854994314295266,-0.7017
0.0135485632801637,0.3965360404963237,-0.6895973858123733,0.7155627486768589,-0.4021794426038189,-1.1012089116883368,0.7003126512935886,-0.1506698314114768,0.3829014629377014,-0.0863
-0.9432741054851348,-0.7318529384427649,0.4463577614770621,-0.5844965810069519,1.2686309363746309,-0.3913176725777004,-0.8959030355656153,-1.4573695929279893,-0.0895811323510851,0.5406
-0.4095577061500589,-0.4518409031582517,-1.5801689172172757,-0.7082302979463135,-0.929433758324412,0.886634257533,-1.6880154455537555,-0.5850959947733806,0.2119663342722033,-0.5695
1.2680294196626187,-1.201458919226924,-2.1181396665033008,,0.3411559558411117,0.0224679330586444,0.1894356343054499,-0.3717632589103148,1.1411252205820448,-1.4711
1.4807753653121478,3.877206792156644,-0.3244410857631988,0.5768361632883072,0.9236458305289612,-0.0017094542360061,-2.647105090375829,0.5167803927351972,-0.3759377806647809,0.1698
1.1948671815864158,0.0107780219721153,-0.2270911434224026,1.3740356270894656,0.3349565818357349,-0.156229728575046,,0.7694045097057833,-0.2133231869256624,0.2709
-1.1601487752203392,-0.0893352942587982,0.3628223895943411,-0.55429448581494,0.8841051748684746,-1.1766709201839602,,-1.6646341425746702,1.8651173041489475,0.6699
-0.2751485306720581,-1.864744485469841,-0.8222156699224522,0.2574744771007954,0.8996233732566246,1.1417951764126058,0.1857056308844146,-1.1589909799220617,0.8228068418376424,0.3031
-1.76194195177833,-2.57256629428648,0.2501409775672672,0.5549705787483534,-0.9635320710441352,-0.8021604097134766,0.4120826714825325,0.336577999954615,-1.6475359801688336,-1.3162
1.4628517346614676,0.7985900834220547,-0.0061960793768268,0.9828684717234152,0.7925015477944322,-0.8094696229515932,,-1.0686819637310172,1.5647192318425598,-0.4634
0.1336368708807014,-0.821755586756465,0.2011737708471918,0.4764518533033305,1.370590038840301,0.8594550075971964,-0.5432822676663682,-0.2351343117518047,1.6135343749533897,-0.4834
1.381697339027693,0.8168297592444311,-0.1706225900361443,-0.8878653616519929,0.0464197864685341,0.2429379502037824,1.3662674372929695,0.7095469125169733,0.678898230872182,-1.1967
-0.2821700267641024,0.7248205878847206,0.3775837597239955,2.068704084319481,1.1071013805909418,1.1631404665766032,0.7905812037961619,0.2385961328017292,,-1.0892
-0.1312617899835393,0.5076188351247743,0.3458920522159933,0.4507650655847345,0.6631063608917803,0.6716788220230205,-0.5109003607916017,0.8623822531580819,0.9532322499140888,-0.2925
0.3956789604708369,-1.20770997175869,-0.4868836554921714,1.2556871757908186,-0.6740429089580059,-0.3172562789300934,-0.3608957134481235,0.5164944327146221,,-0.5303
-1.078126571006742,0.3403197623387026,-1.268355178119695,-0.2258379203764293,0.172081740896463,-0.580578090594776,-0.9201537493573262,-0.91662042401065,-2.441278942132417,1.2461
0.8351683602906074,,-0.0730757792077057,2.3113026426194474,-1.0191372567087829,0.1678266739431009,-0.8562340299790688,0.5312539969119532,-0.9854352813560155,2.0655
0.0422249995354093,-0.4751886000109167,0.4404744939425668,-1.676193123075858,-1.8982864145293188,-0.933081546305316,-0.164115925258874,0.9536378204652832,-0.0403966253839471,-0.4727
1.2099298197738526,-0.4113143484404086,-0.792111230679592,1.289800827590746,-1.1215224279389386,1.3142884385329014,1.3203995983644552,0.483296493318911,-0.6712888946911975,0.4047
-1.5177962251711266,0.6233884113219301,-1.0033879436857385,-0.079935237135813,-0.2629661372093793,0.6613949645858365,-0.5403643313571019,-1.9219949036061388,-0.343345248892789,1.0452
2.0339705913525483,0.9518503327864704,0.7585443583738345,-0.0675026715797381,0.2723558973223659,-1.3066490795655374,-0.6414850552848624,-1.902278671034093,0.1912942637820028,0.9269
-0.4770199471645859,-1.3653157772072135,,-0.6676648278713576,-0.1668294299978288,0.181705329595168,-0.3720746034808097,0.0490738485139115,,0.9049
-1.1570126244134116,-0.4740751082502251,0.9152902691078036,0.7057850755625942,0.1538921386585424,-0.3951929442683086,-0.6749525881979599,-0.995437148467624,1.3789073653523125,-0.3789
-0.1519518798629532,-0.7141681799638782,0.7932040689946604,-0.9692058523881362,1.802925736493009,,-0.7316920169340303,1.1027485670535042,0.8923064673178493,0.2507
-0.3247673162717179,-2.566037778161119,-1.031740604356637,,1.3299746595068245,-0.039445911042175,0.7436102591739122,1.5280064001298317,-0.6804393782525773,-0.0119
0.5376795648537848,0.540348138113681,1.3059887460582418,1.9332461575913225,1.955726301225704,-2.2027829378794386,-0.0289557421633649,0.5933214138691689,-0.4645693665502275,-1.8385
0.6369947383870773,0.3720335866112762,1.407609931771446,0.2355705688760496,1.5758191844753258,0.3636747112246113,0.3830359459698599,1.387743347366701,1.974130387679454,-0.4805
-0.5426294684205232,-1.6151287068923088,-0.2447429944236106,1.4070477464893412,0.9644044390695066,0.2385070200530249,-0.3452255056178544,-0.1811239702572416,,-0.4835
-0.3500114779918041,-1.097303726243302,0.7555077408199086,-1.3689144266278863,0.1194573480914601,-0.1053203753179398,-0.4435921118801388,-0.8747703316569674,-1.445117000573216,-0.1374
-0.8823227329389165,0.1416263847676222,1.038147636162512,0.2244383530723155,-1.2177694037286444,-0.8021845784655732,0.0227458670554618,-0.5246507795299566,,1.6298
-0.4907034358018975,-0.3606581319499056,-0.279637062642284,0.5973694630033903,1.6468101901670793,0.388983209531153,,0.219086798726985,-0.9319735054434608,-1.3713
-0.4345831884531,-0.2486459172334867,1.5580703250871752,-0.9343253951670354,-0.1000823965227717,,1.20589960138792,-0.1518592822446748,1.2316226336736622,1.6691
2.3128631441638587,1.643503490866438,1.065649686705705,-0.8043759792510231,-0.4807801631366295,2.276531071115752,-0.2354807285279048,-0.079587128146039,-0.3670815442584167,-0.4358
-0.0201605268509364,0.8105660446025001,-0.7195701651558285,0.4180608227685218,-0.1891546995404738,0.2077490202996048,0.1467831763066441,1.492562828130348,-0.4955046752433639,1.9444
0.925478487691522,0.8088180217450537,-1.3160659262703922,-1.319777010633224,0.4134347443094999,-0.0790500871183917,0.1508197360326092,-0.619750437706753,0.0810470471461563,0.3032
-0.7465689141618277,,1.889303688320643,,2.005944519819108,-0.1120743137169399,0.806435010211496,0.0034786414088473,-0.3863274280690084,-1.2301
0.7889095603136421,-0.3328330381908263,,0.1904378271463953,1.133805312815701,-0.140310457765456,0.2180813826503473,0.6442996450424499,0.9190406232642088,0.2644
-0.5552952038525619,3.286370445848573,-0.4213712692901873,,2.0311762350651867,0.386609893318343,,-0.0171308923046425,1.0350231089209538,0.3875
1.166178377777182,-0.5046793624737989,0.1457512880215067,,0.8968315940351804,-2.1171156268175344,0.153930981806283,-0.8611632708267674,-0.7174054712068327,1.4543
-0.3198869929549585,0.9750792358980204,0.2574473734915296,1.0070943373581995,0.3964371457708309,-0.017319811555108,0.293587488599202,0.0552038622650691,-1.368064227822558,-0.5837
0.1632100328656441,-0.4496366682419769,0.0280001650588388,-0.0795245153493498,1.0902530978464535,-0.1962439336183954,1.012485314918123,-1.670475372660589,0.8405718310792231,-0.2581
-1.0822938109890736,-0.3704837012245671,-0.3509952839297342,-2.135012533651423,0.2142334338484927,0.0077747908593139,0.1119501042365904,-0.2324983569577978,0.1906212884438117,0.3788
-0.976121598239094,-1.584821385361585,0.4982036192643607,0.1356818888510338,0.2637975370267256,1.1587218548646625,-0.4754995386239534,,-0.515877526663609,2.3788
-0.3628814193530575,-1.0603355274696,0.8152220232867637,-0.7784035999893564,-0.7498960298028726,0.5796330557723938,1.7380860157439395,0.6432284140982379,0.6560640268114231,-1.5228
2.094034241263197,0.0889434967005684,0.4525299520535038,1.2489745502535654,0.4083228271482346,0.3378448984981979,2.210977624602425,0.4221836344575416,,-0.9282
1.2485452974661346,0.4034953398540809,0.3887030001759345,-1.450364467312916,-1.1703828780376464,0.790567905539972,0.5540473284927868,-0.6504894557572622,0.2173945225233771,0.9175
-0.949101671853502,0.1514579635908063,-0.3301255705389707,0.6162118197971449,0.5619552901827112,1.2526858624930666,0.1936146028941884,1.273973361160179,0.3849655844906744,1.8303
-1.3682179406630643,-1.4949811060039218,1.34081311621168,1.0578288036575385,0.4889598471748839,-0.2542736976539975,0.1521043303481709,-1.61177039251222,-0.1837936700272072,-0.5842
-0.7993384166998864,1.9346470601267292,-1.3006313925225637,,0.4363738980354933,0.3059366176306661,0.5700750129548511,0.6216591353413223,-0.2302433715516997,-0.7592
-0.899567593997531,1.9923560767859456,1.8719059996530245,-0.6697235730062733,-0.8858800375906174,-0.6978333099408283,-1.3516340193828729,0.7306604516111976,0.5588224633289477,-0.0687
-0.6033077838865236,-0.733620716578441,1.1489171198841563,-0.2447702369907819,0.977773401096088,0.1223326919161837,2.071247370904453,-0.9328351840595684,0.4107257268100637,-0.0268
2.261202664432988,0.3692074039434431,1.710043976489754,-1.2298323699556837,0.7105265959345393,1.3302978327632775,-2.050671610523646,-1.1099151484188292,1.4478113823395882,-1.5586
0.9249722437102942,-0.3854432182990649,0.2011010030478955,-0.1610898790153092,-0.4023135891561584,1.1901737566041242,-0.3299307722783274,0.3665178522582692,-0.5380844010968066,N/A 
-1.1206711154463675,-0.6538592298047221,1.1740189358094175,1.3003715182461164,0.1028102126825453,-1.3617685193873967,0.8774260568884077,-0.5394823977969575,0.6756709522886121,-1.0741
-0.0291193381221706,1.2980582242098069,0.2347463799686491,1.1413641887607784,-1.811950004297311,-0.0338699899471522,-0.8557220160593851,-0.0995045049912011,1.3184342066830683,0.1865
1.0643436491012055,0.9783273952903446,1.850967393459956,-1.3731564066474466,-1.8150685541914855,0.9012745790391328,,0.3974696187026204,-0.931247745129124,-0.3570
0.4444675941489929,-0.2998497782654093,-1.5166081243148308,0.3407159031969008,2.106430983107572,0.8163640945776904,1.2937047608781471,1.1476124639999272,0.9684846651977552,0.3534
0.5443217652249741,0.5250432825928385,0.4751827758114193,0.8131648173651679,0.5120131812373395,0.9518197301758629,-0.0974263791010894,-2.041376713972621,-1.1655039432706389,0.1086
0.1845703097629364,-1.9255844520709144,-0.613098177665834,0.652563476755986,-1.2193516378728726,1.3568845363215922,-0.0050413538988824,1.1714016823052469,-0.7567595228469163,0.4985
0.4202043390849499,-0.1325208687079361,0.156431556028066,0.9842766745572092,-0.6133373769470588,-0.5512950916658519,,0.7860540771743959,-0.3834348972523375,-0.5492
1.282568411148684,-0.716885837633094,0.3854928627019362,-0.1963844190206488,0.6542925928965466,-1.3758783272824755,-2.032421608626769,-1.169018847014872,-0.9328628034435472,0.2963
0.5597259899487859,0.7927137077867026,-1.7197658990852929,2.2389843852380307,-1.123616127244407,0.8750130675200267,-0.3659922487692105,0.2781662853093454,-0.0645317553690417,-2.2599
0.5257090223499381,-0.548864890127183,0.6118670120346155,1.2645254462524664,0.7164096547876605,-0.3924778159299429,1.299291766422512,,1.3170346889652378,-1.0067
,,-0.4545712496897441,-0.4113830957856749,0.565053319634187,0.1256952617746396,-0.1494252238142403,-1.3687503316613483,-2.0472976970064547,0.3044
-0.3600342042232095,0.0271990638960725,-1.0683293483193268,0.299239281237615,-0.6420494082238875,0.39407681863276,-0.0020268594016271,0.7958865892223629,0.5951774688881761,-0.8593
-0.0749997464709843,0.629233690426742,0.7746092237203227,-0.8352415112305753,-2.715097867678668,0.5789540186002822,1.8753323562392248,-1.360191068343675,0.298079654169458,1.8955
-1.2867216528982308,0.7584008582629702,-1.0101223393080991,1.1146449232343003,,-0.271970300988782,0.8912717229847327,0.2131562003460901,-1.5613166637355167,0.0271
0.8529951192550721,-0.4695387617395481,0.5070976483128105,-0.0040869933289013,0.2740728588474949,1.5221930367820122,1.5119478391585728,,-0.6872576683944661,0.4442
-1.4128743860187956,-1.2934862122446218,-0.7095612882203745,-1.4207803475150436,0.2512108489561003,-0.390254107089847,-2.1378175092450777,1.0871530922499513,1.6867634837226693,-0.2378
0.0338121748991604,-1.344052430269272,-0.8238374346598653,-0.999581547339648,-0.6432428445369289,-1.2492828139706746,2.157097424404321,-1.6417202465351906,-1.8413562643072687,0.9518
0.228914258034857,-0.8033187251989461,-0.2488186278040793,,0.5645103482277906,0.1575370656215304,1.0547011796569132,0.9941478476652676,0.4910089002735111,-0.7584
0.5212479216739063,0.3718083600445193,0.8992293471372972,1.3749563716668929,1.1488898336986533,-1.676170809699419,2.0658913770121905,-1.7557890980217692,-2.2214608434461267,0.5959
-0.8668041382832441,0.9003776565197936,-0.1350012828346022,-0.1899707701466148,0.8006176741447167,-0.9094455855732392,-0.7376954368475624,0.1580720638082663,-0.0196973324200388,-0.1219
0.4145260719727962,0.3771612097188988,-0.1760376031670218,-1.4069177280613068,-1.4920790704612223,-0.7916142819005596,-0.861452791515441,-0.5162670473870768,0.2530212011103919,-0.9127
-0.8721567525660343,0.923044995950482,-1.2086041415952773,1.239874509408225,-0.4026798167598112,0.388765437589765,0.2992847889865033,0.2801707429423101,,-1.4028
-0.434283556318825,1.4626853411649736,1.529485037939675,0.8259800943649319,-1.6660638911805852,-1.1288115819540037,-0.0853329860379078,1.503491637468827,0.022647843256036,-0.0327
0.5608425490705996,2.0228037367650047,-0.0593041132394671,1.0329209712245175,-0.5399496703108001,-0.420199846024995,,-1.7535676019873916,-0.7494563359738666,-0.7333
0.6138129889232052,1.032877450453918,-0.0047667466225779,-0.543198012505764,0.17524124961524,1.5446445878470518,1.1767694750409592,-1.671067301073125,1.3461369868240645,1.0672
0.4589700756339703,,-1.6566180815132754,0.7183230887391991,-0.40096309186109,1.4868917836553517,,-2.7140410742628838,1.340303221270679,1.1510
-1.7217528408657783,0.9411450766517484,1.442061633415173,-0.9021233666234068,1.252602378566448,-0.880386512940359,-1.6981225676327485,-0.8266083698199385,-0.3042536838076394,-1.0965
-0.0085884649571788,-1.7801279048337748,1.222312389633096,-1.7456222599771811,-1.0320649300311315,0.9263507506475146,1.7176951073712443,,0.8067733621042142,-0.2599
0.4116024120628427,-0.1712927975850413,-0.1158807305909411,-1.357697560038817,,-0.2665018650299711,0.8042673576917392,0.2878104342947283,0.5042714771134602,-1.0306
0.3204485794340234,,-0.5037511900921753,0.6933587316599289,0.7132698777042763,0.3484788327881135,0.588472413454859,1.9810213316889935,-0.0675326060891959,0.8909
0.8358495218120396,0.1366596115082347,0.4024314882645404,,1.2201354063915997,-0.1766662986009373,0.1454186265439585,-0.1638840686339137,,1.5460
-2.031019890527324,0.7119043021877095,-1.9350135625739795,0.1877094743841226,0.4996626048230255,-0.9286528986852748,1.121734204880908,0.3619157707206948,-1.2665438901702122,0.4840
-2.1632034110624554,0.3312887749227876,-0.4932686244998263,-0.6915920354046735,-0.4705867661075333,-1.1681568339279134,-1.2231400900070246,0.4632567848139003,1.633770552599963,0.6707
-0.7153078479873801,0.6407337580863753,-0.3591330913428672,0.8104318731298882,,0.0939101516251228,,-0.5933421853484117,-0.9047247788458856,2.2266
-1.1244127660627423,-1.5877320439141207,-1.3367676370837551,-1.186667771421788,0.4932911390144346,-1.1101815834606,2.0161345658503427,-0.9247794129604472,1.1498169488219414,-0.4729
0.5116256890911416,0.5373497746518354,0.0844444078497657,0.858537221044632,0.0670299251608404,,0.2022320467165497,-1.2948485520852238,0.1513959816033096,-0.8807
-0.5423570980102633,-0.8142998093765889,-0.3249506146627806,,-0.6085955323013853,0.1248325901630873,1.81395823030242,1.350745546478438,-0.4048043458590278,-2.0299
0.2800495480338137,-0.0885698380522442,1.0359778734979468,-0.0102888636577769,-0.0509345904437322,-1.18088471543068,0.3345532435762523,0.8189433179314678,-0.1592558433270137,1.5527
-0.4113361660243856,1.0721475395591882,0.5477936467515733,0.5087654298744758,-0.3014941754658818,0.904084094153242,1.63080440897246,-0.3039403183016566,-1.2865526584404905,-0.6647
-0.0915875034263632,0.9408627978070782,-0.1383090058335394,0.7313540675155389,-0.759840405495119,-0.6230555135118957,1.2030639407085326,-0.8929334577075738,0.1130487098733552,0.0219
0.422933263110248,-1.0832502251115086,1.0929573134099622,-0.3097889268275344,-0.560162405345406,-0.7446560952710634,-2.7813083424225646,-0.7484307275484446,-1.0529638526934575,-0.5485
-1.2880323395240745,,0.0143876398791634,1.1580074185944496,0.4744418093135958,0.1827232281558987,,0.424408697703839,0.6083888042905942,0.0257
-0.4603500309801205,1.26815352990897,0.5767132779199045,1.0161485550673277,1.4552838858828518,0.1550193152427266,-1.7304048479942864,1.9764110507969477,1.012235341044993,0.8481
0.9534116957382612,0.9427213303051576,0.6627899769540062,0.9283512788066116,-0.5759388527381769,0.1976440841279053,-0.1931873648576508,0.0639258076137252,-0.8224793275033775,-0.6918
0.7180033774004566,,0.1459229084207323,1.7855403674386254,2.6320566365131146,-0.4175252505519908,0.0613024649952381,-1.1857132079731378,1.626165472741873,0.9672
0.8977849034897654,-1.604868267143918,0.5212227014508096,-1.0257144044761757,-0.4530792418300588,-0.9797071209851006,-1.3435521935744077,,-0.4644600045965197,0.2619
1.7779131290303634,0.2241840728848828,0.0483066306659339,0.6371360139713979,1.478635213204219,0.8938511955643599,0.5824471232418571,0.0574346710212114,0.1642239248017958,-0.2632
0.2201398285051508,-1.1827375095315324,0.9171624300007736,1.0999473269797204,0.7046872553421293,0.4107680593767372,-1.4881342497353838,-0.0503018465804864,1.6967117771983056,-0.5487
1.129283477976927,,1.5687192564315664,,-1.1138908455471204,-0.7647505030164606,2.3980460504146643,-1.0816214451544872,0.3135237657713376,1.8632
-1.9736554420125632,1.287750332831487,-0.2162904653177695,-0.1911047339847116,1.57199807711339,-0.0382429711296447,-2.114624377356644,-2.397261660066814,-0.6355143441534103,-0.4638
0.7112031489891534,-0.8633098282975477,1.4253725696668902,0.0765212771835462,1.009659710623473,-0.1184828970031064,-0.7778399885499636,0.0696527174027412,2.060903212940722,-0.7325
-0.3814944017263739,0.2692053046443343,1.3979942370510208,-1.5496974604098748,0.1520956346550472,0.7376225802947425,0.46380114462567,-0.6745415298053087,-1.298582354160698,2.1325
1.0429098725438095,0.6193738242550381,1.422807767459591,-0.9206687070394732,2.026646244936434,-0.2012758920233026,-2.0993757205862376,0.4491204165167284,-0.0177426868247212,-0.7830
-1.2602196430397916,0.0326738922477369,1.3376803499097416,,0.0842141470904658,0.9804106963114037,0.8194973192829673,-0.7144792846200113,0.4357476968459536,0.2204
-0.4222876457195363,-0.4892523409241258,-0.5178142307653862,0.9202536390774716,-0.9779589093141078,-2.066619516786956,-0.4415509976562745,1.4130508935044432,0.8442406743110432,1.9678
-0.0377183502109126,0.4371315819766986,0.2190181768893773,-0.4594782087865585,0.5726715472648439,-2.5154458425158635,,0.3392933282227041,-0.8626267561609312,-2.0892
0.0459727573976816,,0.2619594954639162,0.8990285006453891,0.0422648169071492,0.5024819541644712,-0.9409356982282064,0.0928575283979131,,-1.3757
-1.165778095074021,-1.825191351525696,,-0.7735442909265907,0.9685622770046236,-0.1286168855270374,0.2855937000131056,-1.1129211355048574,0.1689270465649794,0.6320
1.2331170812032108,-0.4766476063194592,1.0836385895976652,0.592434937284173,0.6138599393503766,-0.7160606347236237,0.2781192301505784,1.6602996642083372,0.1747194619702713,-0.2625
-0.8693186149881084,-0.980850382178869,1.2218404667661975,-1.1826912600483324,0.1649961427439109,,1.2061071371791583,-1.585123622540459,-0.0071267497100213,N/A 
-0.1521586140673613,-0.2089156418567783,-2.514687678367334,-3.063335007785073,0.5580311394974584,-1.2017671489911872,1.5853821030876418,2.3492283542659385,-0.3182605249421472,-0.5622
0.2684568795436758,0.3206916844459386,-0.2063378254334913,0.3284083450050969,0.5261355914617066,1.1639825728739317,1.0005341433741213,0.6842706116252444,0.3805944387067381,-0.5400
-1.9256067665029384,0.6584296030215981,-0.2094718759904168,1.0563478372626014,-0.4905440972988413,-0.7071364053338636,-1.0165814146962682,0.9453667085883574,0.0326269065554763,-2.2031
-0.0128361256902815,1.5250639957765628,-0.3024381462910823,-1.438972600531612,-1.1184653388523018,0.8017100269635528,0.2330584984379868,-3.274681132717145,-0.6845506829302552,-0.4349
-1.4457506915673597,-0.5057114116710472,-0.9704490544058862,1.2519629966301271,-1.1041710146504322,0.0310853119826958,,0.2748473788880192,-1.9844761860174869,1.6779
-1.537460249453033,0.3859745731864953,1.5129212097278206,0.3707523152166861,0.5263626579071414,0.7126509103052585,1.7187790298511,-0.5425864057980386,1.6110151178241925,-0.6981
-0.0348743899411045,-1.785055378368977,-1.0477632257407197,2.0030409374640907,-0.307744659058316,-1.3742245737842032,0.6891422095388038,-0.8546854087211313,-2.615904755958259,-1.2474
0.5513746873133103,3.177788265822045,0.8241245221068647,0.1798358172578981,-1.0436964240639877,-1.0843735554462277,0.7971997529897404,-0.3506770191839624,-0.5278361138086891,-0.3343
0.4215040764637535,1.1276456455699368,0.7668769825023483,-1.8908676281368555,-0.4838379013715113,-0.5778439239876387,-0.7588889675005247,0.4506507346398202,-2.046997069841212,-1.6356
-1.83607033567559,-0.1174063014669872,0.3587097161604267,-0.9716269909423229,-0.3431113532175254,,,-2.4792473288675967,2.102268775899291,0.4199
-0.8774602024907797,-1.3750956060718391,0.3036708813293883,1.7482806714752457,0.692844349937483,,,0.1798884017855154,1.2159798730504388,-0.1847
-0.6662139173187828,1.199943579273557,-0.6085416208182165,-0.2620270652305136,0.4981773460358118,0.7842473224805787,-0.5102242404954138,-1.070306255057816,-0.5399094777671816,0.5376
0.4543777616058689,0.9822394896741824,-0.2625541864602728,1.3759771973002315,-0.6894847695377502,-1.215610454578199,1.54526453856945,-1.1987335803058572,0.1200491266354411,-0.7573
-1.0307196952390143,-0.6669395426810438,1.049664225157616,-0.1153787581974873,0.01209607793072,0.2527647702403982,1.729669358523999,-0.1113943488871721,0.7715009249131394,-1.8024
-1.5777994186417306,0.5585177495430692,-0.8796682092179036,1.4871093079241182,-0.1144415057100229,-0.0451557714667334,0.1878761307312931,-0.917274827229235,-0.2294230695573817,0.4951
0.0887913445626558,-0.6034384540023933,0.4894561569731718,-2.55594688654336,-1.0534355443942482,-1.1986976389710784,0.0233238405966051,2.125008291565331,-0.6605491168616382,-1.0991
0.1866605859888069,1.385117048442026,-1.0857611744466704,-0.803031614665043,1.5144542359421955,1.3791450637817015,-1.3767371754660915,-0.7431518845783104,0.7014964505314613,N/A 
-2.2613753858127787,0.6121535922788968,0.8224671087600622,0.8993047488594571,0.750519116989353,-1.0623312987964149,0.1091417503358759,-0.469429889211899,1.6707589635231792,-0.1133
-0.1178788660001344,-1.037588270097806,-0.1834032212601444,1.4919893914696214,0.9311386742049826,-0.2982903495017537,0.2972025757092955,1.380105749244385,2.7016925757253083,N/A 
-1.3051833789524676,1.765337423605548,-0.1718009416386054,-0.9219830783329492,-0.2725362982154318,-0.0909482703238915,-0.6356431824933575,0.7098858951651048,0.4884920549762231,0.8081
-0.4536422955583257,,1.3442456230450306,1.2970581605845155,-0.4521928839012509,0.6869130543076672,1.2653624725378994,0.0834098799472472,-0.5691706256384179,-0.3119
-1.628803666331279,0.2091480649132368,-0.5497813401163769,1.2804812865323143,0.912136485396972,-0.0902759163802195,0.931632702808223,0.3781175323372909,-1.2069312387996909,0.0080
1.4924573612854477,-0.3038792286781442,,-0.2252993825029998,-0.6078762700367643,-0.4933017131236545,,-1.187965843341883,2.231620907513618,1.0970
0.7008700753984692,0.543549443982273,0.9012178221147548,0.6716958309383865,0.7336260588859096,-0.4431495062687176,0.5680813011443139,-0.3926113510878728,-0.4568847670716079,1.3561
0.847245615721642,-0.4283170201818681,-0.3147682296468339,-0.7735760323713707,-0.891882927729825,0.3852024404750393,-2.4714579668789143,1.2100649204960796,-0.5268805908078016,-0.3940
1.7293301057869153,0.0051180957919263,-0.0558728317319671,-1.799611437108643,-1.0502357423596227,0.5373364045343078,-0.5295361060661576,1.9783554053287813,1.218781388663467,0.6029
0.9873364283366868,2.392024591965722,0.7065298331155139,1.876424864175948,0.7155745766126637,-1.085800198914769,-0.0121646905210189,1.2174876225712157,1.161933266107347,-0.1392
-0.9562232183714408,0.8625461127179794,-1.803156290390289,-0.1678009265031621,-1.0298512367673252,0.8461116323291478,0.5034140872869933,0.9309425636665848,-2.0893933878294666,-2.3463
-1.1574239437596974,-0.3041882876149818,0.6615917238479891,2.3032861257188384,-0.3554691069631417,-0.8698079910353977,-0.1911185177562615,0.3653092454040643,0.1052525344404161,-0.5775
0.2412268217354861,0.4719657447558874,1.122349932429319,0.773760190042017,0.4107932244416093,0.72381753259185,-0.0881018515778672,0.4965386640928451,0.6567925953103098,2.0888
0.2591220015830933,0.7016352996052114,-0.691828431042559,-0.6225911852667976,-0.1299037280356479,0.4529881424135263,-0.6941306029701975,1.1313554618310475,0.6863078343323846,1.0460
-0.1344442910614391,-0.2604120348864474,0.1562452290997286,0.7389871875443428,-1.1084518285973706,0.403066854862346,1.4982157086782386,0.0153380591341206,-0.9279889608419098,-0.5326
-0.4798737131550266,0.6483194057065377,-1.0972834580054485,-1.3446951841389516,-2.545657065203396,,1.2912067568102903,1.3597576089214882,-1.3107487121715582,-0.3614
-1.210627213690788,-1.4852611042975543,0.3174959727353472,-1.2171873885561622,-0.6023461349659834,-0.6294969776713725,,-0.4708360270886152,1.9659685708985404,1.1368
1.6188822497019244,0.415825126874611,0.4875118315988556,1.285054802721075,1.091386214280567,-0.6537039640832945,-1.1560259148354692,-0.1115001852098946,,0.2347
-0.1030814889948165,-1.5709960841233104,-2.0708968719565517,-0.339241485095644,0.01771333067616,1.099175614256551,0.2651230971610154,1.080142611998339,-0.986267978249944,-0.3561
-1.2186166317196865,,0.5063807490200884,-0.1650730028391437,0.4078948188262456,0.3192606283864243,-0.0196082359850722,0.3805153237518079,,2.1636
-2.0640909372653606,-1.8548012041674289,-0.0910776612023178,-1.8856244312742545,,0.6313899355517217,-0.2908913124791448,0.7978284348760695,-0.3376325660002828,N/A 
0.1428475621538315,0.1428045940041073,0.6826576901790621,0.7132457922080042,-0.9508903640074644,-1.020205279949673,1.502165332451514,-0.7832233040093429,-1.0002954986368928,0.9840
-0.8400657906217474,-1.7567374703871623,-0.3849413454996467,-0.7461763915641504,0.856721227681169,0.1792688095757653,,-0.3751568290775785,-1.1008618504618335,0.1811
-0.5705010575119008,0.2323516306799725,-1.862460047689844,-0.739035123976038,1.173898490491788,0.7784895468837296,0.7889407250766813,1.3853926996227095,-1.144236392824858,1.0580
-1.8602689965277128,0.1753357032540671,0.0611920889424192,-0.3674178623296241,-0.3761880146835479,-1.9165946260723372,-1.5081425045037486,-0.6199883214360306,2.104798298275903,0.3595
0.0064380443914266,1.4799920238263229,1.845477106421349,-0.4237619371961695,0.0344328249914656,0.0281901378614738,-0.2276865607611145,-0.3703195709544059,0.3986563731281933,0.8278
-0.1498897209320658,0.550591544513728,0.1163258862487417,-0.0525580130767279,-1.077741652341656,,0.7112964875076305,1.4813976759912508,,-0.1426
-0.4518728503076001,0.7836862523261587,-0.2708668028067096,-1.4707014961965004,-1.5963371353028208,-0.1423527160528732,0.7037268570461588,0.0547735092261311,0.4054413927904886,1.7906
-0.8367503470583249,-0.8115476458378361,0.4548957253407835,,0.9780465775802336,1.93376172211186,1.3472896338608376,0.2836017871027685,0.4828187676425763,1.2424
0.5510933586900059,-0.9136915671541448,-1.331781657356757,,-2.1927200442097488,0.0324129426951811,-0.7922562336768701,0.651237782731231,-1.1552055908657262,-0.0883
-0.8739853975946302,0.109674217477388,-0.8351371164265479,1.5566288782244737,2.535282077067198,-0.7592029794133728,0.6807025015727798,-1.1519164216374087,0.41647942049649,-0.0271
1.2760138384472963,1.455829238373674,-0.4098995141800279,-1.3502867053082446,0.3931578168026497,-0.5551922790232909,-0.7154463246741893,0.8029665012578404,0.9163166553543068,1.6667
1.4240013395474114,-0.7468267893018933,-0.1148342400374199,0.8089356231600093,-0.3356271069219178,-0.746484346609192,-1.945712616881836,0.7530812217707589,1.8919442449025012,-1.1784
1.5824620556535138,1.9416887418386064,0.6166942626954018,-0.6529716099177835,-0.1787856147762721,-1.2834089975934972,1.7313308111180032,0.6821738338785088,1.0858881253998751,0.3588
-0.4499933718044548,0.0564820114455687,-0.4859979787766297,-0.99218282072709,-0.2859159302152846,-0.4564351709440755,,0.3908277184958832,1.8254276517595267,-0.8835
0.4686656932059128,-0.1077540276132916,,1.699336813374624,0.4042540577432243,1.9657889726502067,-0.0034466967182108,-0.5793015498893896,-0.5081941454706085,-0.6119
0.4355827305849366,1.129935875149627,-1.6262936236488574,1.1129153413241777,0.0521933833046001,,-0.0922174077667151,,0.2340803175115087,1.4804
0.1435330181853692,0.7699112593657049,-0.4067772464627033,0.6358698273957096,-2.715141206735051,-0.3443306842141802,1.2189261879342808,1.723566465727951,,-2.2788
-0.310257460369875,-0.4031743234065046,-0.8673731078841986,0.0641561119575943,-0.5968163311974288,-0.955009663346702,-1.2293043895491,-0.2825955471793264,-2.421811722364528,-0.7854
-0.9959469622565148,-0.3773180817643784,-2.411231571792704,-0.1108823625229606,-2.462222578964985,0.5601603766172364,0.3353319576437339,1.5278901748240077,,-0.4056
0.0108600854897557,-0.1556745904080247,1.442745763896571,0.5093078254687239,-0.1301903181812566,1.3659726722887873,-0.6963781815379785,-1.6646440745718951,0.2499982304163813,-0.5274
-0.5353171015748257,0.799714815447556,1.83717659463364,-0.7543115843026253,-1.3044112569595074,0.3283335008967143,0.871612197097395,-1.2615754546447815,,1.7132
0.4037078094885255,-0.0216517485663542,0.706116864789311,0.0103651991464443,1.0046745025543993,0.7580301270669516,-0.228381877881789,0.53440295713801,-1.3792849856525575,0.8635
-0.8477652499654776,-0.969743062569834,0.4123645586786967,1.2832494253285338,,0.2314581131132031,-0.4416087607908982,0.9871668465523504,0.6697680937807144,0.6202
0.2034138635438701,0.4280584994521921,1.2492039672013002,-0.2047206171665884,0.9897642508256947,0.8387470204421696,-0.6712326152263817,-1.293893427059173,-0.073139743277967,-0.3281
,0.3536217345918707,0.2099184931450908,-0.0034821637733043,-0.0915988284130823,-1.1448614660950234,-0.0422101320122983,0.4212443225492244,1.2496459144453615,N/A 
0.7824518916819602,-0.5421055256925857,-0.0229724333128488,,-1.092410903714919,-0.1783546507110832,0.0093491334688195,0.2572183224010071,,0.5708
1.4512615785727858,,0.1874240351348514,-0.3903646623854176,1.3216125684421962,1.6655272159496428,-0.23715329827404,-0.5330307963395988,,0.7618
-1.9972730619044132,0.9843224305581686,1.4934469891958064,0.068419041989714,0.4079404806681344,0.0927069583092716,-0.9081269231641256,0.9031744498591446,-0.8370130336782587,0.0842
-1.2766118380554503,-1.4622063529880325,,0.8863655573346296,-1.2375979670739332,0.4152713749898769,0.3264040785558724,0.2934718848861875,-0.8199110031387776,-0.1848
-0.7462667780940025,-2.1049705086221797,1.202408831344911,1.0328925929820116,,-0.179158115077899,-0.7904266302624615,-0.3977760058291021,,1.0013
-1.567343945654825,1.328771027653349,-0.7648008861290654,,-0.3341353228759032,-0.1711298160076781,,0.7621569644718945,0.4188907178829932,0.1348
0.6135146018836595,0.0877048822151791,-0.1998811617836441,,1.3641648816312384,1.7673809137105707,-0.9321657812744342,0.7167319857892837,0.6240178120918559,-0.9882
1.4663522867947514,-1.4006300590934386,0.5028098907620452,0.0751905724212082,-0.2041434625730633,-0.4977673611985231,-1.3443574232238198,0.0176103681413795,0.7831751686980913,0.9958
-0.2052130567674805,0.5085756340523832,-0.1078583109992313,-1.6396346915067692,-1.3378729343485911,2.082991001368019,0.2140938384217484,-1.4502736499119953,-0.4190552697924884,-1.3722
0.6037897437766951,-0.5054547006809639,0.3056596166556204,0.6486130523690985,-0.7296552817421967,,,0.0947997149391281,,0.1651
0.0096650180536785,1.4434715259389757,-1.6120087511864991,0.2751831390760716,0.0161443868356586,-0.7870046603106726,-0.2777491142375342,-0.3580292710948226,-0.1905115396527246,0.2474
-0.5067131300442268,0.115138271980142,0.5821839158105727,0.1957030649065437,0.7621290307958627,-0.0683491966811705,,-0.1801627970170447,-0.4102564792026473,1.4943
-1.5265269338502243,0.4669914930976944,-1.189594390805714,1.5650846785385486,0.1475839381694703,1.2094925566740302,,0.9120822285744068,-0.323600148870617,-0.5743
-0.8691696624763725,1.1207552886692624,2.937280409356526,0.4435540915278235,-0.6198164742421954,,-0.871141129965851,-0.1443886691082712,1.4672255207918157,0.1076
-2.6277387055789494,1.9711766160327548,-1.063232155577399,-1.085932809591833,-0.9656502870587064,-0.2067495796002166,-0.0459416410360151,-0.7256954593414477,-0.0493544220781913,1.0554
-0.5504849957378393,1.270437504805189,1.8321641544013123,-1.0526367806312076,-0.2082911520127729,-0.7709987159482109,-0.002415182691707,-0.3553368375962711,-0.3079824441464119,-0.2560
1.228871593279162,1.5564012885454488,-0.2761901227070422,,0.9220164195291436,1.5155373431363597,0.0529037866880144,,-1.029787506187757,-1.1885
-0.0050636036274736,-0.7154012616916698,-0.2644798850377491,0.1329721789312016,1.1866459847886297,-1.939795326243722,0.843784313220875,0.1237600078172095,0.8166816210801976,N/A 
0.0525242205128506,-0.7408730028328211,1.2247731376071898,1.172619304323143,0.6607136523669181,0.3977520122848629,,-1.0693759360391997,-0.6553682250301762,0.2141
-0.0197225233084275,0.4293260494107828,-0.6027212951484188,0.1779239860056733,-0.2589048906488251,-2.8636617029721623,-0.6060768998440872,0.8830592573833375,-1.4853465923683398,-1.5792
0.0417253100015638,0.8647728311098464,0.7698675223379747,1.857527463840392,-1.080278983255338,-0.6319164255580596,-1.0396656057373623,-1.8710300120493888,-0.6168119394978453,0.5515
1.0866576222981217,0.3596863377716301,0.0108666390762246,0.2875472414351556,0.4058952182021749,1.0881833977227893,-0.1128738359345798,0.1490886784416144,-0.1527726172855656,1.8105
2.033062148744352,-0.3524643671813682,0.0828063284666967,1.7441540238629891,-0.617685179741732,-0.9541717096207896,0.7250142990175672,0.5866290438144708,2.0707827258413927,1.1265
0.3660173524721783,0.6590480881405342,1.304050489476423,-0.7895098464819008,-1.870910840094297,0.4325776879414016,0.9438086815180852,0.0372225981450419,0.1382342913972144,1.7031
-1.2849559863145992,0.0040291054534318,-0.7421134329599055,0.9346308366737708,0.6531107707365544,-0.0578100268569279,1.103705550200022,0.7442796066983516,-0.4861977173006305,0.2904
-1.801833722013353,-0.9941416618089745,-0.1644484412223184,-0.3515650352902623,-1.602067437986041,-0.556999829694289,-1.5912123715286637,-0.7553254137549082,0.6361233059272272,-1.4452
1.1521791150017395,1.4809743296145674,1.3472152510920714,-1.1542304891428172,-0.3051085379990144,-1.7961529326355463,1.3313239710297529,,-0.0001986262042524,0.1932
0.9710881582219528,,-0.1356492052124386,-0.9331307558434044,-1.155721590415283,1.2549685027524335,-0.3044924120592606,0.5854607572501395,-0.4173936259367984,-0.6996
-0.0290168710882251,0.0871377649240484,1.6757661128240506,-2.5598826664729555,-0.3418257541783287,-0.3274889764552146,-0.2869288000421302,0.8553714028742543,0.3484641106882639,-1.2488
-0.706415965002306,-1.1329640652938762,0.0610025386078495,,-1.0622629586280414,0.0610070217263531,-0.4141569963964299,0.4567474462332653,1.9982013375703933,0.7886
0.1877274026102852,-0.110907141852034,0.5740705467141111,-0.0652627238952754,0.8030797908078605,0.2660275468675463,1.0530010007019683,1.772551903786829,-0.6784310212119271,0.6544
1.0537045863002694,-0.1584269567916145,1.637791405909384,,-1.2339791424494868,0.1180246892638157,-0.1141597381870828,0.4416381782766753,-2.3638782602266746,0.1541
0.3652546235812791,0.314891119827937,-0.4604125466045849,2.61422746341398,,0.1497227169909796,0.2171567703147062,-0.6312496189389033,0.7683255853756004,N/A 
0.2845458714995695,-0.5706965381663541,1.4617906466410735,-0.5780954211122212,-0.6200906840476288,0.3184405490929823,0.7491933799738517,,1.3566153244043668,0.6360
-0.7575021842759471,-1.1269496923661289,-0.6174165127684786,-0.1954606690110019,0.9147197365380484,1.2359264426304954,0.4119451295720683,-0.3714332102908719,1.176905488052214,-0.2267
-1.072624444032488,-0.3263391230313516,0.7949867732798919,0.2439156263610123,-1.394844201940726,0.9960023995631012,-1.1382771381139587,-0.4951877266777461,0.9914324963608684,-0.5240
-0.5654417569691021,-0.2796151473109491,1.0429744975939272,0.8909785288761352,0.8399862011912713,0.332169448416834,-2.2215411894878785,-1.047727836359858,0.2526028963589012,-0.5300
-0.1729860773249625,,-0.5168749365576383,-0.0071803243707156,,-0.7140013185696322,1.2762628551339426,-0.1253305983382209,0.3466128017208332,-2.1181
0.8128682543375428,1.831806600713925,-1.1407436642689264,-0.6365631533801345,0.2365450776140772,0.1510962138135821,1.2534827488835756,0.2780344840864439,-1.2976858373943778,-0.4473
0.534209967810343,0.5393264502038667,0.6765427411647096,0.3022482864375287,0.6990342377118296,-1.2680468516833443,-0.4246121882302646,0.5213837857614082,-0.5781011932181439,-1.7197
-0.2821091950003604,0.5818974259696431,-0.3872876093364739,-0.4306492069139983,-0.1395168325530519,0.1425919085545254,0.5394871011615926,1.7964683115741944,1.392531911674277,0.8064
0.3217496913595466,2.042223586825777,-0.2138092109110931,-1.067530110360704,0.0341595874905948,-1.4345837536014592,-0.7018573741224909,0.5996874336045616,-0.1874166889605789,-1.0981
-0.1731890255995418,0.5762414224002037,-0.3750848247711585,0.3757175752738586,,0.421844874728941,1.079519501541771,-0.1547876106365955,-1.5457220796008218,2.1625
-0.1078726805876859,0.2058145438389744,-0.4284271797315809,0.0027145806640821,-0.5025587078952587,0.8926920683972349,-0.0690120320159557,1.1625699084059715,0.1057220926282743,-0.5669
-1.1137926150837605,0.6928347894884851,0.9292463160264316,0.7173699273626976,-1.2718565405146842,1.0553356355138142,-0.5270395875501239,0.0587475650527365,-0.7380974977839437,0.9666
-1.2728091897144176,-0.1206090765209339,-0.7245400246771913,-1.761235519409802,-0.4441467022952995,-0.0519140903479739,0.1406846652357897,-1.0809735409225578,-0.1686672139171382,0.2716
-0.3130281941161853,-0.2507814426478695,-2.091814340311271,-0.144649508481197,2.64845833390588,0.3448144777359662,-0.0716899888903319,1.2068921562491903,0.8618194726593026,0.7248
0.8958341852498171,-1.0014252216568809,-0.6567452928827311,-1.8291658169163385,-1.4222718840549244,,-1.3804115197523834,-0.0944195094956459,1.077182569373056,1.5403
0.4625917652299941,-0.2310471090187295,-0.3333152683151378,-1.5965366995658834,-1.1265705616703614,-0.9849280688029288,0.0581635117120597,-0.3203256206805575,0.3570465716717583,-0.5017
1.0478318023902145,-0.4509948638310164,-0.1487391219818715,-1.5459061168873258,-0.8329574195843569,-0.5533768947451986,0.1264174079484228,1.721327533851306,0.772882824637256,0.6641
-1.256355556146867,0.3798723766413208,1.424025983469872,2.1954529481165883,-0.209235262210239,,-0.2370512365941051,0.1590286916521177,0.0145563491296655,-1.3801
0.0806724176653361,-1.0696365310589175,1.1234923746585703,0.937468120778289,0.0132855374812176,-1.5882948202512652,-0.7286798125784268,1.423120039432358,0.2330915142199305,0.1675
1.0311138623767806,0.7813933643687669,-0.2137725206518466,-0.701650372490233,-2.350184516905155,-0.3458702374021286,-0.0770713781427282,1.3600411938816326,-1.4088419213429664,0.2889
0.6120371712297641,1.1551522002393189,,-0.6148302294201351,-0.2702548978848514,-0.7172398087064936,0.9221439660098628,-1.2880863595715928,-0.4844009042716495,N/A 
-2.060355881144253,0.5508758896054397,0.3090010818001991,0.3849526956349008,,0.9669599350131168,-0.0705640459041849,,-0.3246110505623999,1.1921
1.0118351768773497,0.619927082985613,-0.3216044906864914,0.6484206737465477,-1.1519150144759225,-0.9203952030683676,0.7153611496849078,0.3085521930555698,,0.2375
1.695659373714667,0.3525743584880526,-0.4062658237513008,1.263343769619467,0.0060740496476758,1.389831383353706,-0.6820582140651634,0.7134104718858657,0.8690714723213845,-0.9442
1.2271394732840568,-0.4873073609290589,-0.3744570552294414,0.3960968281506469,0.5908909533929648,,0.3586298014471632,-1.7534212488248553,-0.2380117091657675,0.7538
-1.3365155263197426,1.5573512252329094,0.5300866154681552,-0.5350256062278307,0.0072814183675095,-0.955991388648689,0.6154642538498161,-0.0673247656251033,0.022713349168471,-0.3668
0.499706671493329,0.4742269631372403,1.309078423818691,0.3121076733033726,-0.6830309162383548,0.1297636022188365,-0.8128890628676723,-0.3507480676968328,0.0999615775728355,-0.4492
-1.3164020026032843,0.3059012033307897,1.703818005205068,1.3507600733723075,-1.712210403908189,-1.367840826788549,-1.283680757523144,0.9717622236088754,-0.0160965618495176,1.9359
1.2876111794120402,-0.0944869580924031,1.8937277430460453,1.602696281466752,0.799926790213537,-0.5918579242713893,0.6661354912064149,0.0750570650859518,0.1018504862982397,-0.2340
0.3999854015744253,1.5859059299792335,1.096557232090368,1.62762248889687,0.9284573291090912,1.3617156174488558,-0.6368710015097997,-0.4210830396139255,0.3995125361288735,0.1725
-1.7363038869344856,-0.5069421599414505,-0.472584859631064,-0.5398206059288573,0.8976728817580629,1.400643632548361,-0.5756799013324331,-0.5495211138180789,,N/A 
0.4031812680110522,1.910403031095233,0.2604368196576465,0.4777258222552218,-0.2157801487796738,-0.1828826156686012,-0.6614743010149113,0.3508765217110517,0.8373178788927534,-0.5509
0.6121001681687623,0.3813475880184191,1.278337081583694,1.581116023961572,0.8163546361160314,-0.2291847465243842,1.058724798931385,-0.4466336031037167,1.0833752299981276,0.6523
-0.1507806395830675,0.809074671959364,0.5999145026705939,0.4008122881151988,-0.2296648126231493,-0.4862133855236382,-1.163720852218073,1.0847369230899142,0.0363259422569952,-2.0028
1.3179212096284505,1.6220853249806155,0.2769624905155306,0.9577164168074688,0.1748522614513087,-0.0494387245356188,0.7806562633814167,0.7229807271851624,-0.2266952084410544,0.5977
-1.842383282515052,0.7681035392189348,-0.002139934653097,1.063436650497816,1.051269879943406,1.0035293282583535,-1.9950296939386452,-0.2814174592824025,1.22123525189582,-1.2178
-1.5408699538746589,1.3122708769075595,0.9432206816809992,-0.6136546126447724,-1.1306311023965423,-0.2979045649283512,-0.0442620743855225,1.9980044136616668,-0.464740424522284,1.6951
0.2628700285417524,-0.3309734154080163,-0.7944462210206998,0.3276962169027321,-0.5915400942862872,-0.8066683987712492,-1.4631953321800166,-3.2574356523404697,0.0540575134225856,N/A 
1.618955341520434,-0.2195762322342784,-0.4375079136594981,0.9056156425248268,0.4356616748393352,-0.2684466904226286,-1.1257355283227908,0.7631422233487507,-0.3411082831266524,0.1882
1.390064998494244,0.8012898733290981,-1.6439325290221694,0.0227065647977982,1.478443953014256,-0.5795261207084298,0.1853024336140586,-0.8249835199287259,1.183538080314518,-1.3473
-2.096327057740115,-1.3738360846650448,1.5507978124371224,0.6647740861638275,-2.601831640504218,0.3476173722622335,-1.2458949475053855,-0.0672876109404987,0.229260412409078,0.1480
-0.301598626022484,-1.9463510530358232,0.9602553779863984,0.6486682772546819,-0.1707995812221257,-0.5273450530506041,1.4384006620820555,0.0352767452652932,0.3090397000969752,-0.1661
0.3034471715160962,0.6752233910561299,-0.692684561097066,0.9507501736233566,0.0705063254206664,-1.7215935912225195,-0.3268996166250773,,-0.393234242362726,0.6507
-0.2439889682210463,-0.4833776413966616,-1.671881545228454,1.0597127420547652,0.2761252944512315,0.8889899939064811,-1.0464184917624166,0.8401975090950158,-0.8116408384096991,-1.8484
-0.0167620841449273,-0.3157618016916519,,-2.2648267576414303,-0.7020099563259149,0.2583143573769643,0.7859391221702319,1.0430411037683716,-0.9735513795976918,1.6880
-0.4007936239789937,0.1476480656958749,1.8878672873234448,,-1.2802667808897603,-0.0214048747478534,0.8114064555125142,-0.9468639179787012,,0.0445
0.1544345011096289,-0.2394530609173891,0.2514958380570309,1.829412636513116,-0.1612955420193071,-0.8774191104134544,0.1943014176456282,-1.3340638581539075,-0.4777946822062807,0.2595
0.916936654133817,-0.5810720276167204,2.024452777622283,0.0078797610283409,1.48335836428905,0.5220678876021504,-0.4578447242382248,,-0.0415213362483205,N/A 
-0.2246863209337526,-0.6486549776128588,-1.841459502471892,0.7023226269379209,-0.6846624152950467,-1.363605809668067,-1.827054354960182,1.033532162438639,0.5022798192922047,2.5968
0.0255465666110499,-0.4775533075402646,0.5174385629184598,0.7586674444130149,1.4097843961811127,-0.1359309399641034,-0.9340765904375612,-0.2329084450156749,1.9953274170944488,-0.6416
0.4847592167981386,-0.6375555339028531,0.8263937686680918,0.8848281643522773,-0.2759369123068728,0.3834602147674971,0.4822618706796284,1.1971534412438636,-1.5948478052099209,0.3398
-0.8818948274551321,,,0.6085983749978395,-0.777916551374148,0.5240934911144166,0.442472307237315,1.955604985667296,1.2535716880545262,0.4000
1.2056336001166892,-0.1423730122692713,-0.5210311501527792,0.1638146645718864,-0.5621892407288027,-1.344319210200714,,-0.7652496220311837,,0.3441
0.2015535527150751,3.215797096450688,-1.9133199791715856,0.8015661078043064,-0.2289942109324478,0.1834556081157969,0.8757379072245763,0.0538218798267023,-1.2965427076692746,-1.9432
-0.0278630108980584,0.7915371253536005,0.4397301490334612,1.104623403233015,-0.3040320840781824,-0.3894903223430596,-1.0746493920968334,1.347863353261039,,N/A 
-1.4878305482379928,-0.4482223138281846,-0.2051291586223127,-0.1432451160370659,-0.6541338329251365,-0.4201474870695162,0.9163914676423982,-0.145152504139802,1.107872184437455,1.1905
0.0914041624090135,-1.226014315021615,0.1875134682346653,0.2263150954369723,-1.4996892095698395,-0.2564774963220518,,-0.7718607642004672,-1.062641563880978,0.5293
-0.935749462840263,-2.438669028889638,0.3910348951734004,-1.239360301460795,-0.4189653173736176,0.6482958028057434,,,,0.0427
-0.4258977266495095,-0.4976519347869496,0.7191444895314022,-0.2618450664182145,0.3340133861192093,1.56836850337266,-0.4168708173213128,0.2146432261683187,-1.5084082633860687,-0.1770
-0.3040914465961806,-0.914987458850844,1.6463436005193686,0.8792898504736688,-0.4401856920909111,-0.0271596368005528,0.4565284498739117,1.0186491367039077,1.2706304711894207,0.7949
-0.5913855331950681,-0.8948598637328807,0.5801042565700685,-0.395472901538157,-0.0455756527357404,0.5722846915261075,,-0.3249422326443882,-0.6790696269606481,-0.7367
-0.3307515500601115,-0.5163686029137707,1.345212042747708,0.656965697756501,0.0687380001640729,-0.579644334788241,,-0.734865517300128,-0.5173552506399517,0.7108
-0.6156769031437589,-0.6920018955786559,-0.1659666144890182,1.2387023490534423,-0.7034284071762462,0.4151872166414127,-2.555357895522965,0.8723534883447195,0.9399933322107704,-0.3013
0.0230370943081318,-1.5789348256758364,-0.2446714899060681,0.0006765644764163,-0.1262143007063002,0.0130132281102306,-0.7055747057953647,0.223704779174399,-0.6454280069742041,-0.3906
0.5399863403827468,0.5832553840507796,1.1742422328552178,-1.5159896993926747,0.3615265660421099,0.6678032333687394,-0.019393417862379,-0.4799396310197886,-0.256336611728167,1.3364
1.4566077689842547,0.6763149549114741,1.3934798789171374,-0.5657572158546638,-0.8755143823196047,-1.4076284976898927,-0.7836853259459425,-2.099320891842771,0.3903134038431381,-0.8661
-0.2330655233135707,-0.2585709452578138,-0.0976776864888008,-0.0148800205121147,1.2589841108702269,1.6868886971836858,1.0230943332733269,0.2233017421838276,-1.044187435225581,1.3415
-1.6377842712122102,0.446562799487031,1.6407485165226925,-0.9286412604277324,0.8362674598320169,-1.8391286311964268,-0.0445624642556171,-0.5109116141226651,0.0065118088708088,2.2789
0.8040399074160739,,1.6779584074257994,1.122914153302868,0.7218492280233405,0.510166595517792,-0.4916833961181935,0.3314681134157669,0.648331480120801,0.1023
-0.563681186333215,0.0819864103053554,-0.2678497067361499,1.1505480108101958,0.3632883078488851,-1.2844317159436958,-0.3571533304841306,-0.8670349368893258,1.1701261337455584,0.0577
-0.2350822298090138,0.0041020385587378,0.2447980885459856,1.397337976617336,-1.6355866180091612,0.5342249622671237,0.6164509224048732,-1.2608278056541409,-1.6919679287768086,1.2697
0.1009242942970226,0.1358784353418189,-0.6934682867557167,0.3815764039228088,-0.1581997916410257,0.6230957775445707,-0.9392043341004678,0.0082115592938781,2.102320214724796,0.7344
-1.994318596481702,-0.8437639577430619,1.5693367679432255,0.0480059162802618,-0.284344786731846,-1.630890618629241,-0.5165300424172203,2.287700491732137,-0.6477775248039334,-1.5511
-0.181146810602945,-1.1171442864181622,1.380946992228643,-0.7807854970725028,1.266393481368725,-0.2124676623551937,0.0313766992248558,-0.4618664540741846,1.33207650495213,0.0131
0.967119483599008,-0.4229551367837464,0.8431449049981854,1.124833065025307,-0.081353432915086,0.1268733719875432,,0.8163908595546902,1.4530925564082062,0.1553
-0.1293875257524453,-0.8957006220681901,,0.3395706733498698,-1.099487970394095,0.3212506415914753,-1.1307756864073089,0.0287679783730225,0.7316638756732523,-0.6770
1.7647843785530668,-0.8132859089927318,-0.0477656098642508,-0.5158932120310695,-0.0355608717782054,0.7329129201132061,-1.9205644805913624,0.6180511090406592,0.7299890628340546,-0.3673
0.1347875272478723,-0.7825011089864323,0.6594887432435252,0.8787251140602061,-0.3955464413750062,2.18033227942635,-0.0204448223247666,-0.6632876862186896,,0.3413
1.129765732287317,-0.0423360374691591,1.1518684739831928,1.3873325412646602,0.8769803160134415,0.1934486307146189,-0.9253958628215748,-1.619141431774884,1.7432873009804757,1.4748
-3.0337164544910618,1.6102020598869111,0.292189524032781,-0.2036702682199173,0.9631432224160292,-0.1252799822220967,0.6378235674052023,0.9067841636000806,-0.6439060191751058,0.4785
0.923635616919398,1.0303728817968187,0.7084115960227773,-0.9988452264550074,0.9319368239989916,0.7796840128753423,0.3150110178972387,1.9478762048232217,-1.0683716113615076,0.4297
-0.7344319405872844,-0.608474459352269,1.2102249267580774,,1.4176338193411877,1.2993017624389671,-0.1338036675932133,-0.6344910191558807,0.3487326118721791,-1.4917
-0.0187308290943847,-1.2397688492586707,0.1014268152478189,0.0471877427891389,-2.133884792619411,-0.9148257918492272,0.8192573025612206,0.192377965691802,0.2258451533446955,-1.5297
0.4411161425159279,-0.5747275741847718,-1.777950420343508,-0.5669996051399508,1.652504115983178,-0.0765351093693232,-1.604113439033176,-1.3585580636733607,-0.5179943754457218,-1.6323
0.677788773920153,,1.122138103215099,-0.1095916294457365,-0.1553760931160396,-2.2816265756639496,0.6077869850914335,-1.3346878609306536,0.4641848920170169,0.7504
1.0927789131560246,-0.4534258288980909,0.3687288764003991,-0.4444785654445681,0.2672463583657691,-0.7389492504132839,-0.0309755146060357,0.4392920341719172,-0.0023017896901667,1.2896
-1.7142299675621937,0.7846355444688756,0.5572998506947714,-0.6738928121357872,0.5880808153497066,-0.4708354398542987,1.2388587543126546,0.1657383345054697,-0.6227719537129388,0.4776
-0.4822215462324086,-0.5580024431006039,0.4879038335672796,1.1049121935009636,1.4387992233524194,1.06314425653724,1.9520623180516403,0.7396039810218686,0.4566210016648524,N/A 
-1.683877933024102,-1.144127483879241,-0.0428435644849077,-0.620860236848095,0.1597752129739061,-0.1742100869293824,2.349020156095578,-0.3991560892868238,0.0245455496728225,0.6941
-0.7705434849265873,0.1075456664120167,-1.6511426170535006,1.3134177192459455,-0.2301208020427662,-0.6042854004634408,-1.1055033817159932,0.4726099305462369,1.1603885342917195,-1.6374
0.7515722391096613,-0.1178715565207413,0.9540042971985356,-0.4289090557284969,-0.2025422468219382,0.4807458367856172,-0.3417090544731863,-0.396894005106915,-2.012159882565722,-0.0785
0.3731621100792172,0.3050317901547496,1.107027352699986,1.109846165788964,-0.0226082874214971,0.7838110718827384,-2.790081413194868,0.0187638386325527,-0.617201745060133,0.7136
-0.2579234454875224,-0.2403997466608395,-0.3970027916428028,,0.8391550891968861,-0.0753403467953857,0.4956135643149302,-0.0944155690098075,1.228121732380664,1.9953
-0.7103519881975313,1.6103428968935214,1.0507548672519973,0.6934306513609434,0.190663769543659,0.3513397932650366,0.5335110104057972,-0.1324730800886929,-0.1006457117720997,0.1129
-0.8552004985048178,-2.437970327698035,-0.3587739428342896,-1.2980931703320655,-0.519395956592184,-1.6780699328993205,0.623705152436461,-0.4785937785811228,0.3207232714578942,0.2561
-0.0953216407218025,-0.7959582938285594,-0.5096186383295042,-0.0409284639621013,-1.4198368659235292,1.0250471239998509,-0.1947696846726631,-0.8294259419327279,,0.0790
0.6369838876406549,0.3010292082145955,0.3342188528577355,1.3688108360962568,-1.5470890302858,-0.5575421841653048,0.6634871511015986,1.3136846308688457,1.3213856514345066,N/A 
-0.864294735527973,-1.677026640072777,-0.6494456575344015,0.0047279569079371,-0.916646101957324,-0.1105242031490015,0.2340283342337863,-1.0480202728525618,-0.6716730546991341,-1.7089
-0.5441574554841674,1.253426863866936,-0.442101739953477,1.084677472697271,-1.0327473715379991,1.2578528172669297,0.0164710900470439,-0.4293270703560427,-1.5538969381713297,1.4078
0.9225129893700214,-1.2740607637716097,-1.5089604997435762,0.5531489882008255,0.761284884202846,0.8030573993782109,-2.025466406911682,-1.256000797769227,0.1609138916698512,-1.7229
-1.2175085854434624,0.1709381405860235,1.8138727439064588,-0.1630194233827836,2.0226406976468665,-0.0340674591276455,0.0599173892054957,1.1191920114035068,-0.1027364153669499,0.9097
-0.457433590184584,0.062756314040174,-2.520704737436209,-0.8263148953225647,-1.7432100242674289,-0.8016170337124437,0.0484168272130699,-1.5156169295205184,-1.2287782244008776,-0.9248
1.0718209958306335,0.4609689642424413,0.2103892700480318,-1.7030661374996132,-0.7339145070502225,-0.3427582702490622,2.374305646142624,,0.5333006072588613,-0.3827
1.5205056809538802,0.2671886928087211,-0.983867491155034,-1.232022531833256,0.937382937701156,,,-0.9617300406692514,0.5495092805998784,-0.5584
1.1104705148682563,0.3033172140179679,-0.4668536336213653,-1.1948671004299378,-2.26599704166495,-0.0705510327695252,1.0885635715645967,-0.3947236779605931,-0.7555621855115043,-0.5744
0.6783471156112784,0.2087772363547612,-0.0027714551651963,-0.881762328024569,1.303051809892312,0.7591761254324926,-0.3071627313860074,-0.5386285113877025,-0.283851071562328,-1.1194
0.5566570843777383,0.9141515558601652,0.490987431203413,-0.6145065782984609,-0.6738216515863148,-0.076438882249014,-0.5186884403107195,-1.4067801591042126,1.43288412442576,-0.3618
-0.4241429562293088,0.948707326004201,-1.1421542588003386,-2.111347639156842,0.8523364125618359,1.7035538964815722,0.4426535931507717,-0.7563025057647134,0.2651749139822573,-0.4389
-2.1216354178587555,-0.0585631590920807,-0.980022588860928,-0.3751471132848342,,0.4474411911082646,0.1527196515571541,-0.5822703288838391,0.7286859247178354,0.6837
-0.8109962148620976,1.0618121170475547,0.7792857526765234,1.08175363412575,-0.2760778170101104,-0.0474335353513655,1.0791843973984658,0.0481032559606445,,-0.5612
-0.2892985380606803,,0.0875142114828886,-0.5929058456138819,0.0511680137708244,-2.7353832399590776,-0.7838152958483297,1.1972210188525378,-0.95063990997668,1.0781
0.10597933356889,0.940499196922728,1.9561992292627652,0.8325225560032411,0.3620325975050927,-0.5331317072321203,-0.4913260054589553,-0.458109709086393,1.2795399102361973,-0.6826
0.5343634793987491,-0.1534001433410324,-0.7338322652794934,0.4930772039949583,-1.402942850794819,0.8763492471753401,-0.7847324861123393,-1.0105171647812434,1.6759632435531129,0.6194
1.716136145959866,2.2659556054158263,1.0976119076023334,0.4320320237935566,-0.5875726700869727,1.1526190315877798,0.6736057464489292,1.428601840240969,0.5690553248315741,0.7256
1.540453088604954,0.6326996264005299,0.750611825232771,1.1752723148342863,-0.8185855366205417,-0.4727635989653673,0.2410696993317989,0.0203100630130604,0.1175583586300784,-0.5867
-0.7701121606733433,,0.950835611543148,-0.572559107473789,-0.2583052377603412,2.595126231739691,-0.4569789177640518,0.054701473443947,-0.1657444643419697,0.5237
-0.3528640497504778,-0.053516461056444,2.5184042238688846,0.2699798788310648,-0.4884409151979163,-0.9320097601529928,,0.1414516751677612,-0.639520720612233,-0.6045
0.2897744111105841,-0.3355597286495256,0.3846145104313297,0.2118197244173162,0.0965518662741774,2.5477424305807084,,-1.1160103812016982,-1.3984665538261816,-0.6659
0.1855079216475627,0.5730256661929812,,2.00978576153281,-0.4431636853773722,-0.4062644349567422,,-0.1462800120268878,-0.951869244624496,0.6903
1.6407163649481664,0.5599035266234264,-0.0417272273017415,-1.0128863570989086,-1.2138658917974148,0.8046113535882303,,,0.5033712354166102,0.0806
1.4808357818038225,-0.0962861309637622,-0.401429535617345,-1.6580122137125477,-2.076431008067172,0.1406957129442793,-1.421190558765452,2.439694203320854,1.3951702133989587,-0.3132
-1.456419539637826,0.5328079458599742,-0.2441092570221975,0.5494091432794728,-0.3137610410722829,0.9869578500682468,,-1.0765330013682952,-0.1623101636015514,-0.0341
-1.2076692404542788,-0.5588818934814888,-0.967326089611601,-0.35123997929625,-0.3724157457649117,-0.3276996985675767,0.7756542216651379,-2.007975192617311,0.4694962060667704,1.6711
-0.3872142984133202,1.2268198261747072,-1.1174971497514623,-0.3739056372638095,,0.5588515639253526,1.5992856919390543,0.4419345576301873,-1.094684369610923,-1.1882
-1.513470791347433,0.096131127879133,-2.704639427291144,-1.1637116106941998,0.4867693698036186,1.1958046919261227,,,-0.9941779924743374,-0.6527
0.6627069481429679,-0.1981264321223067,-0.8395400908590966,0.1062589876168008,1.673742952155435,-0.926275792572734,1.1958565618648866,-1.918312782587805,0.8498426819141744,0.4305
-0.7470809130197887,2.275739563742336,-0.4200613913710518,,-0.6406612007602579,-0.2409430609416767,0.9125776278967144,0.9084152519579928,-1.5488902992412077,0.7240
-0.3311396203846863,1.6470362255385425,-0.6143556438177565,0.2089282426225401,-1.7739051559128691,0.795997720177898,-0.6629940244166114,0.8323259345192033,0.8740485397597398,N/A 
0.2341110944272622,-0.7509620458758186,-2.671934819746795,1.6552398551272545,-1.3676992374211794,0.648435740164489,-0.2469740390967579,1.6511151083652975,0.9278471337044364,0.0654
0.3742253553194847,1.3464431630288332,0.2957732923525163,-0.9126323362144486,1.4068332858879635,-0.5653458151643651,-0.4414110170856963,-1.5194947356808568,1.3604258463470256,N/A 
-0.2284077935744878,-2.0648415371114237,0.1901084043680715,-0.160624877812189,-0.2282419903285406,-0.7450599446116704,0.7998977499892064,-1.3226551411490146,-0.8230896768690471,N/A 
-1.743438306024671,,-0.92519438974498,0.7509444671229565,-0.8018878857832394,,,0.1194767114617414,0.1418440011188102,-0.9845
-0.4378318566165062,-0.0537112752222093,0.5753248161385718,-1.0141388940304672,1.093648686274918,1.1690443292186476,1.6794616315882414,1.1264176620800257,0.6977856909754728,-0.5800
1.226601958041383,-1.553855498498134,-1.3724982988105536,1.1055600752116492,0.7016228909611052,-0.2951694259362296,1.0290687905060512,-0.7452619949264147,1.0296483678244497,-1.4781
0.4393553504787251,-1.3043612624376295,0.350515250624028,-2.350860960159388,-0.4559061617559978,-1.2271943376510153,1.1738004959318145,,,1.1428
0.2043094380223027,-0.5218728210930238,-0.1524240097148487,0.4044384261568046,0.5870028259845224,0.1650391578410828,0.0734044069180368,-0.2299271305807707,-0.479898575254458,0.6640
-1.2479178757966631,0.9364441946748012,-1.051136026518758,-0.5535947633770805,-0.7828926669146907,0.1366280511319028,0.3564069022253351,-0.486580694408413,1.0439366812217583,-0.0178
0.3667837581160396,1.464016163599853,-1.1960056265619723,0.5798342081938702,2.0715412211476747,0.9834873893330652,1.0533178953311997,-1.7072287253334626,,0.2874
,-0.7492147975672018,-0.3673656612807735,-0.8888633322628066,0.1363455725067424,-0.206952831238793,0.2399251705168174,-1.029372776000324,-0.64758055288879,0.9653
-1.7747741174979443,-0.0899016709327424,0.6587592567169945,0.081414397203249,-2.1160445052067964,-1.313994737856587,-1.3521328175325205,-0.6088376015001091,0.2218249878030652,-0.7305
0.1865030158721771,-0.0473916180892647,-0.1073838993211104,-0.0277644558229742,0.4868146814983777,-1.3244791461957015,0.7385253071267697,0.4274829566315963,0.146361082642162,0.8522
0.422598293196183,-0.5685399743318215,0.1953897463143523,-1.6247035286249358,-0.8052728883103606,-1.0892047052257587,-0.9219652208291276,-0.6674192225079014,,0.9711
-0.4304883594282976,-0.0684179559063784,0.4514289619783526,1.6001736509916376,-0.6265264123851126,-1.4271474522438412,1.4816406082029443,0.7975621577811586,0.5906616807340725,1.0453
0.3610928812683981,-0.0530642818267106,-0.3554491243729689,0.1239789453756044,-0.7767489145403211,-0.140624893076198,-0.2945059074474891,-0.2959390688493336,0.6900914639153565,-0.1480
-0.0814421562095968,-0.2547400545772438,0.2044283585103016,-0.6330696875358854,-0.4373859671343324,-1.0618913191635726,0.7939959711559297,-0.46886280919735,1.4308664416911452,-0.5574
-0.4749646178467772,,,0.4626244366768897,-0.4061367636622162,-0.73531638298338,0.1601423137292243,0.8463425177956084,0.1143240753721234,-1.1200
1.804302708226333,1.1145333406344076,0.0676308363790012,-0.1315210126117392,,0.2212985558470449,-1.5057355238403791,-0.5346538661119684,0.1058216337502487,-0.5376
-1.8610109425021184,-1.6151311041643914,0.7213735856436675,-0.031519795480564,-1.0002736929892615,-0.0122278944176611,-0.7456044609211501,-0.2146754295820012,-1.2207803302603122,-0.6506
-0.0667180897513292,0.3605797031217908,-0.5821914546848299,-0.0087407780656969,-1.0134921165813573,0.5001766082404178,0.6929110273883429,-0.4434363672848234,1.2597009609051772,1.6908
-0.0927061334106709,0.9279269041129256,0.7163715719216557,-1.471403750128475,-1.5959918968699205,-1.0831128252396407,-0.6643966836508193,0.7329504278403588,-0.6731704711204501,0.2040
0.6536491548092387,-1.0317596102780866,0.8172972316380006,0.3001310848598755,0.5071399595456159,0.1858731746636616,-1.1057905889473505,-1.7553257243601257,-0.1838971808016307,-1.3680
2.495874899538883,1.2022808845146502,0.9927129345226352,1.897937569883568,1.0551104979118242,0.3513693389652136,-0.3904573238890456,0.5352307021487955,-0.6724794494427992,N/A 
0.5933451742835941,0.6927290795143969,2.428475074770952,-0.7166679221556821,-1.0238469668130128,-1.0230680239325405,0.6904271251083476,-0.7890332496333599,0.5950978170666665,0.6197
-0.1827794053198652,0.3068130543433736,-0.0081977048694101,0.292987682103177,-0.7274259458978272,-1.2611851440046062,-0.0302965316973572,1.8569451202442095,-0.4789051677392116,-2.0354
-0.5753026199602949,0.4549564375677516,1.364397508207372,-0.7041404540125191,,,-0.6021955303967327,-1.9327340647803384,,N/A 
0.3193024620621204,-0.1393417303031253,2.922722616799529,0.4136127305357096,1.6347363881313974,-0.32284314726253,-1.4715393254047873,1.0248395310336458,-0.618979938137799,0.6000
-0.3193254187073438,-0.0521617340198337,0.2280952964928246,-1.3543592273717453,0.1460282985182332,-0.222049820334503,1.5960883102033996,-0.3380762678310711,0.6083442576515565,0.7520
0.6493665718916158,1.4359927089786126,-0.4678459414334912,0.6806776557012527,-0.3490318823689838,0.2112025120385731,,1.326149272478582,1.0190163396164946,0.3008
-0.7783548279089387,-1.676886857547322,1.380454742520682,,0.2049476581321138,0.3212679213267052,-1.74300165182623,-0.3798391198683164,-0.1220773994690653,1.1488
-1.8211363522724904,,1.8119779457927927,0.3685755508579392,-1.6774709642261008,-0.9806490871516776,0.8106587923475382,-1.2835874445092053,-0.6168282254147991,0.7752
0.1082717548904729,0.3408917972910958,-2.308969752443887,-0.5400341115868215,-0.090245588423934,0.8999873956816787,-0.1755804608389927,-0.4439137234766939,-0.3356876670411429,N/A 
0.0802557765952936,1.1867497816631822,-0.845458609999241,,-0.4425767807224733,0.3387863313999275,0.2638478789368422,-1.5800524150128972,,-0.7877
1.91391903604588,1.1470915287735537,0.4179599933660812,0.9375863569868632,0.7460125488973994,1.244120440855523,-0.2948102976331139,0.3436909504173062,-0.3446624597854098,-0.7349
-0.2808853578428045,-0.3083181437920859,0.3207553995444108,-0.9551363967624232,0.802229440052846,-0.1402544123663199,,1.0264342674184512,-0.7496875815929797,0.8767
0.6063020937279274,1.567978181529383,-0.3018522556405585,-1.1160491528340677,-0.4340586537668817,-0.4043743637465442,1.1750795147044772,-1.2188057058205763,,-1.1782
1.789825196373277,1.0929764127823005,1.1140935010247226,-0.8050974081795459,-1.3136456142583357,-0.1696114257322373,,0.467019565478413,1.64418906511197,-0.4148
1.170640568734424,-1.7469229696890696,0.9268732065375545,1.5855453398324184,-0.861069657931378,0.2034176462943109,0.3760369524569106,0.9240538258699956,-0.0370547592105084,0.6257
-0.9133173731968453,-0.1419983275232485,-0.7501057225807607,-0.9472024801878748,-0.0497818433946829,-0.1563856476682856,-1.0796363409746956,0.6654699310473206,0.1308176442441931,-1.3917
0.3345609780340004,-0.414654170226326,-0.0177101290701753,-0.305205702009706,0.6750302697399632,-0.6368354655832302,0.8747849633572273,-0.3466566131721365,-0.1121732094357167,2.2651
-0.8718889826485942,1.838421296181169,-0.5132946701041962,-0.5377126478931913,1.4660883591037686,,1.6367587174519798,0.0657659579586973,0.8223615412771709,-0.1628
-1.0699791957928773,0.7073905832785168,0.0747159676874399,0.5458179873545479,-0.2124587262517639,1.5553453977691132,0.9536640834269012,-0.8185287693079277,-0.4385888133117737,-0.1346
1.1401484346923771,-1.0727571424398386,0.3738589161485987,-0.55038264904719,0.5950384711859455,-1.5967860284405733,-1.32410142474229,0.2014029925832356,2.0718514953419733,-2.9779
0.5793066338568419,0.5639333155305686,-0.0019920291815915,1.5247142959016935,-1.0638910322034238,0.9639863021507272,0.9345010423061269,-1.0714348124620574,1.5369626549224762,0.9677
-0.3693568480658105,1.1420650512455215,-0.6875234166956307,0.7072453104159544,-0.130961996883679,0.0065713794780731,1.6816890754313192,0.2878804362970358,,1.5521
0.250950415787724,0.7902166977782376,-1.8764041585080653,0.376012171403309,-1.7323079452233463,-0.7116565595682637,-1.727376901718678,-0.5232478859590294,1.723432142576132,1.7709
-0.4398644725297408,-0.5594213537201472,0.0385600953633365,-0.5580006889513225,0.579469002684015,0.7014825290998262,-1.2206316355924336,-1.7715420831612003,0.1002004025858434,N/A 
1.2895250654028347,-1.2020264834733096,-0.9146921351190278,1.4206913043159604,0.2578627757205716,-0.8673386879983578,-0.0216370539178746,-0.1685523092796212,1.098204311129354,1.0933
,2.369827253428696,0.43410957953278,-0.5805383382374202,,-1.4276348319518462,-0.6346707488425544,0.4649629953846623,0.2511012655395382,-0.2956
-0.645384103511411,1.0617571038389302,0.4507143613977314,-0.8555746624367506,-1.316906387267738,0.7435436841737367,-0.8561672330156457,-2.24956543172337,,-0.1933
-1.0396631728743897,-1.5011975681348082,0.8521654029103547,-0.6576751322373203,0.1695848488247024,-0.0968515353317512,1.1777657651781834,-0.3884272969658571,-1.7592455552014103,-0.8048
0.2135291284198976,,-0.2930889392438154,-2.5114690990574617,-0.1298670904739561,-0.5266080340473226,-0.3854609018814168,1.1180308042634706,-1.1564636527421228,0.3993
-1.4877619659756447,-0.4564558364143833,0.5938571384426461,0.0004502902013679,0.0628805621807368,-0.1450791803885674,0.8349123890436413,,0.0600542263287063,0.3149
-1.5452672958453937,0.8977566725493233,0.3228362959227401,-1.5389249803280969,0.2920047421922302,-0.9032147949123938,1.3789514052695186,0.9880995187950876,-1.0696758787131837,-1.8056
1.521934559297637,-0.6533106897171352,0.3784696261556772,2.6293284829379666,-0.1114499436196466,-1.0462382025771093,1.4635135880579009,-1.866934631392433,1.9949468175816545,-0.9464
-0.2327646993122717,0.4961597082691872,-2.3703787167680828,-0.0319826118634516,-2.0595042557638554,1.5642517311356434,-0.0058301765203963,-0.2909352484175184,-0.4310521967580835,-0.0794
-0.7916440550112452,0.6603297393656353,0.1368619013390357,-0.916886672613158,0.1124339326833628,0.1271220303972365,1.832867930818655,-0.1167731818845524,0.5030953100552518,-0.4037
0.1678175433424588,1.0364331720791535,1.3912613866811456,-1.433405935954322,-1.559039629607979,-1.117543573613519,1.890083365316348,-0.7075981302088772,0.4415815948139968,-1.6481
-0.984768257941514,-0.0068105667079683,-1.4405518645204938,-1.0424070918762385,0.6618031896512131,0.6032409736581403,-0.5185047349843557,0.1600748584670523,0.2272796129808282,-0.7114
0.8707960520409139,-1.9888236463456133,0.5404767488498645,-1.488395268478346,-0.3448957935255036,2.0394448691112284,0.5307184067875742,0.2479660332637784,,-0.2480
-0.5470399986147987,-2.3043145044746702,0.1614290294282815,-1.0992556893034,-0.6009977122280882,-0.4507036770747748,-0.018455318749438,0.4532440538446352,-0.5542445957277272,0.1975
0.8576204937803142,-0.2293050577506178,0.1729405611413436,-0.1217463497627787,-0.6314373837393659,,0.3335731848458076,-0.091436373738203,0.9493570160634603,0.6271
1.3263528259693946,0.7378070555627327,1.4039618650723424,-0.4594392693477958,-0.1198779780336804,-1.8198229745950807,-0.3878250727325211,1.053092695716744,-0.0967524063563135,0.7652
-0.3987794527944772,-0.6618536823755965,0.6943124329374207,1.7915006339078303,-1.504655575032366,1.4352193829258275,2.4188719747514944,-1.206936717625947,-1.5222449300020595,0.8011
1.815297511338736,0.4597902262046422,-0.1988109228478592,-1.415490649190132,0.107607034047274,-0.77059705931575,1.1433701944253176,-0.3021268334275583,-0.287447557585557,-0.7328
0.2406151887833172,-0.4480999874634063,-0.2306622566752882,0.998311177500673,-1.8090200230246296,0.153621073599848,1.6904997566049569,1.682634194390087,0.2864311214389116,0.1364
-0.3202784578698696,-0.2984738980891566,0.051351124992484,-0.51370521222968,,1.3364400068231062,0.3805832851973651,-1.8020444580937616,,0.5759
-0.0204593097923064,1.904209692534128,0.4805932510029303,-1.9193084143466796,1.2898170878891695,-1.1560845469026535,,-1.164730250405682,-1.7399487085223893,-0.6916
-0.2068152797364069,1.554404598315927,2.970211118544399,0.4975268441354224,-0.5370747575312219,-1.4664356244665218,-0.9139029988743704,0.1170103128888558,-0.7665741053938033,-0.1969
-0.5771130720157969,-0.9274230898178653,1.211964078911287,1.0878112657622754,-1.027641885414751,-0.6817073856881082,0.4424357330553028,-0.9383829439586224,0.7326468190705498,1.2518
-0.1042554418923562,-0.0963925681485247,0.8504257970404268,-0.4469836076639769,2.2845155319948884,0.2626189326445768,-0.0836432160759726,-0.2340329185390108,0.4749844220992275,0.7205
-1.221909037039126,-0.661152925930501,1.27025429454038,-0.1986839524135283,0.8603974647119165,-0.6614466453597392,0.3797225674933344,1.0318194206102351,-0.2701097216513487,-1.4262
0.5662024408684164,1.0655980731837753,-0.0109777725577224,2.138578684811439,0.9053478889654852,0.1204039895142342,1.168288316478604,-0.7738048872879641,0.5336474844389965,1.3781
-0.4965145517658298,0.7094588430889723,-1.6022478831610207,-0.0807625549923887,-0.1706373546160239,,0.6687922211166863,0.4428140913908407,-1.178904237511134,-2.3098
-0.3944314175547791,-0.9405268738182792,1.7884357814730458,-2.0374285841898887,0.9718645298789628,-1.328729049322464,-0.4518280950805891,1.1240314291170792,-0.1182091425450334,-0.1872
-1.2652272669240467,-1.857713564637848,0.0560360054683637,-0.3847915140670292,0.8794800939470023,1.0322169828540542,-0.6972638806134128,0.8782744435600167,-1.722895783161819,-1.8088
0.2476808776727539,-2.4425473282998533,0.4652181990780201,0.7960248386763942,-0.6166649860322369,,0.311034228604935,-0.8926648149206147,-1.6568723655350426,-1.4779
0.8960589282422157,-0.1785439853702447,-1.418381040483477,,,0.2928462477449067,-2.1538011122002776,0.2142807408015283,0.324852284696156,0.6113
0.8422562410958305,0.6182961558499626,-0.5420853701548074,-0.1537759525373318,0.0557199406145407,-1.0186385815214514,0.0410178056080936,-1.9562630927800104,0.4354899303473203,0.3136
-0.6037533089133073,-1.7797406149312274,2.0261315133132287,0.873719644628917,0.4597339780940166,-0.311702614415924,1.1608834355615374,0.6189744603945573,0.2867060557819626,N/A 
-1.996084800929237,0.0710783223801715,-0.9900881142790996,-0.3316754911622751,-0.2321193246933909,0.6563601637921492,-0.0686861314753833,-1.3123348437431557,0.5330116092892897,1.1091
1.4612914713835654,-1.153207285710562,,-0.2954737005725586,-1.3018253150610095,0.5212615998329406,-1.8884441466914208,0.5896815249106299,0.2929717183110853,-1.7700
-1.520479730351791,-0.909034045101825,-0.8177042821729802,-0.7002567979034982,1.1671123822536775,-0.5796212437990663,0.4712335901187482,-1.3144387915424525,-1.4546844865909565,-0.4741
0.003072196499625,-1.5331859318158556,0.5453334418805078,0.105423618054508,-0.5853987310358978,0.5332835020315898,,-0.6580286256993517,0.4956108968213712,-0.0495
-0.1701792916786293,,-0.3143665823260533,0.4660359522307766,2.8170050853733386,0.1710963474387895,-2.2975455651379213,0.0725449860153828,0.1150330569030338,-0.5030
1.8273594025636248,-0.6373588768968014,-0.9126453573313398,-0.0640792113828951,-0.6115382305416143,1.4281896776813114,1.1976323835148797,-0.0735197457549174,-0.1843558043894903,1.1066
0.2876773868831453,0.8873594239281223,1.2143088502607182,-0.6914999357119591,-1.633452124316703,-1.209534940936194,0.3370284928442997,-0.4747192848562526,1.485776844049718,0.5562
,-0.2057404540962165,0.6288393586809539,0.3011603555542573,1.1786681622260569,-0.5797610078045647,-0.4536080145857135,-0.147999648530181,-0.058461377233763,-0.0753
-0.347851785330399,0.6327948887826862,-0.0137270338350156,-1.293876924873512,-1.6835224408043354,-2.4446801867213126,-1.7566813487423014,-0.2497976393038504,-0.1403579149093043,-0.9859
0.2499480713677124,-0.1283628480138542,0.7304428363430087,0.0251529562976573,0.4907407994275052,0.8863846488363404,-0.1463233555829689,-1.5344996060611786,1.5923231245519336,-0.4412
-0.4453788396412734,0.0906040771721122,-0.0770872289654351,-0.4141156970668148,0.0966900357094297,1.0146509784516988,-1.9642677483193207,1.4835882081148484,-0.2338849298170942,-0.0390
-0.1428242100770895,-0.4460568160175702,-0.9024573371067768,0.739242808993936,-0.3068246730127231,-1.0087889181591283,-0.6585842078060521,-0.1013718588891193,-1.7776008195316788,1.2594
0.5038946712816796,0.289567355222215,-0.5708652813295714,0.9892649589450776,1.1114069370201956,-1.3002859695613402,0.5820951064164962,0.2043768019474518,-0.5009671572536055,N/A 
-0.0544748418537023,-0.417554247374643,-0.5685425165408142,,1.2913646282018856,0.4389353713765749,-1.0439223659372705,-1.352599514136192,0.7323186838924997,0.3263
-0.7922096730198884,-0.3818792728316666,0.1805951850664927,-0.5995220715232374,-1.225987281578361,-1.1373963311476347,-0.569406835700694,-1.07547702510871,-0.0601196594166527,-0.0514
-1.980895392088455,-0.8400081742406552,-0.7647453298120273,-0.4872063224633439,0.3367550595106132,0.0341637811827845,0.9722126149572428,-1.2942464822928277,0.5410163529002767,-0.9191
-0.1836430299825067,-0.7097430502801056,1.1821196083022276,-0.8737490872044271,1.910847996621252,-0.0347793704215769,0.5037682455064454,-0.622004278697406,-1.6522340617684912,-0.4775
-0.1032849397972017,-0.1174596102185942,0.5370359099293354,,1.2323974073668769,-0.0345883365232073,-0.4349018228680121,0.5628214240755788,-0.9685062209820766,0.1983
1.1877271830425502,0.5627493369269146,-0.4873898759069997,2.203599178419311,1.744565021567654,0.8621032314373576,1.0587010132940504,1.534466749252679,-0.4136522302909824,0.0043
0.078051664088011,-0.6247391299024304,-0.160835254011955,0.7389197529742639,-1.327649932020015,0.5988877602912924,-0.7182973294102171,0.7259334137691049,-0.5529504453735453,-0.4376
-0.9068328678287576,0.4902457406456507,-0.7705911576148472,-0.6962157693271338,0.346237244772125,0.1641830154609677,1.5265410625096665,-1.3568988355170184,1.1946922196644052,-0.7652
-1.3182089376433637,0.0697863411494583,-0.580572439754857,0.6047204558235424,-1.7144875940137378,-1.033051926877828,-0.0356141565930082,1.413243556451527,,-0.6772
-0.3911121058626852,1.154179733710825,1.102090406880054,1.4632521610075917,0.2875513425464124,,-1.3600503634367995,-1.2545055052296612,-0.4283919189072955,-0.7782
0.3322146788731264,-1.1667229462667368,-0.607779019860546,0.359398638612142,-1.5476727529139536,0.574180028169362,-1.169239973712512,0.0819579042283298,0.0157447627169742,0.7095
0.4575916266460119,0.0499787481884953,0.919473291243058,,-0.4570250293406763,-1.0028912696156362,-0.4582691286170922,0.3738476152644002,-1.0600991498179666,-0.9693
-0.4721014850869454,-0.9859254787432588,-0.0771912012109067,0.7518963680012358,1.1366081153002938,2.1754875316408384,0.3175227398345057,0.0509082754522468,-0.6967796847820125,0.5237
-0.5179264774266594,1.340936085390758,0.7725053816300368,0.1111678133423443,-0.7172975010579804,-1.5851919726407404,0.4678021660401518,-0.0280113883846241,1.0040418665461857,0.9987
-1.58989716142608,-0.6036613559958609,2.2508480901548844,0.1244513659797244,0.3066118860014319,-3.018543120646438,1.1539438266138509,-0.1068783814124321,0.1094420110649722,1.4310
0.5403505148301874,-0.2674393969306499,-0.2096078667061928,0.1926523113773703,0.2458569642819273,0.0258897145963568,0.1813303460688642,1.4644588084808394,-0.7133804824232909,0.7668
0.4463193161232748,-1.07205596502559,-0.1354869505772144,0.8522865974388304,1.5892866165155717,0.5642318829023544,-0.9266897708644684,-0.4705438892704183,-0.333413935014076,0.3528
-0.1442332698604635,-0.0982236029518709,-0.6781369901275567,1.2321020201594608,1.208129354040489,-0.7434810918300803,-0.2994832620181718,0.0296714548705009,1.2514100696806874,-0.4572
0.5155228623890696,,0.6434385762134136,1.0466450262417173,0.1405510455781298,0.0977225213812819,0.6091634903792444,0.322671782902901,-1.4385807989748467,1.6900
-0.8589175385648801,-0.5624922652584067,-0.6124317037075893,-2.259354056039853,,1.3129918248321637,-1.1677651149246926,-0.090013581732294,,0.5383
2.5148611455416594,1.3401267610389105,0.7296145494270765,,1.2085834044803812,0.3719515076418379,0.0645348984977952,0.8363416805308398,-0.3812969843545818,-0.5678
-1.871662196589252,-1.0891283872616402,0.2680473896297923,0.3071735238219247,1.7390771781836047,2.268211294473071,-0.0863493992133755,0.0149211191605271,0.2098563394224751,-0.0999
0.558202649285531,1.6330979207195493,-0.2844886114503011,0.3614074199641247,-1.4470195092662248,,,-2.0201360536661297,1.8734200239435812,0.8646
-1.2100677911598192,1.3638078837741154,-0.851669244282314,0.1835198399165397,2.125702213767664,,0.6471836589088392,-0.5600073800254357,-0.9737849125124048,1.4537
-0.6823969911102721,-0.2353101765782579,1.0243301338005355,-0.9082108003519556,0.1178255402222036,0.2327845681938142,-0.2794329402582863,0.4991115971128859,-0.4425404156366599,0.3093
0.3531957910754203,,-0.4973832578392864,-0.899197260092901,-0.1698233359812825,-0.0779248595194503,-0.1415401555633894,1.3843342053545562,-2.046988488303834,-0.0372
-0.5400409371910093,-0.5184735893453729,0.5099875939713612,0.427517532078777,0.1106127858100968,-0.1118597689192851,1.273469896882033,-0.3957257347664077,0.5494636527523393,-0.3546
-0.840095736689263,-0.188181880817698,-0.9489699331145016,1.2123507668706364,0.4917253078226977,-0.170923940263741,-1.1067393260116034,-0.1499698171248311,-0.0829918828055466,0.6374
-0.1567857084154048,1.332044804379004,1.2725368370551764,1.2211810021807037,0.7604680783524085,,1.2948780545219574,-1.0338552896849895,-0.0006158763582814,-1.7400
-0.3985153967476734,0.028046273275296,0.63972035799901,0.3059956549605314,0.964669425628923,0.2762933130369612,-0.2861428577736705,-1.271701932098365,0.033464865434438,0.1399
-1.325373601297566,-0.0550736223965681,0.7419565502174051,0.4083157247270644,-1.3629887726787049,0.2220397184668171,0.4192051055201525,-1.5641372901493449,-0.0775698055259144,1.8369
-0.226648056494803,-0.8381061900337787,1.3772281518796152,0.8115916334052488,0.7791503202839367,-0.2576998465933544,1.3020495686626488,0.433964154719321,-0.3210132609891881,0.3994
-2.325782452092715,-0.0886255523756392,2.031889298719815,0.5909499036182445,-1.960178785821388,-0.3050873234418524,1.1736727861128078,0.5853917502892595,-0.9145486820082716,-0.0069
0.8320179173900867,-1.1532698823243537,-1.2103593621114337,1.605440336262867,-0.3683752493979694,1.0459707425813665,0.8509657299036562,1.5420450078689925,-0.7727961691635589,-0.0291
-1.4495493810773836,-0.5771438067896132,-0.9834176687190525,0.3067923194616317,1.9322035768005812,0.1052568748892335,0.8404662085241523,1.1065767858164277,0.022310580303106,1.0522
-1.4172133934015665,-0.2287204598389867,1.2478431180638905,0.3275798582951945,-1.468051436839661,0.539068221609027,-1.367213177440738,0.9436706925355876,-0.4676072410234519,-0.4748
-0.4093683788907452,0.4867316531391835,0.8119935601256015,0.7831621868792791,1.1846006017746693,-0.7695575138827834,-0.6434995797557,-1.7485048676687085,-0.5987466806562535,-0.4683
-0.6348452423548216,-0.1062857522025293,0.4927748740561686,-0.7326381621163754,0.0440457003765533,-0.5541112285977542,0.3060014260274544,0.8248799120289866,1.747094633604113,0.3755
1.0712241130098363,-0.0384050156707561,0.0768475531857175,-1.5380869254656464,-0.723776241936708,0.4816405152990724,0.1245043250540117,-0.8483449877406077,-1.0531134598876548,-1.2849
-2.8917950202149534,-0.3383318486664787,1.6872364830237032,-0.5059128524699743,0.2627928839515306,0.3593147398295175,-0.5194192570129366,-0.1814250868527608,-1.5140171742525743,-0.7534
0.744365652462204,-0.3013445075169093,1.3946764118405903,1.1494658352626712,1.1283494659155076,0.3286965150867104,0.0828062627567376,0.1400922849576224,-0.5814214553111967,-0.2111
0.0360607295044204,-0.906516206325504,-1.3712897118499705,-0.1005829795201012,0.4199430169183835,1.5224134366193267,-0.7759549897180584,0.4691252678047835,,0.3421
0.3820917531013266,-1.0061189739727003,0.2009282706105278,0.5621645691740189,-1.5424159866560614,1.8592324329599643,1.2679496690406633,1.135882069681651,-0.6802091690309601,1.0441
-0.6976384131248861,-0.4177711656037032,0.8052490958348462,0.1011551103185417,0.3009409711598368,2.3591200293905663,-0.4319238825425043,-0.3200281057172114,-1.0301475519340653,-1.9420
1.2744323081441828,0.7028996260396204,2.8794251811966847,-1.2302526331833312,1.145964566890246,0.2688358147721979,0.255191032977184,0.3581846258321104,0.2917659228863437,0.1789
-0.8232847700582611,0.9163483847620632,0.7839367402624733,-1.096666620055822,-0.7860970018883875,0.8564249430653368,0.0922436397452756,-0.2764746457246756,-0.0647899053134763,-0.1104
-1.5175051908596535,0.9869058485385426,-0.4065590690817532,1.3070847418384,-0.423553714557622,0.3242982551264036,,-1.5126063083845953,-0.9935279945746572,N/A 
-0.811292442896338,-0.1074125886192903,0.6214067228773701,-0.2064395740171229,0.0582332378459376,0.4367721286272429,-0.1343968198169005,1.2358651227280015,-0.1212228201592582,-1.6253
0.788954723828184,1.2133011375346934,-0.1717971022611186,0.9368700623506896,0.5160954433281789,2.131546324283271,,-0.4233749104652372,-0.1935038576228462,0.1054
0.4374840532580176,0.7309006257302622,-0.2403714819210304,-1.160259840067195,0.3512214450254415,-0.4922147327704088,-0.3633321899452663,1.2910305429001117,0.4300683885819983,-1.5581
-0.742346114802258,,-0.2592133613171417,-1.167867006884822,0.7735155072190841,0.8420534969719774,-0.5899508946156776,-1.1559542913657868,0.8894537923543132,N/A 
0.4434004206963916,-1.0342429876846562,1.2769470328769814,1.081371197809758,0.877909347508282,1.4903915583817642,0.4237621718269007,-0.2632148348473346,0.2079611594487769,-1.3717
-1.312880882215342,-0.1947887491482943,0.4636197306041396,1.202059134280659,1.4121571345743826,-0.2145784606895783,-1.0036047160764603,0.243872143006352,1.4386676349320984,-0.6640
-0.1026395658797038,1.5539662013861724,0.3312540402116808,1.0672885551574427,0.4826726185292778,-1.0249144873208704,1.890652403818984,0.7039739648204367,0.7430917611869867,0.4985
-1.602586941712798,0.7297483435861756,2.2348494017674883,,-0.1834169076253992,0.724720238268342,0.3005531733944821,-1.509698699448717,1.5403482977886147,-1.7412
-1.8231010478358964,,-0.2208524639330747,1.061500614104936,0.2418199000409922,0.0682515178211573,1.5886920925956085,-0.1801674133176277,-0.132502683070468,-0.9940
1.0666655148064716,-0.3408383112233105,-0.7567451814822357,-0.5795360147244367,0.459716468930978,-1.7342014290676009,-0.664080075047297,1.3806731453887642,-0.8062926625857295,-1.0100
-0.4020197830363082,0.2838459943755466,0.4419210829588021,-2.2037404679920733,-0.6939132220838296,,0.3937013448452431,-1.239247543084956,-0.4811528131199626,0.3635
0.6023998446442778,0.8787951288519028,0.0642602282583874,-0.4525124746187582,1.1001109408826664,-0.2639975082811094,-0.8246346922647413,-0.5100253778260219,0.4339633514914182,-0.7745
-0.4960665366371236,,0.1417713472162479,-0.6376247478515221,-2.0574814099216203,-0.0132198208310217,-0.812215403808948,-1.078513482734713,-1.0924302461277615,0.9839
-0.1167321774624474,-0.6698889517465507,0.2845863489618665,-0.7028792773782351,-0.7084632153039409,0.4152201923290167,-0.8965785599857118,-0.919351257835469,-0.1505275455306506,-0.8154
-0.4005551696918457,-0.4210411060185703,-0.318538645105186,0.6322795423831447,-0.163810131863372,0.1355738763405842,-1.4148907314012082,3.7570576992879854,1.576556927009204,2.1977
1.81778260871434,-0.0535945017230979,-1.1035221312612262,-0.1664053715137357,2.6799103079793154,-0.9407097749928373,0.8152206814284187,-0.5560473416413031,0.9577112396876866,0.0643
1.6927355050185902,-0.9451826799731964,-1.484737423761831,1.6364971351304074,-0.3398182204668176,1.2441139424654164,1.2864296438211669,0.0317576584495527,0.5870931005291613,-0.8559
1.496355496028928,-0.2530922028254734,-1.7018102515741134,0.1551699383269265,,1.1914059708532472,-0.7179790662854165,,-1.2040800929024766,0.5321
1.4394212894618614,0.785619595830511,0.4807370993290846,0.7798472402638508,-0.9216367152474232,0.6623585454857194,1.4343555775263257,-1.1106100936832168,-0.2175988753006821,0.0465
-0.0363548215316477,-0.5673990800044534,-1.4392944885934666,-0.1751163235073754,1.0724678644179706,0.4293839141483058,0.6739773046510991,0.6552686343753018,,-0.5814
0.1631562887909225,-0.9165240521859308,-1.8253419733297076,-0.0508678798325921,0.9434056239907228,2.242858578642691,1.3141645833608553,-0.200671705710704,-1.5327338145802016,-0.4961
-0.9429727591956548,1.0537368411843382,1.1467118094792843,,0.4855922714633304,1.841403909032438,,-3.21727843024935,-0.7898553916990588,-2.2220
1.8406864130168004,-0.7708495926860384,1.5580072131610916,1.0159552511337522,-2.567736824746995,1.077831246377953,0.8967327493683154,-0.8743837812616615,,1.0287
0.0407061465979191,0.2294406439867548,0.173088395418868,-1.502189841266796,-0.8921722094983714,-0.3545808352639992,0.1516196710298743,-1.1771508555697638,-1.8749627219518104,0.6554
-0.6277927040835936,-1.0133526316246189,0.2496224353867284,-0.4702679663349824,0.084307716587672,0.6312566488081682,-0.7659978833093041,-0.8641576325279822,-0.7714333559239525,-0.1911
3.102881713050527,-0.184071974339383,-1.0152425132275715,-1.2939988828345743,0.9839065509733806,-0.3979073970970848,-1.7306472300560984,-0.6383053701673985,-0.1649195343366774,0.5713
0.2501805514477043,1.4148085059588706,-0.8244781369792957,1.0004917905133994,0.1883010953622488,1.2011725441801775,2.158301888904322,0.7571111385151361,,-0.0144
-0.5607770999805297,-1.0533046640457076,-0.7050152262913285,3.093097753345585,1.1654950422175854,-0.3203907763781076,0.2233087438482582,1.1986833945500226,-0.0306920511860472,-0.4839
-2.7147976755848933,,-0.4238025605477862,1.1264501458836167,0.9781915742264428,1.6463301090167677,-0.7134594595625586,-1.087288582836917,0.290432021136197,-2.1464
0.4242283140121601,-0.1454039446450992,-1.381450838192594,-0.9279546804637874,0.5968518837623887,0.2823171315068772,0.1498308367138862,0.8585996549316093,0.1666489639518757,0.3710
-0.0207977040980131,-1.1836311306887688,0.3753776174410522,-0.0544824314723571,0.0244235383364617,-0.1323883172116224,-0.950308041874634,,-1.1812815764123965,-0.2682
-0.4403640768364719,-0.354203325830684,-0.091785432143642,-0.0984351210403317,0.3141134871681736,1.1411063613376728,0.3253312011401997,-0.0847500741569611,-0.9485694780308338,-1.3179
-0.7012304523013819,,-0.221144056028355,-1.2860463994363351,0.2862403646836539,0.2643605543958516,0.3060417964930423,0.993431266285516,-1.456296015685173,-2.3718
-0.635207865538563,-1.0792637776971343,-1.2556754088951825,-1.5119284177531689,0.6473312667835388,,1.986110825005688,-0.8883973557111127,0.6260822646372378,-0.1786
1.4533622489110445,2.5169108801887865,0.717259045772326,0.5709935552670912,-0.2454467033339884,-0.8487678355236669,-0.3142349991711951,-1.4529659393582677,0.4966674366291502,-1.1667
-0.312306050230595,-0.4130766908619831,-0.8636497157290147,0.3171061941991905,-0.1808990118755805,-1.17253865732341,-0.3759323106876831,-0.6907607187462592,1.4620091278742908,1.3220
1.4414770437015805,-1.0082816781205015,0.2341043580549162,-0.3884113500847749,-1.225207533599365,0.2685309728036953,-1.7292682148659744,-1.3570459260805663,,2.1814
-1.5444499728721852,1.3066740441742604,-0.8719021502574902,-1.2793550309557435,1.4417233453303775,-0.4775180113711416,,0.738846387189831,-0.3137747903283549,2.0538
-2.6105054659179525,-0.2247860572275607,-1.0087978985720585,-0.3128032299447184,-0.2624640178174605,0.5534988505402111,0.6931971730312892,0.1800991964785782,-0.2895857718936694,0.6717
0.4473871654416352,-0.2989863851077604,1.0114156756352093,-1.5227177782140675,-0.0141137799760968,0.5530825723679164,-0.4284252484060558,2.5080542237375583,1.8251106139136628,-1.2163
-0.6080203995342077,0.6661742368196745,-0.2004727890009634,1.0297518684309843,-2.0852928496727685,0.1426945391550197,0.9040872869975606,-0.2790473509829637,-1.4596952338646545,N/A 
1.317965479579161,-1.0158678273890915,0.8370203622128427,-1.1883219111922267,-0.6925711817195594,-1.3832728377611363,,-1.684330249385971,-1.4006956232789274,0.3811
1.54516175991686,-0.8745250446923986,1.5602087809672336,-0.7578296523509195,-0.3854768167060495,0.9678104161511922,-2.0977918732737453,-0.6916876541245651,0.8645184721269497,0.1703
1.203501144122084,1.0817004142261293,1.4873334416753687,-0.8393161365511743,-0.915457991797628,-0.1596848515655575,,-0.4577658182104492,-1.2350597817640436,N/A 
1.0012553323171154,,0.7398732261367673,-0.2844950094640766,-0.8153694227261986,-1.1215106038972034,1.8116372232923768,1.336135209765531,1.2334762123933662,-0.1445
-1.3366512425525925,-0.3967933929903717,-0.8167848500675883,-0.5307767154445551,-1.8830598039681847,0.4055715591363343,1.8298296625064,0.5040751838424821,0.2043927002772029,0.6014
0.0661653697740254,-0.550302520491218,0.4274905929872327,-0.4670731020087339,-0.6576420458142581,0.6887216614150115,-3.1003517409142742,-0.9379679013427288,-0.0093631802250504,-1.4086
0.916371475316505,0.5479268242408507,-0.0126682799354164,0.3261300008071373,1.149278061038444,1.1600494303037396,-1.680894072046059,0.0160761675671018,1.6663186226616904,0.6056
-0.9406468621852982,0.3127969096477417,-0.7432712888050585,0.3259847036149683,0.2405546863430349,-0.3419608008558468,-0.1418078419427688,-0.1873636015749464,0.3716814814254603,0.3994
0.0558094796812737,2.422574987595936,-0.6484954283742281,0.1444922105974918,-1.5478068506221183,1.176327683287291,,-0.5218779417180915,-0.6588078025511775,0.6826
0.7743101865942765,0.5537125367631975,1.3443487637050937,0.6370642818332543,0.0742528933930765,-1.3572637637526512,-1.2132173719769337,0.4617052360228647,-1.0156695868344026,0.3225
0.2151958896194816,-0.8425469630815104,-1.262791229985222,-0.4511321012683754,0.7994763441825965,0.9034468790919554,,0.307620183654966,-0.1480992575751146,-0.3363
-2.799445772217112,1.1342183896739653,-0.0355248371174073,1.2742431707657678,,-0.5561633185640419,0.27049262527526,1.0004522783752468,0.8866078808536193,-2.0547
-0.8538735027106572,0.5904502067479803,0.0704983989802977,0.646059999077942,0.0325266440538263,0.2305039812930038,0.4043564705861858,0.5901783183931472,0.2234764915217942,-0.9240
-1.636278945768663,1.488966660810007,0.4844718193559396,1.7631246244464958,-1.1507481361809246,-0.7623386346618745,0.2122334309325944,-1.204118086994023,0.9117257017475724,0.5538
-0.2147773044856321,1.3257405841411345,0.1428544680156191,1.047448142221577,-1.1348398744153838,0.1910012469405626,-1.2040084845465384,1.4048668819188672,-0.2095837904044966,-0.6272
-0.4744964618606837,-1.1875730708068817,1.043716028713291,-0.1356468850350118,0.1991256314303294,1.027639277763286,0.2980752159059209,0.2547336330420421,-0.1209620391627069,-1.4686
0.4704630706154121,-1.1027776892436834,0.3933989372183332,0.5797875846898471,0.3432200474556406,-1.7884031755773333,,-0.6880695289436011,-0.336433209225371,0.0366
-0.7165702661312282,2.7985339941062075,-0.0627818083575632,-0.0697091096970664,,-0.0465538278956038,-0.277829409114863,0.750488713405731,0.1611814499747171,-0.9682
-0.4625391172535812,-0.3665759902446157,0.147033939883916,-0.035328062307447,,0.0336165345829301,-0.0499971781716102,0.2185588319417711,,-0.1499
0.7350311099816133,1.1837470610213283,-1.228688792297372,-1.074279036494193,,-0.2863854236311555,-0.4863338840556434,0.684306798369633,-0.5104334062015906,0.3193
,-0.5649485579615033,-0.2841266357455869,0.2067692588406706,0.8075135219314393,-0.5107552281283914,-0.5692664779426984,-0.0795883731038792,-0.2578022368024507,0.3029
0.5384099721561606,-1.1819502276138871,1.143150545864599,-1.852778452336825,-0.477443016989631,1.0328762042552335,1.0503529144310255,1.5962391039267856,-0.3012688398668748,-0.6362
-0.8391716430176893,-0.8132914014603655,-1.4219671778947374,-2.221392061035619,0.4179144668539966,1.2881736423206305,0.0241268231778252,0.1283246266744083,-0.0787001145563375,-1.1771
-0.2997525493552778,0.2053992925153307,-0.0028808485576615,1.2804382287445082,-1.3342364474301025,0.6306582787550582,,-0.6858835888878408,1.0833718228834028,0.7176
-0.6137825683651937,0.0218080504462206,0.1211564495195778,-0.1695896959321097,-1.0471010459443888,0.2798373480078313,0.2863242216013737,0.0686060425147045,,-0.4931
-0.9137263466766352,0.4256904458439488,-0.4909747225907787,-1.1508165057482065,,-0.5268705009247799,0.1585958318433545,-0.0392717049814727,-0.1106392392552882,0.2139
-1.147132791397699,0.4054093406691866,2.119345680672503,,1.1988283497786216,-0.1298029194018879,-1.1403092415670335,-1.250251824584497,-0.2216592927012669,-1.8630
-1.5264144480454989,-2.26897344657234,-2.7250828915075407,-1.4487289494280702,0.2601192516512647,1.181067683450716,,-0.121250179203636,-0.950721461087207,0.4889
1.2846032039000004,-1.018265745661796,-0.5963550549053068,1.0535564808006304,0.3258978871066578,0.5539458154037636,-1.1461733746606455,-0.962314094103628,1.026697166788446,N/A 
-0.187932939748939,-1.288732169297903,0.0352668292791194,1.7180489054667312,0.0039624273580545,-0.2757931736992371,,1.8705883297766428,-0.095236925827534,-0.1023
-0.387809768271223,-1.580528550748988,-0.5362839949707391,,1.411591347524877,0.7428493944741179,0.7404469283817452,0.7115953127747668,-1.086394025006976,0.1825
-0.6768828423961495,0.8605452673499921,-1.154774853665355,1.1093023179153534,0.9533202436908518,-0.2550106978721979,-0.7521181857271964,-2.044444698406876,0.7266361140899081,0.8573
1.2880460507067035,-1.4313661049588178,-1.1102807115150688,-1.270314509655863,0.7232169795556779,-0.3667667089749138,0.284299407760708,-1.0040004163494174,-1.833282407428071,0.0322
1.203047717910883,-0.2395278965948232,1.0165614232492337,0.2248364382682553,0.1080410501562948,-0.3375967032454141,-0.5027520167821876,0.0767997282872565,1.6271825195337857,-1.4667
1.8937216280573936,-0.4260389238119806,-0.4551112831245043,,,0.3061363076667723,0.5418003234406605,1.720339693562238,-0.0908343903398933,-0.5458
-1.110516242820614,0.0608502955771477,-0.3318691399931376,0.9532343576683792,-0.6062488332686018,0.9504746080119088,-1.3105538664733756,-0.0917687307260317,-0.3660520741410154,-1.0272
-1.1910719443653064,-0.2707947537562588,-0.7414553357881065,-0.1117442024380239,1.467960198937387,0.096986542178954,,0.9944668994518,0.2712722453004246,-1.2841
-0.1227971994225526,0.4685228430982234,1.5983681400808507,-1.2600353671194595,0.4468006143820306,0.5723696222512733,,0.1800694683333349,-0.4511609814684637,-0.8078
-1.2106159527004603,0.6720336063526904,0.1512621021160188,0.651599860730669,-0.1184304760679827,-1.4532429997044969,,0.3441572777315942,-0.105895531199692,1.1414
-0.9667710565913764,-0.6858949014201207,0.5434136920924725,0.5757517360478286,1.328680144399898,0.1446352187329827,-1.4107985272112518,-0.120718178453976,0.2790017686153199,0.3264
-0.4028798815544171,1.5949362877272737,0.5251769752898787,0.6242898298114327,-0.7981968314454272,-1.6518737995956128,0.4963533837528377,-0.9202604426821273,-0.9945982002909718,0.2144
-0.7538005478759786,0.0546079508649898,-0.252606632961981,2.43522362065241,1.2247660243273448,-1.3393521465308058,,1.1003254043200066,2.466483581702397,-0.1408
-0.0745723317863018,-0.1735610880970381,-0.3098877145906443,0.6391739844203113,-0.4426141197291376,-1.4210608982943602,-0.3186124072992513,-1.353247151072151,-1.4589885944017276,-1.1636
1.880488937116932,-0.4600927175016999,0.3450974973572112,0.6942764679021738,1.1044535829897728,0.3977054721182973,0.2081360836395173,1.243648747182678,0.2419881418687555,-0.1170
-1.3959622373818794,-0.3610933120224782,-0.4860904869893593,-0.8840084695183286,1.1522173399019762,1.0097153513714163,-0.534699135259829,0.8655059398823657,0.2801483756913956,-1.1459
0.9306093390732384,1.6261977366150124,-0.0738672727013134,0.3697280301415528,-1.916280166641596,0.6281256427510408,-1.451100597815485,1.0998339086880955,0.3567507317511751,0.1563
0.8002337102839354,,1.11034795386522,0.5346058525772697,-0.6817941486309127,0.2969974704869237,-0.3031020178527071,-0.6144934683396941,-1.0230660236002789,-1.0610
0.7739347336993685,1.037417917258017,-2.2550488141450518,0.183108010733031,-1.312136805263488,0.2135869845696514,0.7973179168201768,-0.3129853412487249,-0.1261782449782962,-0.7586
0.2226794489450483,0.7893427703255912,1.2509053377177906,,0.581582306488839,0.3142851935028428,1.129228118410997,-1.4421175734818277,-1.3172523879034277,0.3122
0.4094167145197128,0.230753366189495,0.9430009988209104,0.1900038334474279,-0.1540602419750592,-0.2003710450676405,0.3125926613912204,-0.2260671660714559,-0.1185332116862711,-2.2990
1.1488293685312403,0.9594121520607404,0.0458927382367827,-1.1012039964646676,,1.1333009540207954,,-0.1051228369636291,-0.7591033525241806,1.0348
0.1860884131887432,-0.4900561803457862,0.2984578207079766,0.4406719052453549,0.8166118552248328,-2.073925943642688,0.7330089472980662,0.4789112441903888,1.1885610188527933,-1.9178
1.684708201110976,0.8748515187658285,1.7015268906744438,0.2170976898215925,-1.0890652460252217,0.0649538392184247,0.4289735540236538,-0.4685448274875122,-0.6790828801127026,1.1941
-1.746251565050729,-1.285277207073508,0.7281405009614745,-0.3726367294966083,1.6436810021746222,-0.738605973302058,-0.2487570316830955,-1.6465985538963044,-1.3825654419980788,1.2934
1.912182636335655,0.1793218630739604,-0.682211344343465,-0.0323356852412662,1.5396602927359946,-0.6513729661320133,-1.9082700026069803,1.1734087019991282,-0.6881848685132708,-1.4855
-0.5252118455339859,-0.0204267007942538,0.350218035190931,-0.6587149275937307,0.2172840191168667,3.454844983539163,-1.170581450413318,0.8745479917491368,-1.3651305040728432,-0.3058
0.4157426735013334,-0.2690215521024664,0.1597237957840724,0.5954216002643544,0.5584173221623167,0.0987580277944204,0.3067435244071596,1.3840116776726623,,-0.7879
1.7472386914064015,0.0161667508083336,-0.5592748367944014,-1.6013385562205036,-0.115148876991132,0.1712298649513894,-0.576760661618572,-0.1276732647149637,-0.2084390103359939,0.3083
2.1242061959612744,0.0390186038922799,0.1454610928017144,-0.1252089745763625,-1.3893915026351746,-0.7831450193952125,-1.0010198810855775,0.8431401586679623,-0.2021903285019175,-0.5890
-1.9907727217203837,0.6608972945698794,0.5787166469424838,-1.4588673752762922,-1.1366878423484332,0.11802902029261,-0.008191384418434,-0.4694880238828831,0.5560741813179517,1.9749
0.6219939914135035,0.8090017654692098,-0.9779076024537812,-0.0570405265676702,-0.8231104593538007,0.8168241559171578,,-0.8266538926369131,-0.0116216975812088,-1.1807
-1.1229745508747684,-0.9268778827260584,-0.1341936068928722,-1.5077146036840663,0.1948923335585722,-1.502047244651209,0.371452797692536,-0.0874850136622436,1.7891050226401382,-0.2257
-1.068550870513704,,-0.12778871593599,0.3195430258853798,2.299882083398174,0.1542535521355088,,0.1013963993871741,0.123727872316307,0.6946
1.0570075777220391,0.1525617651866966,-0.7823628502816364,0.9667388385109,-0.3829293678277887,-0.6639618776426975,-0.5283640615150592,1.2034139450194432,-1.0016882116237824,-0.4725
-1.0504199508389735,0.2669472431110878,0.269055957311947,-0.1233427930126892,-0.0803201732700427,1.1666505888761372,0.2580349222184272,-1.0857525930749474,0.385010561894546,-0.8115
0.407632801009532,-0.4980387133663341,-0.3395410594858222,,-0.5305571611787612,-0.3174037989291853,0.160664825710234,-0.8485953357071664,-0.4895140022949691,0.3679
0.099186849349288,0.3167038138473149,-0.6495652839593905,-0.2783373313522581,-0.0116990709087461,0.9117087536679545,1.1551373268751606,-2.3962954323879044,0.4808965491690722,-0.5879
0.0632463012187797,-1.236893732774366,2.043907089873115,-2.1431449455189053,1.2595318635074606,-0.4364048639607543,0.527647111298284,-0.6981640146382011,0.1411298467405758,0.0425
-0.6430621527644579,-1.376218467291902,0.6383619303329404,-1.5429908999962094,1.3720633973678276,1.4544515418585169,0.5728847936646616,-0.0839583636091096,-0.6316568047672917,-0.5799
0.7929472664869458,-0.6751312584488186,-0.9097254716564884,1.8053853905476875,-0.5990023059200844,0.7384774668556867,0.754351516493547,-0.4494184629214831,0.8017660918124473,1.7425
-0.4752332554888075,-0.7297071264541177,0.7918119268592417,-1.469668975547139,-0.8801174405531592,-1.2130064980711388,-0.0215218214206821,-0.231806423924189,-0.2225830067923726,0.8233
0.7342081940973216,0.158525869975147,-1.3437377164466735,0.9025815782914222,-0.9972810591961684,-0.3303951092680454,-0.5743417031398509,-1.4927099155393513,-2.149024664563722,-2.4550
1.0664807577386726,0.6485065915148409,2.301053099996953,0.6811139606629542,-0.7202072227404617,0.4373185014949764,-0.8850468504493189,0.5094862910373306,0.2512390495728748,0.0628
0.5649263569146005,1.726909151491602,1.0546189674785045,-1.4166629592772078,0.0960929151866007,-1.005963655345782,-0.1513201367328074,0.4540305614492984,-1.4210043559901089,1.0675
0.6600500391515672,1.1053378086683827,0.7380787985110088,-0.0810360023314246,1.226226281023019,1.1449663615290928,,0.297974761766777,0.7745269280987898,0.0624
-1.82744563462594,0.7332091340508184,-0.2923581232162118,,0.6692784890694317,3.4151792385638715,0.3061164241559311,1.1950426221129544,0.5553946537790425,-0.4101
-0.261660405488056,0.4201547655308748,-1.275438454737317,-0.258106672837576,-0.2371955345185507,-0.3386265436728583,1.3644875381460748,1.97394668739495,1.2328861352139933,1.5449
-2.402645688358263,0.2952243063170892,-0.3621342834274836,1.22133299094279,-1.6590394670477449,-0.6198642482194631,,-0.0628240272502101,-0.8150696231937684,1.7209
2.514074630635278,,1.2493806244333667,-1.1429586430778669,-0.2883993379723245,0.2407435378415257,0.8190139525687623,-0.597820954691375,1.1046768381971912,N/A 
-0.1521466417679835,-1.3496951278826337,0.0177912015830801,-0.5540654502527212,0.4534561056399329,0.2538438433080894,0.4985816735463849,0.6068235204260507,1.491460327953409,0.5543
-0.4833246457082566,0.1170483964874305,-0.080409460261849,1.765241670996362,0.1591531963409736,-0.6683475883748805,0.4416471911980886,-0.0210518178113969,-0.4703889542766943,N/A 
-2.4813749857038023,0.1749444582193776,-0.8284688201744552,0.0383936890256505,-0.1399374588184745,1.6157872645282063,0.6821965694971863,0.1651633343427929,0.3736456890847716,-0.0630
-0.1880702680237688,0.0235855224823236,1.2147252605591925,,0.1632745711872927,-0.9470119052738364,1.784015981058833,0.7762242623786745,-0.5392135888803526,-0.1646
-1.0963822411490916,1.0493941510590976,1.201434552367627,0.9975122146196584,1.620130729059275,0.4356976153960539,0.9587158006912148,-1.4857212049128925,-0.5423848779021664,0.0120
2.24569561837652,0.3570913668329559,1.666829416073316,-0.6152254619861112,0.4774176637739853,-0.1859722096089355,1.3735170794698583,,,0.9746
0.241695678541243,0.4670675869343897,1.1177832351538075,0.2114118355039857,-0.1124854253979179,2.46781407923558,-0.7381131127223464,0.513848118182485,-0.1112492280349336,-1.1230
0.7538073145902826,0.1069434666145453,-0.2416049637638764,2.4192069816145763,-1.2880754273185009,-2.1221394035629717,0.1320913613226738,-1.0199360380278264,-1.0692787672002342,-1.2102
-0.4155992702048761,-1.0726197113593423,0.9485673440552704,-0.5930453868112006,,0.2513311479306219,0.3706557753798774,0.5685227773828396,-0.0513239464686519,0.9302
-0.6636288331993802,1.4065439629655907,0.6109919773331021,-0.8765268953624912,-0.1844071142400943,-1.1197410426822512,0.8886250076146957,1.3840447631766517,0.2249594847046373,-1.7352
-0.2338356780274705,-0.1255052155268279,-1.4533442493898594,,-1.659231227583099,-0.503775891410299,0.0005041185850452,1.0166464760195002,0.1182891122920174,-0.2796
-0.2643351547297074,,-0.506732162564839,2.089020393590158,-0.0903018393176594,0.374257418423415,-0.3713139751163525,1.7467356407308832,0.0627541203084215,0.2747
-0.0503778094507604,1.7119380901939905,-1.0552900664004785,-0.2004591788962189,0.0251968758937392,1.3985122897155178,-0.1413971187203894,-0.3716576008855758,0.7154030165765219,-1.1046
1.60120510570879,-1.2989372703410202,-1.0217974373573744,-0.2970291043416864,1.1149432978220333,-2.0005603570505737,,0.8210256422604355,0.4681372133337742,-0.4237
0.4772680788900895,-1.193607111548178,-0.9160826654858292,0.6099834237798868,,-0.7349666126722126,,0.4953114037862888,,-0.2512
,0.4844591052686783,-0.2742682472155025,,0.2932150509763395,-1.2858950975330046,,0.3120797424420904,-0.752449036543058,0.3440
-0.1654425998300164,1.1349596173800347,-0.6998641363459444,0.4452534590260124,-0.7732017695989233,1.055595847284651,-1.053042307201378,0.4543169626712968,0.3631116849086165,-0.1629
1.249588433871371,-0.360614005533823,-0.3369030732469227,-1.3565286296726975,0.0571018677529082,-2.1154704547460224,-0.8654217352897887,-1.177253477824514,1.14184802001669,1.7497
-1.4463764132203258,-0.3825500347712638,0.0596315703697548,0.647590678238843,-0.2136388377770638,-0.5876512300910064,-0.1069561294510897,-0.8149028642606894,,-0.7094
0.4801153648607545,,1.40239434250723,-0.5471348898735018,0.6106235087099766,-0.8533399173228653,-0.6972035901688942,-1.0657848436099715,-1.0167416493479875,0.0474
-1.074741644493716,0.4722068969837884,0.3710757411857229,-0.3031291446465411,0.4407737364650231,-0.3435667950648897,1.2791175450169645,0.1623410749556387,-1.48432571975866,0.7385
1.2204389887126617,0.3609004541531737,-0.2723005928819268,0.455100658033949,1.4507746906773191,-0.9643875569988376,,2.0781761600910778,-0.720539319078555,0.2523
0.7830535670057818,,-0.4592731779711125,,0.2989318785110809,1.1994959295515517,0.1307418488438246,2.4831913187093617,-1.6892358410624624,-0.8834
0.979877334137684,-0.8677768894695982,0.2467816781343057,-1.031497323672707,-1.483330661574814,0.2273469283122836,,0.3923365513233863,0.0169674038624913,0.1960
0.3078247571100093,-1.3936356261478575,-0.0402486806585297,0.6868125378076365,-0.0218761348634062,0.0079066515629769,0.4515012752409878,0.8680615142862458,-0.1901080883833003,0.3587
-1.081590171586683,1.283641220249981,0.6448196495041042,0.0476490355377188,0.5728976870094368,-1.3107270993526503,0.1700892976960064,1.518830321626075,1.091091013608317,0.3540
1.618638086303973,-0.7147120730305303,-0.3208991600713817,-0.5598535122550311,-1.1461020727370006,1.2969510048532586,-0.04777537611283,-1.0673233586328834,-0.8785005428016716,0.6324
0.5687781943454836,0.4773621022250102,0.4191093286598804,1.2630953742998348,-0.5371718032196388,-0.1812478713977811,-0.2797607755728579,-0.2901245187431316,0.9333875421150178,0.4946
-0.1083599828633798,-0.2710179002287975,-1.2889358111691216,-0.2251988376841729,-0.3158253542344336,-0.4994202458833054,-1.8916453966716489,1.4932333293077336,-0.156093582425988,0.8404
-0.3201515270102087,0.5915191671922791,-1.9740079860487587,0.7396390848988676,-0.8270503244949221,0.3828556310818383,0.2038761313533219,-1.328797129260376,-1.1656938133123669,0.0678
-0.9340500733779,0.1151238426565205,0.503733049653076,0.6103426525453818,0.6775009800916048,1.3128426764722476,-0.9339987904835468,-0.3302876838011232,-0.6555751613006556,-0.8276
-1.6462605971047528,0.0272105450084331,-0.0768484925966083,0.0295780685697446,-1.3255069299641031,-0.0348625073799617,-0.1919310720453708,0.0412737287226058,0.5727932067312574,0.1054
0.2987029330022198,1.7026499684221703,0.5953156737196925,1.7272508611789616,,-1.0434241527927306,1.1000648203730718,-1.6326707631979962,0.3887057863123134,0.7350
1.3046892517968915,0.4634685504713511,-0.0755679722654956,1.3015568053286504,0.2762334951539231,-1.4230326881542297,-0.4515612657153529,-0.4441620964209143,-1.2627547082126966,0.9697
-0.1103874474658618,0.0786246737181416,-0.3882738730297805,-1.4359975399620877,1.4962358360563872,-1.0151848498453515,0.14795655701549,,-0.805533873977109,-1.1779
0.9741996870398966,0.4044514373561406,-1.5031964441121497,0.5831521706157372,-0.0644542925830205,0.7386870070417542,0.6321809451455472,-0.7207770850086289,0.8114001103368749,-0.1467
-0.0421905145176109,0.2017939850342815,-0.0926606324860704,1.1120439844925336,-0.0209081607781237,-0.4169579172473956,0.259868396391234,-0.7624611927752356,-1.6650810462362646,1.1539
-2.322889090232766,-2.0245220337594354,-1.808877525398345,-0.5862808386393976,-1.419011795690809,0.1543363077825836,,-0.3476439326930278,-0.35500305657753,1.1267
1.868475993491682,0.7421185471261305,1.113128542026137,-0.7224865672367389,-0.0611396289370649,-2.466052618624222,0.7634697251192452,-1.1649242752764322,0.2192960683692507,1.1182
-0.2191744004713814,0.104615212348806,0.3142418306766878,0.6800034505506518,0.4840814927205383,-1.0781380491963717,-0.349934907306795,0.605041216789852,0.0206308045415922,0.4093
0.9357401378114788,0.9684573799637728,,-0.343410864761107,0.926896961653944,-0.0459130438662423,-2.306226873727322,0.4144696047417521,1.5805901863437373,-0.4489
-1.490801504925094,0.3626304288882823,-0.8740686964119222,0.0951202688348348,-1.3252647880983204,-1.1673037789398435,1.7935860516050564,0.7946246509551066,-0.1044658758874829,0.1568
-0.0229911461992759,1.5546641495684776,0.3964767900809068,-0.4764857721014702,-0.9162552054508246,,0.3471685484296265,0.1014351867379987,-0.3804448479542502,-0.4021
-1.2418245308905047,1.028942791363734,0.3360832440571045,1.9677283931645448,2.8123567959049605,-0.5874289880696342,0.6005871871764435,-0.7928128674157802,-0.5760071124973855,1.4077
-1.0443831466148303,-1.461413642312067,0.864170548301323,-0.1288137420832781,-0.9689892507620902,-0.3190796789639896,-0.008167787582018,,-0.1968277146775818,-0.4141
1.528890573158026,-0.4311557649530214,0.6975276419071625,,-2.52501579795556,0.6194314524913008,0.7789895008242311,-0.0339702712083424,-0.0335546863448608,1.2923
0.0877868474985206,-0.7294515983861755,-1.4149452618168743,-0.8280911769626104,-1.296358211159645,-2.5374161232866177,0.7575821874651844,1.4038079117943705,-0.3201357499585115,1.0333
0.1643348704002167,1.2750358150310974,0.8401660860133122,-0.4559553601083119,-0.0388589333249544,1.307936904252491,1.3336916274731665,,-0.5178994284325399,1.0899
-0.4532305530526125,-2.169983965429564,-1.5417757730154042,-0.6962618944856157,0.3108909580572598,,-0.3899335938794632,0.6280149287701807,0.4341805426715093,N/A 
-0.6080302121460786,1.6645018694112004,1.3082188277719329,0.4827036074082617,-0.8038628541865979,-0.6350310928121101,-1.186141735859208,-0.4321897127514827,-2.149203613929195,-0.7607
-0.839160833347602,-0.3962149653887185,-0.2596147494347234,2.3697963483061177,-1.0874683842768769,0.9746223752181822,,-1.2950755601341346,0.3933030207785147,-0.4671
-0.9135029306461042,0.288620133642158,0.05569031205576,1.0868644076139118,1.034721251374788,2.403216288338704,0.8439791817689409,-0.20584456310678,-0.1380498264774845,0.3091
-0.3711541513421503,-1.212650121203369,0.9523912078418824,-1.2257718681695218,-1.423273051725486,-0.3410325412227145,-0.6456830165924544,-1.1894063518952982,-0.1190155155514643,1.9335
-0.4050860416141636,2.2248670706154967,-0.9799033820528148,,-2.4711416152019448,1.3213246575380064,-1.3011122026813875,1.9787551680856008,0.5270587937598183,0.4353
,0.6858609996144439,0.6904301987708461,0.0249756866496244,0.0046606362889802,-0.3876075223697722,,-0.4307596259604533,0.4139995617335089,0.3598
1.1254334696147952,-0.3500122315934025,1.0365764123053796,-0.4483175649642476,-0.4854025848877763,0.4359021461748723,-0.0876346040912818,0.1379010045602762,0.392077438736943,0.0773
0.185585792318548,-0.4230520368815585,1.592957900890208,-0.1772077562345859,-1.6080290801386077,0.1692086038987513,-0.6519365923274447,0.7352256638954233,0.1977235663573166,0.6742
-1.2583033295186647,0.2514313044381537,0.5707076804003216,-0.1689139633802331,-1.661729846136753,-1.2558023733088166,-0.8856817819640621,0.9670260052940852,,0.1787
0.7545228497734744,0.7587358094473999,2.177541646167453,,-0.4694770068304262,1.3001361167417975,-0.5994312243832136,-1.8384279904724856,1.1513073954743205,-1.0210
1.6723421006921682,0.3653784910117848,-0.3491274535534595,-1.0307256968102594,-0.8949571445389933,0.8235318876208926,-1.3758965109376404,-0.7192466442285369,0.9133387952901892,-0.0982
-0.8896841339012105,0.8462639952156932,-1.3765272486511777,2.4636822026597724,-0.4773959492446277,-0.935252315213564,-0.0228616201682939,-2.252245853962457,-0.0775285524221226,N/A 
1.0005778814984885,-0.5609238643996075,1.812843412271748,1.381110146497444,0.0284862250346511,0.1805856103620893,1.153837026484845,-0.0855192298270666,-0.2533577233341963,-0.2259
1.0960404553636829,-0.9209963400452562,-0.1780592264262677,0.7215923716918502,0.0835369005905874,-0.2324433962946223,,-0.9695024814161226,-0.081121788667287,-0.3561
-0.9088305480010374,-0.5451160037812509,0.1195614008259541,-0.2854603496106844,-0.942350002896291,0.6637861061188522,,-0.3328387362779726,,-0.6322
0.2402969755875265,1.258655126981034,-0.1622144399339678,0.715288531036688,-0.1322184689321512,0.8369317339296133,0.3267484210143994,-0.2806871992289984,0.6600411508407147,1.7656
-1.0126840460583264,-0.6150710649617888,-0.4315938444914184,0.1841844462733734,-2.5036666400755228,0.6997465495963078,-1.8687751135637365,,-1.966204752856283,-0.4468
-1.9343731768388333,0.3099951580793941,,-2.0673031077909965,1.5029769209138666,0.8382099148403107,-0.2773634456872967,0.2145402717565527,-0.4945629812835066,1.1962
-1.5046019144296048,-0.2187714017580463,0.5568596583548482,-0.6248548545184972,-0.0832218425508641,-2.45888061555835,-0.917376967902157,-0.0250389971854533,-0.8802184077913061,0.1718
-0.473401680102043,0.2699482152347617,1.021010226173598,-0.5896538332704323,-0.9261775459698574,-0.9493130447922382,-0.5298401543659877,-0.2318440644909074,-0.7665013376071014,N/A 
0.1732747584375818,1.3357189080332674,0.935546942396228,-0.2104169328851804,1.2279389523374231,0.5981332186540647,0.6683850179864493,0.4024063669657833,,-0.5002
0.5813342286725028,-0.4708973739729831,-1.486497543607903,-0.1085389948619477,0.2422788707587755,-0.3194388492837477,0.0420441873620034,1.644070591048621,1.132318029142369,0.6321
-0.8987868910999806,0.9823869289765692,-1.6168526814570596,-1.7961829524871311,0.2552263844908972,,-0.8450329940631849,-0.0016492787722722,-0.9185594960453743,0.2968
-0.4167371653907002,0.6332403710674106,-0.1940793234970882,-0.4446293931558855,-0.2948205654910185,0.1210062811608035,-0.048329761389187,0.7470603224403971,0.9774545795644454,-1.0664
-1.011087955672869,0.0727189391165606,-0.4369926994707423,0.409795993555978,-0.7212743263120693,0.0456451007799262,-0.3289821562010152,0.3964819249222458,0.7310863947970209,0.1313
-0.326462417645137,1.4307634732953194,0.1283383889648964,1.7065083486777723,1.2670926950273935,0.92641029344992,1.816722007087038,0.3937521798770331,0.2626210173315573,N/A 
0.9461230689589388,,-0.0664692275848649,-1.288067018759653,0.0480556047725981,1.19491155540133,-1.9832237900709235,-0.4446020559339699,1.404576270938007,-0.4054
0.3647812292596476,0.0059140172963371,0.377881759184179,0.7893197628565091,1.039546808188251,-1.0514284934649225,-2.1956854488217883,0.0007521773150713,0.1565243241248569,-0.4320
0.1921888482142035,,-1.5060335153773858,0.0090870111536971,2.0918195381693105,-0.9302746939258246,-2.220196314778404,0.8599443470766414,0.2285327511036291,-0.0919
-0.0730380948710208,,0.2172327292549201,0.9079965397474026,-1.0257225899792406,-2.526811428944189,0.7802644254272344,0.8924310975804441,-0.3937749797136335,-1.0732
-0.5838514754417939,-1.1721247789011608,-1.4004598240289414,0.0984737553549432,-1.1149081401553351,0.028024207576601,0.7257175442065031,-0.2360940515427781,-0.1287009458701165,-0.6456
0.483641670756786,0.3904831578074897,0.5305682960097575,0.1836297918847379,-0.9485687341242666,-1.5712883985642556,-0.3902233847377059,1.0759493759675471,-0.7984451816720843,0.1198
1.7100653720258725,0.5668407487229462,-0.3360925649618456,-1.1621987235031968,0.5146920079966713,0.8311780269503083,0.547471440868243,1.1498804154076852,-0.6318287375543102,N/A 
-0.2329762687580333,0.6121555424704157,-0.7547697482143111,-1.2528368310162372,-0.594633563345641,0.4925828890012704,,0.2634081811303505,1.274538314643172,-0.0884
-1.5832462716637017,1.4330458731088067,-0.3689390518832078,-1.9660722471930283,-1.018998018563113,0.0499963088630753,0.4487804094596308,0.5677487287369574,0.3460849231372842,2.0779
-0.2758144967697157,1.5650529519855076,1.7905517036723502,-0.2110566604096644,-0.3671582409561509,-0.3160186492486443,0.4783403833844314,1.6981200923368185,-0.5342168965657998,0.6958
,0.416840883591093,-0.2029474846337846,-0.6481517973207214,0.3347384088749494,-0.2411504427811822,,0.4765585080982809,-0.9129974260705482,0.0090
-0.5560681122697189,-0.4242345611064591,-1.105865484756713,0.6044140781206703,-0.1852919935308283,-0.835191753502038,-0.5695465510087465,-2.172869160156318,0.3163469953115869,0.4595
-1.9446160823852825,0.7926911644581204,-0.6396219709688428,-1.4462918213021916,-1.923037160004936,1.454883611568678,0.4807466918040689,0.5563128413697873,0.1251785616036674,-0.9337
1.2866753261375183,-1.4756726990814004,-1.935494987341953,0.9943405984704136,1.377933952998194,-0.3214713982606221,0.0578002589565779,0.1518206375654213,-0.4018816979342825,0.6728
-1.849562801436903,,-0.5184620768696854,,-0.3587796508741166,,,-1.1495243645616662,-1.4549407060808728,2.3376
-0.6411723835095339,1.436499629558722,-1.6325270758035997,-0.5028692892228755,-1.3895015220935425,0.3562642196876818,-1.4556514793905375,0.306408618908665,-0.5774083463450286,-0.3904
-0.8722818804650107,-0.0233853780264646,-0.6228380502500088,0.1686907201550208,-0.5643402956379789,-0.3533410238882815,-0.0356915501502607,-0.2501895594263849,,0.1142
1.0565754764839257,-2.753955008470309,0.3814364744160242,-0.6423453513676076,-0.7688432339312021,-0.932942310172603,0.4884630518560816,-0.4947886674366836,0.5380658000709281,-1.9979
-0.814856966270457,2.872543607066497,0.1164553408200962,-0.9858224033931164,-1.2592165278887724,-0.960865390024636,-0.1479521642999873,-0.5268691508774057,-1.9151974268699647,1.5905
0.6878644854784892,1.171574123593507,-1.988498403002673,0.7997982503107519,1.5410785247663903,0.7140783473439618,0.3527496695624276,-0.5918842300295255,-0.7376664821005049,-1.3490
1.3917288171445497,-1.5584359687940432,-1.8378476420383216,-0.8259100195144335,0.3898837563264815,-0.7381767339164229,0.7108627643207608,0.1084986593720618,1.193474131630175,-1.2753
0.1571478549803182,-1.0843542883989026,-2.064596308883359,0.4364508645463512,0.3589107891679548,0.7675892016674531,,-1.3465404905943223,-1.124026760042793,0.8891
-1.1853791932055668,-0.4105601104702215,-1.365437391816623,-1.6870556323543195,0.5315639217734086,-1.3144452345206448,0.6730954518022708,2.596495251863188,0.1905276367805074,1.0987
0.8075874641466876,-0.1344577296993702,0.9336579243643004,0.2875176355131497,-1.390131774180391,1.6901441864420377,1.3973737652426277,-0.1596018135963973,2.397294719957268,0.2400
0.2801304483128585,-1.2404100040589665,-0.7592573692365585,0.0991358509488425,-2.1010770120996742,-0.6958314429971473,-0.8438373303656574,0.0592892137248597,0.3455505410315668,0.7085
-1.1579081099895894,0.1926292911800632,-0.1807991119442464,-0.7405169348001377,-0.951676571818146,-0.5336873845735863,-1.6731415862393186,-0.6028417587350012,-0.8050655546303095,-0.1653
0.5516338161654692,-0.9507614101851524,0.3959757315710721,,0.3024152373173414,1.5218724327067643,,0.2469299051694874,0.1930784898806301,2.0953
-0.7265134735972647,-0.4099522840966642,2.165590570574679,1.5951297164896732,0.7981904549446246,-0.9605945161465154,1.5916904175323892,-0.5087045117175719,0.1697011432597588,0.8018
-1.3164020026032843,0.3059012033307897,1.703818005205068,1.3507600733723075,,-1.367840826788549,-1.283680757523144,0.9717622236088754,-0.0160965618495176,1.9359
-0.3704352308280119,0.4104110352621015,0.6853456111710388,-0.072238431567297,0.8937904928077598,0.3299926794301451,0.5966590461985253,2.917432047615668,0.6560613873190893,-0.8132
-0.5667822592997498,-0.3867661148417907,-0.0036591926552123,-0.989261540128231,0.5323766127321943,0.3200736449649569,2.184303319558412,-0.9704353379090348,-1.281669912817502,-0.9157
1.2110188759584604,2.2392315722701164,,,-0.5733209199929967,-0.128792642806736,,0.3882054847340364,0.3802088073474317,-0.7459
-0.4512182807110372,-1.294967729014839,0.3647390184980125,0.7958784688264491,-0.8932213719059745,0.7957355163413876,-0.52940230156397,0.3009789257341664,0.1345665141855644,-0.0902
-0.6367229647789957,-0.3991509160701216,-0.2716260847819995,0.6176328776307191,0.4969042743991547,-2.6259406786403288,-0.8138889812827635,0.2675891718035029,0.7764174706897171,-0.3065
0.1219808894316373,-0.5089618477036948,0.2813897752037532,0.8994271744859162,-0.7892873199762447,0.1678780169215019,0.4866688479386469,-0.1904237659873849,-0.3721358688463948,0.6562
0.5593670165440199,0.1932215823725966,-1.09413094948554,0.0473749569194989,-1.9174398584583887,-0.7979851027831562,-2.453020980255125,0.4811176422388681,,-0.1232
-0.0379025633703577,0.3540754985119407,0.7912845516867917,0.8556533189187991,-1.7334349861608762,-1.0607299323732635,0.112805537822746,0.5636472911130163,0.5205772778014705,0.9865
0.9722344780766586,,0.2246770708903864,0.0350882208789439,-1.154277143666366,0.6179033935293359,-0.9815015050185126,1.1701247083469202,,1.0874
1.7963066126240783,-0.3742076164316055,-0.0323118637029518,-0.8962503268837813,1.3684554659569534,-0.7239518399486771,,-0.1670608874045781,0.4567216375762197,-1.8351
0.3188865939146836,1.276145628455514,-1.5099156739776718,-1.1134207831085177,,-0.4888051378629574,0.1862041708733161,0.0033792620285264,-0.1079028972331386,-0.6957
,0.7653431810071216,0.050870232085576,0.7073910779015491,-1.912515954194047,0.2013875372380482,-0.3953640603255168,-1.4437572030420756,0.2339714829969272,-0.0329
-0.4944948377823535,-0.7080935999509252,0.4854032166198814,0.3518074290526564,,1.0824410001917013,-0.3861945188433372,2.0567419299263645,-1.140770694842734,1.0209
-0.5946920235731814,-0.8043357129614459,-0.6874345978434909,-0.3169461188511001,-1.137619629631069,1.0805743169037765,1.24044047049497,1.59312744847185,0.470014888847674,-1.9217
-0.416030425397681,,0.1738194690714018,-0.9074107656440342,-0.9925202848019172,-0.2880397392000863,-1.3642726699398589,-0.6271926078090442,0.5375890408263787,0.0735
0.515984067794684,-0.6421762851810261,-0.9545999075487964,-0.1183521083460762,0.0839602371173317,-0.0592941417887858,,-0.4461524906891418,-0.6401701764327306,1.4824
-0.3811294659979616,0.0963410940299671,-0.4935221022652294,1.477820476020801,0.8734085303552468,,0.6656984010846299,0.7862339549665898,-1.707432231496935,N/A 
-0.6967770969353575,1.627276394589738,-2.136032696285798,,-0.6860369214070228,0.7183275655425241,-0.8083953767983739,-0.7551420161635958,-0.8860198297217032,-0.1457
-0.2806412816379102,-0.443851068070679,0.939652163294522,,-1.138720979900553,-0.6006306882817715,0.9573971026662738,1.1760987288091376,-0.7227791718464996,N/A 
-0.6352559364407945,2.846313805886451,-0.8130785399364415,,-2.0727158261184813,-0.4049767322624398,-1.0751599815479893,0.7497998915288052,-0.1169926582925433,-1.9747
-0.6271008459699343,-0.5010638728581841,-0.0527212081001915,0.4933948551664846,-0.5891026847343789,-1.0316749842183166,0.0515135942247303,-0.1677275862948337,,-0.8656
0.1342197806484032,2.258384008866826,0.3566884983365068,-0.0738517376580472,0.3355104853061056,0.4087776674922503,-0.1331795562814515,-0.5559169659263108,-0.7333350439362133,0.3745
-0.7546076294334038,-0.0256731655729428,0.9053673279220934,-1.7399763731216258,1.240818302863535,-0.9387322433667172,-0.5769567752951266,0.6233155591889494,0.4469095773451537,-1.4124
0.6201354849819256,-0.352845933204369,0.0964481707942222,,0.2867178125528081,0.7498179947294716,,-0.8648667918489453,0.6181372241750269,-0.5140
-0.693899931295944,0.70471600324434,-1.2656000748012894,-0.4845077346032407,0.5375690128738344,0.517059117581779,0.6171519907137456,0.2717187885441509,-1.024023125568876,-1.3463
-0.2979537138354333,1.4843705223435977,-0.0406915144284138,1.174656411998416,-0.5156396521207467,0.3306260672048356,-0.0953123124972111,0.510636158882067,-0.6644660264936106,0.0668
-2.0870938272634123,-1.261430342239097,,1.362794763767442,-0.2045030924888401,0.0025767649080437,-0.0988426083677215,0.1382355899130262,,0.3379
-0.3834029716798401,-0.6950740951655653,0.6788865719697398,-1.6876340413197433,0.5424531273718113,-0.4878625579096491,-0.1082395993737265,0.9013100812080356,-0.8156201524225839,-0.8025
-0.688449012782402,0.3914309601790758,-0.3876623605994168,,-0.1448682348792549,0.7795814882582678,-0.0754647705297847,2.079474896543887,0.5342050580132333,-2.7528
-1.963339982375808,1.6837167788992564,-1.3297017815143546,0.596499078909008,-1.7235895774456764,-0.269769060354006,0.1115531243362625,0.8345301952691349,-1.230617638852738,0.6386
2.52115142794057,,-0.6150955592700912,1.2713494143801918,0.4536195851169982,0.7261121615691458,-1.1045687539587643,0.6145845397088238,,-0.8360
0.0425393828796203,-0.0929937646314886,0.5303571495814522,0.0976337319072324,-0.7167251002394156,1.5411065991253765,-1.2493730166844212,-0.1805092675209388,-0.7433821653277256,-0.6357
-1.4332374283241227,0.0147663600704385,0.6122550985306173,-0.5481444079378663,0.5258054315118055,1.274241258420023,-1.1341338420898452,-0.7163998729595669,-1.337980481915214,N/A 
1.1291026313974857,-1.894692444005178,-0.5009312148472725,-0.8133063415464024,0.7960439637694509,-0.9803563660708032,-0.966611239241678,-1.415923779933013,-0.0601758387857348,2.1156
0.2722953171902707,1.2866537386786616,-0.2507091848094035,0.6791483226012804,0.553365100045179,-1.7414553148719567,0.1340440078532445,0.2351446461642098,0.3755320215260728,-0.4826
-0.4927424547718022,0.7270865802819316,0.8200676604108658,,,-0.8433689992664491,0.4797279703134546,-0.5984175411171113,0.0206798939499504,N/A 
-1.0000727240802472,-1.2169766584580788,2.421062778666055,-2.357762428818515,0.2272095119330181,-1.5990518764365391,-0.4355727157635193,1.1499165132953857,,-1.1844
-1.612145101319618,0.3079978222880659,0.3035005163204048,-0.245738632450526,1.6695950550128236,-0.2234922808165194,-0.4134044339359818,0.1249461195290989,-1.4503602249831071,-1.1638
0.1158666853817729,-0.9488447108652508,-0.617543101619686,,-0.3822529655916608,-0.5313960317961635,1.0759913520676303,-0.6564714205306811,-1.6505370516092648,-0.1559
-1.273665096202892,-1.2131002600434346,1.441475876064396,2.3175570748950767,-0.1449745169035605,0.3526129572530276,0.2904222564064719,0.2402074267101078,-0.5714902059702153,0.1219
0.2787386055147426,1.4483804426710214,0.0808837794475061,0.90087359354999,-0.1142000359230373,1.3088851300775264,-0.163534120570313,-1.1784870027435532,,0.1784
0.986361769536184,-0.4520412659808199,-2.1919387102312022,-1.658328810271796,0.4583391024982661,-1.0806477068410492,-1.3427122187630938,-0.4879269371836077,-0.6171763563331691,1.2651
0.4581150607460388,-0.4271625803828766,-1.270679050363173,0.0519657154699745,0.3308157689804942,1.625377547684122,0.1362108156453557,-0.5156552043713643,,-0.9280
0.2848890021025051,-0.6193786544959015,1.769110044943097,0.0859819262232124,0.1599120742821424,1.9857728905034275,-0.2563587083382938,0.2752044563055192,0.5798279172497823,0.2808
0.317609789468072,-0.9153787469126172,0.135322744752637,0.2157200873318397,-0.2215330963401488,-0.566307718454886,,0.8448391810794594,-0.2493962174090983,-1.5104
1.1781529215453497,0.894787865840691,,-0.6114269745531346,0.576758174448251,-0.339638648159253,0.6255153233625729,-0.3600208568974677,-0.4612012892418608,-0.3316
-0.5055040395434481,1.0241799273500751,-1.3927184065163776,1.2193206456960557,-0.751163507465104,-0.8818392479295198,-0.5466364469589374,2.47200569092354,-0.1624822080273681,-0.6632
-1.0477285942835408,0.1798478770324482,-0.065020606560493,-0.0662096995166663,0.1097163368495666,0.101208478044687,-0.1748151788609449,0.1181189075527633,-0.2737915143926377,0.1917
0.5878496722553859,0.4921677490147131,0.8620258492370256,-1.6686326659349286,-0.7049108934737764,-1.2741684067915495,0.3712808326349334,1.5753420849119324,-0.7708870192053603,0.7715
0.2335650567994781,1.1391946310177206,0.394199139921539,-0.576802680459139,-0.4518011388168562,-1.2697132782297924,,-1.219416214362716,0.2645164980765903,0.6260
1.1815421592628923,0.7883912190066874,1.1318186483045456,0.5075151021243175,0.8851350248460867,0.3272748963611277,1.073022805882333,-0.3399382162201746,0.3061037561067111,-0.7059
-0.1015999613666641,-0.357831912758856,1.6580564817954484,,1.533368945527723,0.4995054689962387,0.6087958156633813,1.74536478719819,-0.9382183270993708,1.5430
-0.5069896532940225,-0.8137262666097366,,-2.427079743766928,0.6546626846692066,0.3726432505231941,-1.097792562205664,0.3857350333547989,-0.3385603233891999,-0.6936
1.1626560237117367,-1.4717302942707438,0.9373229406471932,0.7847757096659753,-0.1662557847327462,,-0.6208439556048287,1.212549732976416,-0.9730012852131724,-0.6283
-0.7048997922660811,2.1460284490427326,-1.1029941090964257,1.6432386185202847,0.137079743364122,1.1569076297805458,1.0765382846218745,-1.35026951257448,1.0530871241954896,0.1824
-0.563192261199646,0.6870267741705175,0.0461574379614497,0.4186348080208056,-0.1312962512582243,-0.4922878496164045,0.1948354618466655,0.131413290497081,3.004847097952548,-1.3897
1.3010272528049232,0.1694509180397533,0.348071554894802,-1.6366882984317632,-0.1410767205226788,-0.9769270256273598,-0.7976682114285404,-1.043789254504164,-0.4012907259830909,-1.0708
0.3831912175474221,1.794948243670579,-0.7306149609776005,-1.307359069719606,0.853234876817914,1.0272999364682442,-0.4445540210477449,2.10560883671752,0.4588003923371996,-0.3191
1.8522995845378236,-1.60396781491039,-1.507208918985712,1.0707193572081088,0.0444317146820963,-0.3511682311640464,-0.6377238641252339,-0.9074640305693902,0.7690461602633502,-0.5864
-1.3280324944958932,1.6173082613631855,0.7409187023067371,-0.9245433701603544,-0.433105783272707,0.3482084004771898,1.2056244943067873,0.7370520751373949,-0.2109505061041131,N/A 
-0.9173860375891484,0.0763850974436013,1.4649593299951316,-2.2394901230784807,-1.6811572259146514,-1.3845226952792449,-1.6621759033023105,-0.5155160349231234,0.1762220326135623,-0.6065
-0.2596043756052507,1.3194331363372267,0.6191928956171375,1.2172399706361527,0.3800434949547748,-0.0010343175885999,0.5879417364956062,0.6157391302150552,-0.7892205293243642,0.4959
1.4083074969839124,-0.7067084244529698,-0.9086021899007324,1.4939151658497851,-0.7200364314226589,-0.3019327290378731,0.4778386491886357,-0.1656260436108853,-1.4852817330684531,0.6791
-1.0358095888560273,0.0343974805572914,-0.4484849291062192,-0.4601811578315158,-0.8796240507688674,-0.6025962541865462,-1.8789784128171216,0.2667894669935967,-0.39369030547925,-0.6862
-1.1957992200469842,-0.5671961757684982,0.2013161301352998,1.264980883474359,0.2617657686602167,-1.1511303665911696,,-0.4397727179781081,-1.2142551302160995,-0.9593
-1.031622042200363,-0.7698295092678469,0.1579704666060856,-0.2790308249242867,0.6660455398434154,-1.1516184693098233,0.0610658851631306,0.4468486939842639,0.105624233014576,-0.5472
0.1800038073049323,-0.917440770540184,0.6069925434551303,-0.3581632647762654,1.2213785705977154,-0.2826687194058119,,-0.1973971066307814,1.2623077575149826,-0.5535
-0.6673673849220132,-0.2746555798872716,1.3317474519683927,-0.8988351190949128,-0.2719808148653835,-0.420201513043588,-0.5465098025699303,-0.3765835174252726,1.0042649954434744,1.1364
0.1894349283457661,0.3844749797853112,-2.8904402402519223,1.5396359792293697,-0.2484380120386534,0.5239676437673165,0.5604239964541566,0.362395699089939,0.1997592173872446,0.6253
0.3437264338523849,-3.3855605804978217,-0.1687489806632038,-0.58919249762682,-1.9760342439670808,0.6105817199748877,0.8476666888760127,-0.4148210427220773,-0.2661410152558865,1.3901
-3.157046857639473,0.837806943228136,-0.1242897342615019,-1.0761805389169687,1.021893658796546,0.4929125237606427,-0.6052155031337652,0.2631074329139587,0.3260421930640539,0.5244
-0.3304843262266648,1.550656586322742,1.1917062978038502,0.6132872016443587,-0.6449030492483957,-0.2197001539726719,-0.258728535766559,-1.710851826578344,0.9401989071910756,-0.3246
-0.3134232460637849,0.1017138099592324,-0.6359254543127817,-0.0052673383161942,0.5558291739219359,0.7275101253110002,-0.815743592309585,0.1543285140062725,1.2560313072787976,-0.5258
-1.179225345457204,-0.2421111447416187,1.0611472294362465,0.4829937071268662,-0.0744343828150871,-0.0037204290573178,0.2757092619707453,0.1624118847098495,-0.4256199216859145,0.4907
-2.585777539309885,1.990486319165788,,0.2237192946624953,-0.0689105385022145,0.4305495932121428,0.6140038608784996,-1.3825090666311024,0.9115236381674016,0.5878
-1.2495295827141184,0.4176642324327765,-0.3748947503596485,0.2464484863914418,0.6295553860677296,-1.6378115961777877,0.7838404178971804,1.180034786509765,0.3268470026581366,1.0845
-0.1934149988934508,-1.1385370465212694,-0.5898688800050926,0.726989790717529,-0.9211755494182284,0.1890649885852637,-0.0103023332855478,0.1514915227217445,0.421139151158217,0.6434
1.3011559550163172,0.0816970818795118,1.4497950882159494,-0.1434267760629171,0.6816386028418303,1.231016033656383,0.8453753750241412,1.1013675020187437,2.5755021604242847,0.0664
0.2883763687505697,-0.3147607342991932,-1.0879168606734757,-0.7363495377459754,-0.5793621129954889,0.4926805407137086,-1.0224618911625682,2.098294518697006,0.0384618007050714,-1.0858
0.6490050892345092,-1.3857096721526565,0.2262453284978358,,-0.3396294061372861,0.4369256123046245,-1.697249492289275,-0.4887765211206001,-0.2027537546662827,N/A 
1.9496812072807557,-0.815141292116947,-2.164901302758277,1.9643296896919729,0.9211847006465952,-0.814711404641598,-0.2655241087078036,-0.1666464453749592,-0.1903933737754564,0.4329
-0.4816148775785288,0.5229781749941504,-1.1611909499767883,1.0139948948628852,1.3501686276077414,-1.1685503263620498,1.2982961051853,0.7795267510557344,,0.1822
-0.2436630900342779,-0.2359289189275565,0.7265953354714864,,-1.2743777362848498,-0.4782931918582965,-1.891364274094069,1.1331291583793477,0.8565004531960212,-0.6402
0.2413202276663873,0.4967633476175903,0.3459882554658405,1.7841319566204343,0.706781090224462,0.2151206595804275,-0.282841429250009,-1.2834652700110347,-0.0963560624209885,-1.1798
0.4536029456935581,-0.9904731829089216,0.1515723762721741,1.1964430058320712,-0.7058287149543209,0.17532007840802,0.0813824415747047,-0.6483084499013677,-0.2279889268195743,-1.3012
-0.8443424755735767,,0.9418945805906738,-1.1239134910422115,-0.5488485602084047,-1.945516359944117,-1.4804099417795848,-0.5816056668989892,-0.0039721197271774,2.1653
0.9809328819088516,0.855885807442406,0.0731097024557628,,1.036122988614899,-0.6574927004599815,,-0.0131353879647568,-1.4545259825699306,-1.1860
2.0698951385811464,0.048483500404784,0.3504147758007788,-0.714299756676116,,-0.3778505107179717,-1.1231510285869468,-0.9563331235988408,-0.8386045548983646,-1.4040
-0.3908371547634022,-0.5241761795744863,0.3642542552835593,-1.2616897096922128,-0.7004504909578099,-0.1611032571640532,-0.932010933033813,0.7794098033348198,0.3131181247742976,-0.9501
0.1863914179766616,-0.5126836416864237,-0.1564133388125632,,,0.261742560621938,-1.53487569111383,-0.2926251436831865,1.25029261735902,-1.6218
0.2228900671789548,2.075412978787762,-0.9210712008937336,-0.2673875162949143,0.099157993511728,-0.0141120028993696,-1.4244944934351875,2.1362972325641545,-0.0722301010740784,1.1039
1.5605404222999328,0.5044616727312788,-1.350780139536472,0.4608573837440809,-0.9595295029340496,0.5483251127917594,-0.6642238835618172,1.2776444591189418,0.41735381756485,0.8191
0.2020508691201206,1.973152509513631,-0.042546943483634,-1.893131238156736,0.9794017695355728,2.243760823135555,0.962582298005029,,0.1480305108712023,-0.9211
1.1033312578333725,-0.8902765789969816,1.5093729585459184,,1.2947290060312455,1.254257741028727,-0.0597708797064379,-0.5920187213568002,,N/A 
0.195489479123694,-0.5067205253863918,-0.2165928906306643,-1.3517132582993043,-0.8695048283217911,1.1773155081399636,,0.5795187070853035,-0.1000516138093218,0.5050
-0.6168107640325431,0.7648932634760162,0.5724487631309232,2.431297768965034,-0.4487629304529247,-0.7266560954388452,-0.2025292732405137,-0.7965745595093726,0.2195309963816003,0.3071
0.2219574337000301,1.2919601481194969,-0.3054664878554676,0.0085196073856286,-0.9995190282929084,0.9159957158992752,1.6560968515130556,1.8893159022633963,-0.8419541110320956,-0.5379
1.4640668445317775,-0.8329825865198212,0.7678113679810092,-0.5337445902516931,-0.2023231585791083,,1.8496120734313797,0.6653870233660982,0.6150373553219727,0.0576
1.344549423365941,-2.979596771061134,0.4142976411940093,0.5466648375345344,0.5107144113978628,0.9425004089401402,,0.4935153172482886,-0.237004184523481,-0.7071
-0.3247482852293119,-0.0409097374858505,-1.7431138369030217,1.3065111576833346,1.229885895474005,-0.6766859059322309,,0.356380041040392,-0.4766214381821843,1.7110
0.5879875492597099,1.0994582153726562,1.529688596381257,1.7332247895034816,1.216359751870309,0.7882366425816253,0.175887753811849,-1.4561908232141825,-1.094602431377182,1.0951
1.2433429872436377,-0.9212479310113628,-0.4771874342214197,-0.9677874166743444,0.2262702821095877,-0.3820644105095023,0.3824647501739309,0.2122585371457572,0.5656749796154079,0.2010
-1.7688711942552096,0.99618072752378,-0.7313892083386649,0.870218634500633,0.5077722376104943,0.5186473808937323,-1.218682269478964,0.2747861533482725,2.3855802170051303,-0.1605
-1.2415105466892389,-0.7229946102803451,-0.5080302627619355,,-0.4632270254804339,,-2.45746299879455,0.3907089307137598,-0.5561545087245516,0.0060
0.91477332787331,0.2862236069439136,-0.7606063999915208,0.3033697678645045,1.3165177974677158,-1.151641257965306,-0.4054205581214606,-0.4555252462470754,0.5400485188116433,0.4205
-0.0045290502943641,1.0027123706032093,0.7992998812167036,0.3916254903655718,0.3394981865534719,0.3687913978298329,-0.2292540169953225,-0.7314395655235133,-1.0061216990569406,-0.4409
0.9023406085048068,-1.1439256343772206,0.2493611163637097,0.3332350899919982,-0.5358941085030303,-0.0125763522944152,,1.6237345983455966,-0.3887479024911709,-1.4298
0.1865380809602849,0.1702625975525546,1.1879305969801826,0.0060040343138615,0.8907708489617246,-0.0150755206504414,,-1.848278861036044,0.6445725032165098,-0.9658
0.1434612675231568,-0.6939129844873815,-0.2111888280199616,0.2997818362911863,0.3781236827006928,0.2821431603809176,0.997419630660204,-0.0699143377310589,0.1986431715508167,-0.5418
-0.6390158299513985,1.4134795299311846,-0.7269530613826636,0.6392782484025035,2.3636403036828817,1.5376746501810865,0.8716131456068362,-1.4025584201869357,,0.6552
0.2185625106886523,1.904177292137612,-1.49521806471477,0.0029273529223221,-1.728029500042003,-1.0647019196528935,1.6824351431893172,0.950966078373895,-2.4632969293044096,N/A 
0.5772375639374433,0.0929060928461878,0.3850991954774546,0.4636817626264594,0.140611122362333,-0.734925122755608,,-1.2741136316796484,,-0.6286
0.2753769937223719,-0.3088546451402963,0.4289838242101463,-0.0929745368210305,0.8025649861417452,0.137122599070246,-0.8632882526811094,0.9114361738796338,1.5292939379555386,-0.1387
2.143050329519867,-1.508423950493466,-1.549477023323671,-1.6382225572571116,1.4081860850445451,0.4601521809559201,0.9451858273105468,-0.6347941249497484,-0.200246931908529,0.0299
0.4858127067200032,0.5252656355359445,0.1782199724081739,0.377440618448161,1.2959945213525583,,-1.7984452151932118,1.4340973995504087,0.9248332204868476,2.0441
-1.8988278249716704,-0.1520855961021358,0.0873655486423423,-0.2193952591310888,-1.03508535891746,-0.9628128301281188,0.6641356813794888,-0.9699170025415196,0.4318085847136997,0.7332
1.0318613278669326,-0.0084155319879908,-0.3365787768788373,-0.908849407414664,-0.9594398316254472,-0.5666259819493774,-1.8205650945571676,0.7929553049379001,-0.4175835811216645,0.1816
-0.558447516893298,,0.9560981343859106,-1.1093393200531318,0.3746449037527998,-0.7879531038530094,-1.869852705376292,0.648809649449904,1.2435538706176608,0.6288
-1.5574732740349706,0.7507841851894225,-0.6537396598214615,-1.094042648018479,0.2949472694706299,-2.52211671583886,1.93014092267058,-1.9128551583717224,0.457839429676619,-1.8782
-0.4142041589215026,1.595407802696034,2.01396072268416,-0.3255034083313474,-0.4492166313517761,0.2643442346797862,,0.8212739047123501,1.5206548108192404,1.4357
-0.3437430275506611,-0.0598350260430613,0.4471139087889751,-0.0234180953621236,0.9629911326917912,-0.2235347207564089,0.5965163212199638,-1.7743189869629536,-0.5948494550554002,0.1505
-0.7621948355041726,,0.7866720837274982,0.7022994097836823,1.2796066661538965,1.3203249478924568,,-0.0816519642296879,-0.346206230490884,-0.1189
-0.793094449276185,-0.2620416332284864,,-0.4594712654839324,-0.0719994532176736,0.0450103405475959,-0.6699522037799953,0.8515931149067076,-0.4524558754436388,0.9020
-2.0210697581501007,0.5591821574424298,1.0230583134123434,-0.2642539408547001,1.0555877747768925,1.169012269122999,1.5890272996301156,1.7520119886253251,-0.5318231109722474,0.1662
1.9905556976260972,0.1490896018047243,0.0720688723612291,-0.41420884425643,1.1845372980490652,-1.0523733316462682,,1.0535263507390311,-0.1071999473338102,0.3971
-0.2908024199146589,-1.2836434049568404,-0.2007170680737641,1.0914226378399996,-1.183967642702891,,1.578241490570469,-0.7845450956386426,-0.6598753293592934,-0.9447
0.786276409823684,0.2434592888810129,-0.3956822579955024,-0.5394879118631292,-1.6661085662404933,0.2715529930860739,0.2041422891179407,0.0662562343309978,0.8148911438837021,1.2641
-0.9132209626479844,2.743575949916352,1.817910634051661,-0.6951701191931751,0.0726596294963186,-0.25398076403085,-0.547289879776658,-0.0334791153254731,-0.5017079788413804,-0.3814
-1.5316544043116076,0.3449360945637413,0.8360965299010369,-0.1723165331477118,-1.3280460616749508,1.672337868033325,-0.3009928746472236,-0.0283071275315608,-0.4679934892018351,0.5552
0.0254234157130675,-0.2080904873120956,0.0010080971897166,-0.4006141365900645,1.4871283237419772,-0.3946780032929651,-1.3810851393424093,-0.5627872320089878,0.3314401359617513,-0.3262
-0.1974856250735693,-0.5331730725931234,-0.2651377718907634,,-0.3148172897517933,0.4557701059792003,0.4306509936505087,-2.376757777759017,-1.1762990400450353,-1.7656
0.1209122197233893,-0.3196480295355787,0.0244008454128661,0.6326050564905386,-0.1020799026240149,-0.4549811734686623,0.6709936112483816,1.3056599368329234,,1.1983
0.0147222334976053,-0.3851101187882035,-0.5278153552638057,-0.0982183668317833,0.0608756376966562,-0.4517611777528573,1.181457058969272,-0.0060484378960932,,-3.3931
1.525436368479708,-1.458083354046985,-0.5494057993439965,,-0.0705014002971056,1.782347834751993,1.2742344677559905,0.0450303659946848,-0.3650848185957678,-0.0698
0.2606527278260913,-2.0593056809104686,,-0.845770135917302,0.5313405871467036,-1.0367241352787908,-2.5823021542006246,0.6536035024316218,0.6151158623830406,N/A 
-0.3951583149103461,-1.0938371609745945,-1.739498177214227,,0.3655313199699532,-1.1660197145437767,-0.2631722611753745,-0.0251838895556796,-1.2588406062202084,0.4762
-0.1593306625615237,,,1.7234749933748528,,-1.4227644463149225,-0.2132406532413788,-0.1913321669415642,0.315483255683669,1.1974
2.0429722198515323,0.51741473900641,-0.4606264454726395,-0.4662082283937598,-0.7552482819424123,0.514071649836463,-0.8079229740716107,1.280629071784544,-0.3421748205688108,0.2507
0.4117698375587318,1.3306803163565235,-0.8201660498372232,0.2747952052071424,0.1611754100701098,-0.8652996021233421,0.9302738135658296,0.4598546234460772,-0.3684670201189736,-1.4047
-0.948873630072453,-0.4684169736924774,1.3435828015166913,-0.5016129985373423,0.3506111776365389,-1.06767922713632,0.9309830134389884,-1.0504844470594084,0.209038570345768,0.8943
-0.0766050067193396,-0.2036030788604976,-0.7911019530980938,0.8461850952710439,0.7922394832672183,0.6112297828675692,-0.1195529829010688,-0.664237328279198,1.2718206238935512,-1.2010
-0.3112815300454407,0.7953391340401964,1.760369865745516,0.2517579977852682,-0.170504420298182,-0.2701565028161057,-0.1607235996343872,-0.3384030140368946,0.3013336752513769,N/A 
-0.1868531576116217,-0.7306308065340971,0.7648622888701249,1.0152996657578246,0.4661767110498745,0.3113800927692238,-1.6938243282939334,-0.6094376629848014,0.5553862635738228,1.2395
-1.3883460296579953,1.183574496646088,0.1414368892085943,0.8682028939470643,-0.2049398047061363,-0.4845056195154459,0.5057960334489252,-0.4056230707787632,-1.583780411949174,0.0742
-0.3708359633108216,1.9723863362038,0.7113758934743323,,-0.5553104950601473,,-0.2685273719966802,-0.150179631807545,-0.6164803248382182,0.4175
0.2479846781165348,,0.0805071494937678,-2.46098491328387,1.732624406353279,0.9561472077365604,1.2921170613863555,-0.5940894848785496,0.1497252489976771,N/A 
-1.1564835214499367,0.4271687287231311,-0.3046716745200681,-0.9830052565140605,-0.2798956315235493,-0.2198261923039266,-0.6218913581457515,-1.145969811581287,-0.5734941731179591,0.2438
-1.0782253322855304,1.328686808008284,-0.2161094620582914,-0.7789425961981592,2.070279677844639,-0.0099203992780748,0.5636796755180341,-0.5165037244465579,0.5896675974586966,-0.6409
-0.5396765525590367,-0.2953377523402283,-0.7290431274885087,0.6003008169616098,-0.7738556570606577,-1.9616930605594165,-0.826940761181323,-0.4151968197803281,-1.917742957263146,-0.5133
-0.0128733380076158,,0.8742202093943711,-0.1971858811044893,-0.5739705750655427,-1.0638780085574169,-1.0365475639987851,-0.1410914399064813,-0.6653228959426368,0.8568
1.2204225499829424,0.0152353546801161,0.2665100613501004,0.102946546543592,-0.5589915431664689,-0.5835989776142024,,-1.4833042508295735,-0.996030450762284,-0.4746
-0.9974781010064304,-3.696449288535021,-0.9967385067347798,,1.191996222622593,-0.4403672893079695,-1.6943602512848437,2.102571850754285,1.9776014430336004,0.7559
-0.1839396295500045,-0.2017417199461427,-1.7128709249315428,1.4297425562702737,-0.5186801287790646,0.2249381711706773,-0.8412784569654456,-1.1358901535979482,-0.4188460771084067,N/A 
0.6423180442342319,1.0066207610909912,-1.1017451924857986,-0.5790874578515691,-0.4068729291614546,0.157823426847261,-0.0552105797122515,0.3521759686256577,0.3977015561965296,-1.3614
1.4048716214329815,0.9392636148636068,-1.1644309073587775,-0.5932090155614589,0.6528030712737692,1.1319659766022458,-2.638473090891789,-0.6440471828373959,0.4365711015003237,0.5401
1.641654885964449,-0.4844485379758156,-0.2025150308723267,0.7246183875247907,0.5768522394589811,0.6747631107751373,1.1629781151355645,1.0600282173089022,-0.6029795598155958,-0.1501
1.5606854445447709,-1.0784474278378842,0.8697291874150055,-0.2233234516806837,1.742364462055788,-0.0891405904544438,1.0713892830734684,,0.3038549096924712,0.0146
0.7398202826583308,-0.4212136288639637,0.0829462306375621,-1.2598817316438773,0.716715942763473,0.8375046225201946,0.7773144988949603,0.3647170517232339,-1.6642702733175183,-0.8470
0.69113021625273,0.0261410223624862,-1.0387252324044347,-0.8084282798242126,0.7990712367583869,-0.1275674077048212,-0.6111800161814257,0.5634596027184121,1.0555853309646166,-0.4794
0.6722260262441017,-0.2289159622731739,,0.5236580097281591,0.3898114681753355,0.2341372505530053,1.108894611788846,-0.44682514252923,0.3260335335660479,-0.2788
-1.840815492450044,1.2829171398622723,-0.3100231846873673,-0.9332397367268652,-0.2748358551071406,-0.2746180607121877,0.799664761980638,0.7404272078332119,1.2870622802270917,N/A 
-0.8180060089523672,-1.4308532805136367,0.81322061374918,0.7811978432641037,-0.1442094257580308,-1.1983882276072892,,-0.3050482978133733,0.4271258752601311,1.7995
-0.1076236836515903,0.4977364458521694,0.0678524914503642,-1.7668489278647348,1.0299495310219668,0.2303661857809828,1.3445169720013217,-1.3964669029186674,-0.925654241755344,-0.0481
-0.4229581151872371,0.6928696246502527,-0.2897813896446767,-0.2236268402809758,-0.6449773288449387,0.6024643938774064,-0.170464103013552,0.225276770698594,-1.4104098716041145,0.3393
-0.6995146656698958,-0.564566051363579,-2.1159342165381374,-1.0698942146511925,-1.0871742283668204,-2.015397135122921,0.6158821584264927,-0.3364337318947646,-0.4501763666355076,-1.1738
-0.6643277805902602,0.0051382828158747,-0.5028651114694503,2.174980051032981,0.264804780893731,0.9842081625741592,2.227440510605978,-0.8374272492555852,-1.8045354405489893,-1.2965
1.1666525416149491,0.6285620421404978,-0.1471061609506705,,2.106776345344819,-2.162657940850893,0.8940794887125422,0.5322122561869412,0.0795984004186854,0.5658
-0.0600544304171341,0.5494120325126665,-0.2181285094043258,0.4190155397147916,0.7478305885679105,0.3305871864460134,,1.378233725605582,,0.3589
-0.2889370636115226,-0.9340069412531772,2.7280697071862403,,1.0253879390893914,0.2213225304573015,1.873711545636093,0.1972955750240574,1.4546905899479672,-0.7376
1.0838189787328807,0.0956184796254228,3.2484000667541206,0.0742157312045554,0.5833596527736545,,-0.685674605806914,-0.2704255021820599,0.2500514218577521,0.1747
0.7880034991415453,-0.6672708770723461,0.147276591964202,-0.5400558275968126,-0.1983874429636401,0.7441513015910142,-0.7002700038564711,-1.1860089052780565,1.3800000607436929,-0.4058
-1.1956372828794015,-0.6423135748178537,0.3930161934512812,-1.9140567356222764,0.1624488417843912,-0.1226179593244178,-0.5264247734303078,0.3696198810187696,0.5703238167582594,-0.5630
-0.3116906189360191,-0.4686441453436715,,0.0802080509924301,0.0817612957321118,2.1217721305629254,-0.8477714084903167,0.6657394740470292,0.5431178050664882,0.2267
0.6325490867605592,0.7713128600068545,-0.0168509676710887,1.439622024416583,0.9516888961494436,-1.421574191162298,0.6668697323601923,-0.9268681526035828,0.8274755497523595,0.5176
1.639610723421627,-0.904990287178046,-0.0203789756804009,-0.0982507426246111,1.1782334216425498,-0.3766715366418638,0.3705441142084453,-0.1097665753528039,0.0248654625272003,0.8714
-2.114403414309649,0.0428903824814235,-0.4982799432322495,-0.4839137644901475,-0.3094703397042799,,-0.6070942489004585,0.087656914020055,-0.7749066424529056,1.4218
0.8385788860549401,2.006304016419568,,-0.3756656510061948,-0.6582627352795796,3.193371103084685,0.0755768714608816,-1.325222304735229,0.4760676048132611,1.1080
-0.801470156444267,-1.5007114970123223,0.3675849227543938,-0.4362469145200621,0.2359959474571393,1.5773927003183663,-0.0520676350305611,1.5933699019877583,-2.196056578040752,-0.3826
0.0397453529371696,-0.0423145192639879,0.3767914328742815,0.0253931742217107,1.4502293822174095,0.9793071072684064,-1.0223779473915309,-0.3970046579311219,1.10101684452091,-1.6648
0.5719597459323067,0.0466621811026874,0.0906346263325697,0.4020614785356173,-0.8258934000045173,1.7352723313288705,-2.1383364563905616,-0.4689480926398785,-0.5321866816878577,0.1926
0.3290540524523904,-0.5690368844703232,0.6999611434513848,-0.0156453698528529,0.8520256389361803,1.8543633871109533,-0.2195032067325308,-0.1250520154717332,1.1615988595327449,-0.3692
-0.6891856748185944,-0.2065967254693314,-1.918816175136512,-0.5412815278347187,1.2013898509809575,-0.3985878604137276,-0.4696307424049958,-0.1597470515650871,-0.37207019896227,-0.7594
0.8991540456869203,-0.3462205495096205,0.2294804781234266,1.2804165777919148,0.705156896241853,-0.9065686081295212,0.8650904065361364,-1.7652743274232152,-0.1396740402691117,-1.9109
-0.4635319624569126,0.4572752112802856,-0.5168296650125247,-1.8295435831631368,-1.8646394617618955,0.3744249545907748,1.50054479497952,-0.1876526571292423,-0.6631396842477751,-1.6078
1.6015941392672313,-0.7736844875247497,-0.092387142952722,-0.8326717717972505,0.4377721191683887,0.7606470078680934,0.716082746801015,1.655266934569212,0.0594322235607465,-1.0156
0.7585160664540541,1.5757158777644429,1.1718071660249372,0.1586270474716665,-1.0055002789229357,1.2577317129954817,-0.0413548446579164,0.729142433606217,-1.2563576164711303,-0.9822
,0.3863891340951995,-0.3333722407508901,-0.0816734103830165,0.0615683840014945,0.4126460732408722,-0.790727328343274,0.112328363808277,1.9971557779258684,-0.4887
-0.9194277026166308,0.492004249658916,0.0235143182440431,-0.4921765899821191,-0.1366158053676298,0.1916956270479777,,0.7180476611202735,2.597517080174057,-0.7353
0.1292355797122973,0.8364386583701618,-0.2668936700930802,-0.7026421487278177,-0.4035922206709918,0.4504947580125423,0.3566693183594652,0.7966243956711063,0.4986230410414419,-0.9510
-1.6041020509626385,-1.2359671103751075,-1.0082964042038174,-0.9375612430277018,0.6366610113798098,-0.6341546812798162,-0.2436596772825428,-0.2876044690094432,0.7104946886552767,-0.0916
0.3244073805809172,1.1335205046750656,-0.9581372708084596,-0.6472385776330232,0.4517789689739259,-0.8458967089862368,0.3536295708489925,0.1589959915825428,-0.4293574501720997,N/A 
1.264442475480886,1.5010169594871214,-0.134665777029931,-0.6401680334444787,0.1628526609570475,-1.4029971679139388,,1.5590998380089185,0.0450820675007347,-1.8652
-1.343940661929041,-0.0776075719884102,-2.189279970196766,1.235828497865973,-0.88737691706261,1.0932583971944383,-1.6267738294296163,2.7010335679629303,-0.921137210715768,-1.5527
,-0.3858133163801677,-0.076341846762716,-0.0972186943660394,0.7003608895572395,1.2707145583567352,,0.1763539602254892,-0.1031458504951713,-0.4381
0.0316304913469122,-0.3412931346995167,0.6533705107304104,-1.2905239155397676,-0.8170485342464905,0.3930702010990614,-0.3290246851289639,-0.9303925595847374,,0.7255
-0.8883362776402364,-0.0681595303130096,-0.5258945106477367,-0.0349346453209289,2.014377257889916,-0.90259604020652,0.0759335706937907,-0.1120551476193951,-0.3809466560154323,2.5547
0.9532867811962364,0.2313689556434554,-0.1051651797947805,-1.206017218870182,-0.4759559400530823,-0.6019516775461775,-1.75229018348068,-1.019599300005899,0.0933848177660308,1.5923
0.302838244280414,-0.8761597947762133,-1.250631786298284,0.0277288742119663,-0.935644492457052,1.547136885980556,-0.9716526797908014,0.3958112655960449,0.1197717372619711,-0.9135
-0.884395755358462,0.3633704315784501,-0.2736557686720879,0.5664129781965687,-1.389554800246503,0.961784590599878,-1.3938108604711543,-1.4249138598502855,-0.3181687030722844,N/A 
-0.3162246560017025,-0.6431572962411695,-0.582755741366906,-1.578239413455025,2.424760517151216,-0.0626776038333622,-1.157923961039098,2.262562257810431,0.7424012310053895,0.1564
0.628207365446643,,-0.6560124528173444,,-0.4170037291382372,1.4429788734765907,0.9778521870937658,-0.4829682187701098,-2.104387077476497,0.7208
,0.8998778382677519,-2.602542431275308,1.3693882017949277,0.7926571891509965,-0.2431238977808922,-1.371930063462568,-1.1901665699722397,0.6343184802817236,-2.9504
0.0087289535666604,0.6825891595092566,-0.2989192601184242,-0.5292979976040042,-0.1583420823824282,0.8413178463341607,0.7327880803305369,0.1852301649784469,2.102856239962861,0.9791
0.2516421968919416,0.4965158514540036,1.225260397355998,-1.67678340111853,-0.3878804107761641,-1.0423543794673369,-0.139278621150475,-1.287449395045434,1.0561898422918514,-1.1790
-0.4609750311152735,1.3670831695498094,0.3262457627003983,1.730102829507258,-0.8199843582986847,0.5681492365777355,,-0.8658952895202765,-1.9108652034639089,0.6281
0.8222472460124078,,-1.2834488815543308,0.4322544654786691,0.5732057556796287,0.0573946115679866,1.633845624582361,-1.2330607120498345,0.0670724073971861,0.2372
-0.2874640718712168,-0.6244724064135639,-1.9281012509893607,1.8447471144821217,-0.4311593327698221,0.5121352134095167,-0.8084754215884632,-1.1076964705927226,1.6483348822107933,-1.4291
-0.020222563511011,-0.6963814296439913,-0.7442846284630679,0.7543886763324016,,0.7716768300172233,-0.990107639176944,0.7681821860400906,,0.3992
0.6219937297469061,-0.4088417690482745,1.9017149212132805,1.2820154523771117,-1.3415092498093135,-0.6462641893085734,0.4685349536358634,0.2663162579251702,1.3317745154736178,1.3997
-0.6406006741944434,1.338921340954248,0.3015242363485018,1.199293309130801,0.6057356253225656,1.4060145775932695,-1.5431920057312287,0.2862056860405851,-0.7485347598427537,1.1104
0.0634111287644419,0.8855353086912859,-1.1868956150119503,0.4547573098173773,-1.286281580410234,-0.8444503436413009,-0.4638476319703904,0.2538628206476918,-1.202039547624618,-0.2290
1.2239315479688402,0.8981147156816593,1.0176450730382425,0.2681037918896233,1.086078715840486,-1.4897237458713957,0.1883764635651595,0.9072498381777604,-0.1036430178547366,1.3370
1.34128148661461,1.1031277702160442,0.8457964153666004,1.0750682500204505,-1.1132573473754783,1.1912639916453045,,-1.3492958826080266,-0.6999375894961694,-2.5725
0.5686091620528745,0.6620811419872624,0.0852636574386741,-1.642163944649544,-1.0100787169446306,-0.8437148554799884,0.7397533901687497,1.239237725959527,-0.8368558034574014,-1.0977
-1.8436090217863903,0.8159856605671864,-1.2842821492389134,0.7665251450148995,1.337870442685149,,-0.6318478194495206,1.085966691945861,-0.649970847264939,-0.6698
-0.8503388717393858,,-0.9420769720716664,0.1539744964318722,0.6978137265347923,1.184805330031529,-0.8465230583879716,-0.6744982082138554,1.0956075500041962,-1.4229
0.4421179741605871,0.5043157840375276,0.6135086257699875,-0.0202683371716094,0.9712904939239646,,-0.8913369694711065,-0.1233685224647941,-1.8169811715372133,-1.4731
-2.1096444118211872,1.3155509918528778,2.137824509087967,-1.553168337258122,-0.8422449881648937,0.4096658996418415,-0.7805429483818815,0.2034280691800214,0.9801222583583746,0.4465
0.4789065486877661,0.7141854516817042,-0.0196186868825118,-2.3771675588939485,-0.3464448889559412,1.2368894194701807,0.1754199152341111,0.2123770360110487,0.6344564208117296,-0.4895
-0.2718263071131108,2.6860679199581443,1.1113592923995397,-0.8366857391506993,0.0496449951501611,0.880334706603545,-0.2221171434920658,-0.9375336843245544,-0.9753685353507576,N/A 
-1.0432831338356454,0.3125021969021569,-0.6246407717400063,-0.2317636524775866,-0.8970662524635676,-0.8749379747370963,,0.9214827840296144,1.1831339830404193,1.4909
0.2490944202385797,1.006115949971688,0.1964183698801824,-0.0115307485507392,-2.085432833041766,1.5639210915498138,,-0.9563908439212998,-0.640160398865999,N/A 
0.7758435663559298,-1.1324892537037423,-1.3213332012444183,0.4622896507845973,-0.2137460610651396,-0.078003676189673,0.0711569204683876,-0.1425681293443592,-0.6509861794341921,-0.4490
-1.005594842396896,-0.6202116535849063,0.8693591269408348,-0.5439951915630675,,0.3475217011384302,1.155417159576243,-1.7139640565069454,1.713595368045388,-0.8372
0.4783953367808429,-0.0388202555536881,-0.0832911016879035,-2.41916840353946,-0.2442517022204136,-0.6301236651035749,,-0.6385748095629105,-0.0171145029286878,0.9946
-0.3432209687959665,-0.384471935511656,-0.2806942615261203,0.3995468444177241,0.5238928994722513,0.2743329427044645,,0.8424386826652358,-1.1008218491885606,N/A 
0.3267415552695543,-0.1301675409655191,-0.6722606122248256,-1.550564474731252,0.046902260093689,-2.009024327916259,1.0753186981259215,0.522451425965791,-2.66490817532241,-0.4708
-0.0198263836349592,-0.1093186688834732,-1.0140119142835309,-2.863990030292856,-0.7152464599240772,0.3863212978621559,0.4516864282907366,,-0.1834323457738018,0.8538
1.7969756387165772,-0.5363081380969543,-1.3588842439539444,-0.0729273452303031,1.1501410894682862,0.3520072414328147,-0.4917090002725603,-1.233399399017775,,-0.0464
-3.173820272355006,0.2749744690755452,0.5272510255594633,-0.0851863664953362,0.456829050687978,-0.3913298231153578,0.5453729600311732,-0.9634375180369956,-0.7094321846168822,1.0125
-0.9172343895335048,-0.7614676649907195,-1.0912137052116206,-0.4304478792271634,-1.024941898564847,-0.5122279116575469,0.3555729948926225,0.5097242371947612,0.1580941288991501,-0.8384
0.8351684264672675,0.2895273344088115,-1.1889204312202888,-0.866980589161626,1.508606904190398,-2.24287355798654,0.7952107444973456,-0.0813949485045678,-0.1775099320987866,0.2113
1.7552024341366732,0.4231932054620456,-1.3150327393450474,-0.4789365189239135,0.8816831397526202,1.0482835018849808,-0.0333824921244809,-0.2636643002781499,-0.5365533979616873,N/A 
-0.9173594300954656,-0.7515328388473008,-1.821634175844524,-0.1039924922307436,-0.8395427435420871,0.4677449110612253,1.4433834657963722,1.3340348581451362,,-0.1275
0.6887578539626474,0.3924968745010871,-0.6617762800153605,,0.035465397047434,0.4383875558105364,,-1.666891480754064,0.5016168646064675,0.1505
-0.4247922309402371,0.7257149866362017,-0.1369793072853473,0.0614761791099189,1.2095231822006136,1.252424690678145,-0.0725892416249741,0.1772039267805432,-2.295940089838719,N/A 
0.288099403400421,-0.7843775456918816,-0.569162564930002,0.7584358470188451,-0.9374342873492076,-0.3404153425899056,-0.3204558634337639,1.2609863978379905,-1.8091895057190477,-0.3471
2.165905082671363,-1.3402836954391495,-0.483972545556603,1.6469910463301618,0.7612971306698532,0.3211432807775831,2.84291461313173,-0.0225857784105481,0.3215348792772139,-0.6884
0.950985992151026,0.061556064695777,-0.4696988021375268,0.5187526917267756,-1.2237526370019691,0.3574823202586946,1.3610791622771456,-1.7750815038146253,2.027302413808149,-0.4401
-0.9876989851496728,1.0180788322271546,0.5664902571426069,-0.3047809185300132,1.5575908686181037,0.4135144904184833,1.5295169075488533,-1.4521690268966336,0.5045892016131398,-0.1521
-0.1944805571267204,0.0438671768363247,0.0058460625470803,,3.146939583732701,-0.9204983435986468,0.9984901518802,-0.6759590427272292,,-1.3264
-2.275717036495234,-0.0688874516554116,-0.7346041778866925,0.5147161116716583,1.2946881202853135,-1.0849677898379786,,0.2634879416488879,0.6604658332693764,-0.8238
-1.0406160943773126,-1.3211770890896246,0.3387548150903569,-0.5418514694754204,-0.9326672935690636,1.2679673337682666,0.3018466253436329,0.9721894393073952,0.790643481107198,-0.2870
0.1039069807876605,0.8671380847295153,-2.389668788208159,-0.5787969388836387,-0.2733120038315065,-0.7668628317082166,1.0560376473195006,-0.5570753066691531,0.975717068440781,0.2903
1.040655911130661,0.410241127803692,-0.4313023265078475,-1.339970183887901,0.0468801968719108,0.2215508190432253,,-1.2957354857244368,1.0012433628420117,0.5309
0.1950250738199636,-0.1195031180737553,0.1846120589538378,-0.4527842343767563,-1.800654381888883,-0.7665505326855656,-1.256305690863401,0.1143652771213418,-0.2959157838982885,-0.8304
0.0425732215475315,-0.422524599816016,-0.3166873996207743,-2.0023328228958337,1.5572903212258746,-0.4220835830058399,0.1734827651295581,0.9424327025615036,-0.0078144470294005,-1.1810
-1.1704677046684753,,-0.6806975040975091,,-0.0833018035657202,-0.1733888944679548,-1.0364989641621654,-0.4547634431317074,0.5655086312445413,1.4923
0.3639322916884566,-0.6352015156963647,0.4240478218722244,0.0575199489551754,-0.2364785723652388,1.109943802297749,-0.1027741739197865,1.4291137377716965,-1.273493220996914,-0.0736
-0.1713536045684432,-0.4644341835919693,0.7287786408209694,-0.4884457314909575,-1.0379297669485856,-0.1975935733184416,-0.6904940373620557,0.1579522473850607,1.8925280544930967,0.1953
1.272113710224165,-0.0656848992648629,-0.1637751044875494,-0.2532874082011167,0.8897523624165881,-0.1021312245062789,0.5117292791399719,0.0098323972018112,0.9234330804479576,-0.3544
-0.7454092862686786,0.4419729722099593,1.6625644056150637,,-0.0398066818197608,1.5212985742526783,-0.3277767285442833,-0.6797113961115798,-0.7337885860200734,N/A 
-1.378405753036036,0.3844629156613542,0.3426902447239547,0.3089751139754509,-0.0342503647600679,0.1687047155119332,-0.0723631193182529,0.1901485637555204,0.0896771828063898,-1.4378
-0.8577449514794685,0.2579291396383773,-2.0919529934360828,0.0470975623084215,,1.078993606468219,0.6768109236531686,0.2899948860198927,-0.7218332919361667,-1.1593
-2.2051621857376467,0.7163744966101888,-0.0143010301983606,-1.8722579456884405,0.5483903815315206,0.9431075507281038,1.5608634330137243,0.0665715971543038,-0.914951298785834,1.3838
0.5392480099097183,0.3466956846708204,1.4752241851587784,0.489052690087939,,1.008624980159023,1.9423833520716516,-1.3504088058548251,0.8218647008587828,0.8675
0.498153404804972,1.3211327518303688,-0.1949393008262543,-0.4526003499340705,-0.462777860810439,-0.0703265224432968,1.458744480628969,-1.5239187758858594,0.7793156476038797,0.0413
0.8398498992836234,-0.1848408766937695,0.8960778606830081,-0.5624305202997775,1.077736004012978,0.4126965632304422,0.3583192965920829,-1.45845680089553,-0.8504715787350529,-1.2329
-0.1194155391839195,0.9399872993984876,-0.341683591379223,1.1465319353485517,,0.1616819321435723,0.3782959030125496,0.2525058385026688,-1.7929907114650503,0.3892
-1.60318618834711,-0.1557637134882097,-0.1394803272598997,-1.8116142660515693,1.4911668690919997,-1.6374911018660931,0.413141030140952,-1.101717393959084,1.0461061130823426,1.4383
0.3397233137273967,1.7146318474585038,-1.2652527740085209,1.3420619777244875,1.429704434608007,1.0257232799177267,1.9104680359296613,0.4126247385626451,-0.2400895870910629,-0.7326
0.8555947012453763,0.1039870605732478,0.9460977793028478,-1.2446382060122556,-1.9072564728919776,-1.111843719432346,1.4929682363596857,-0.4181117510090845,0.9135990895297652,0.5317
2.431744664785904,0.4368690196488693,1.428481349257389,-0.1923744355193427,1.225768532786689,0.1057530294865579,0.0561760733392992,0.5734778142455426,2.174681167019047,-0.2834
0.0851910334149009,0.3201322383105774,-1.0640533272946724,-0.4966302497044356,-1.5397889720857925,0.1143585363771161,-0.443082916302378,0.2048826263823542,-0.8277993174437115,0.4837
-1.7594336265825716,1.6835272318924377,-1.4854222073502028,,-1.2824472910724918,-1.2090386572001108,-0.0591501305180508,1.1137471192307045,,-0.5986
,0.4344187900173651,-0.0419813789554847,,-1.323462946747695,-1.131211734659872,1.1161470137062126,,1.706987461045003,0.0670
1.370820927852051,0.0187105500687217,1.6673063008966855,0.1195382616347083,-0.6806774232444165,,-0.288455851694684,1.4415069765943025,0.0337475399467124,0.1100
-0.5213748796074368,0.3248096743279468,-0.3560042348562766,0.2081235649267273,-0.345602821431135,0.919068127896231,-0.2861218481387168,-2.018861611265745,-0.4099817171085647,-1.3109
1.3416212559430043,-1.274931498802412,0.1445349733629155,-0.9044174961149164,-0.6531922583666476,-0.8083860069856325,0.8046567773880209,2.445343953333116,0.96128629486285,-0.7089
-0.8794716262074194,-0.6965796527893015,0.4876324023765269,-0.8273732584371417,1.89871878348138,0.5379951466674756,-0.5788028245390902,-1.1900174787193136,1.1953817537906066,-0.4014
-1.129744286001198,1.0662713252614482,-1.538984002129673,1.7947744819307734,0.6016759952807983,-0.384151630925637,-0.7996230658405602,-1.4242357815632711,-2.0994667337987645,0.1487
0.4383578465515421,0.3217319734101936,0.8309305512353683,,1.924460196337592,-0.714430440938046,1.3839447743418367,-0.9772239705980532,0.5872311083373816,-0.8266
-1.1258397908570985,-1.1745281519744777,-0.515019389341149,,-1.3801365219138284,0.6272564063296372,-0.7458011671701394,1.013704785320754,-0.1627787484128488,-2.0227
0.5151542025347081,0.4742584152555954,-1.1913371572748477,-1.621254811379781,1.6130563319192466,-0.752936360736221,-0.7195389587004508,-0.5843016685663164,0.6777935328884735,0.2608
-0.6930882022772508,0.131391678714896,1.2041885349802288,-0.2601506112415822,1.9238703948970235,-0.8887506486827913,1.2372621996605146,1.0494205249720956,0.4595055622859342,1.0469
0.4916839654317788,-0.0314516947413396,0.8476901264940144,0.516380448562414,,1.7829634467586413,-0.6940765372215355,0.7526957414437767,,-0.0905
1.3668839753442166,1.7578262104252755,-1.0950605913634104,0.278518648437997,-0.1781104210694136,1.591374483811599,-1.9597891370315323,-0.4655556191887195,-0.8395330545451063,0.3178
-0.310624350600702,1.052804824191336,0.0326877861918995,1.107020310100285,-0.4287472220100635,1.6825348220588356,-0.3638292798031938,0.3851067540053772,-0.2082203542745147,-0.7391
-1.1564835214499367,0.4271687287231311,-0.3046716745200681,-0.9830052565140605,-0.2798956315235493,-0.2198261923039266,-0.6218913581457515,-1.145969811581287,-0.5734941731179591,0.2438
-0.9918431773547842,1.95331906827214,0.2350459069065508,-0.6130430990613509,0.0258583054988315,0.5327309686201177,-0.4136748500887312,-0.2900294619551917,1.0119398061531475,1.0586
-1.3968599665623669,,1.8539035432560909,-0.5854264987937234,-1.0302211577430822,,1.0559032154037986,-0.0938322799497906,1.3307263205395932,1.1489
-2.498652655507789,0.5778464643966073,-0.1599547689518685,0.3066468664268985,0.366352095530427,-0.2531006828456709,-0.4734816245620433,0.0010204681886143,-0.2086244671236889,-0.5675
0.0159355477833677,-0.229727407691322,-0.4057353122038227,2.8868137181740514,1.226311065715146,-1.1872018799156565,0.3237732319766487,1.0773012219540887,-0.5693376192097727,-0.5825
-0.2072583485157446,1.625107180146108,0.7631952734267815,,,-0.381086085805796,0.5334405411473664,-1.015637237497095,0.3565092163452968,1.4081
1.8785434510296244,0.3838228239962954,-1.1389507539590933,-0.4305508450184307,1.1315866454506247,-0.5383437477241861,1.5414362568666446,-0.6446698942448561,,0.7599
1.372989400965912,1.041074012174795,-0.1831010344313437,-2.311041699180137,-0.4116039289785865,-2.0721183227969115,-0.7967180240977596,-2.02289243084147,0.0726780526842044,0.4285
0.371360820804263,-0.5135204726254936,-0.3595479063660311,,0.0506818022875883,2.3668181830017274,0.8739580576851641,0.3243965132821731,-1.713260947637182,N/A 
0.9203488676520168,-0.5564033944219585,-0.379525704726246,0.967613628257224,1.1546986562763162,0.7115417871465715,0.4726089697845596,0.1990429287381616,-1.5730421516930244,0.6671
1.00994355433681,1.0729639883988056,-0.3320265336110274,-1.2493122106718433,-2.6768674850889727,-2.795614940310416,-0.0718702196387408,0.0071938511221908,-0.3230682421699642,-1.0239
-0.5762475111061792,1.2515857967733997,0.0400290476682328,0.6134515654663131,0.6354750682998166,-0.0168939321612792,0.4892439469802396,-0.8126311185405392,3.298164387520432e-05,0.6143
1.132600016826245,-1.7837983440886955,-0.0518319149988552,,0.4324149888075607,-0.389664376727183,1.5383365985174484,,,-0.3056
-0.7050848323323817,-0.0114764731765413,-0.0948972834574401,0.3639744930746544,1.1783110412859237,,-0.872557859484621,-0.2641524461429089,1.626237878243427,1.0522
-1.393731823875099,-1.050104570131444,-0.38880263687117,0.5561178589181663,0.1261375120735624,0.7961344655923691,-0.5223237454622527,0.3174250765117716,1.5134429247261567,-0.0775
-1.7580134067185873,0.3334265276165195,0.1513332074644222,,-0.2878414005044945,0.5123238703280988,-0.2952285221171552,0.6487959110069383,-0.5000381832794595,1.0212
-0.0592934368401929,0.204581849133737,-0.6431211498827752,-0.69649862059963,0.6000614212455148,-2.2529745997237853,0.517413235586291,0.4783150407242834,0.2248097707202049,0.0060
-0.5103654825768228,-1.390146804995004,0.6948555212516332,-0.323085966994774,-0.5201444490489385,-1.1673105566222306,,-0.8555110294048357,-0.0672328627893666,0.3977
0.3134816842807875,1.1095036372046538,1.327949538647445,-1.7387344723108482,2.091254501076099,-0.0430768119629109,-1.01097816934957,-1.4942404624228438,1.480606763219712,-0.7731
-0.5549324974973181,-0.7981349262966095,1.134371321694891,0.1654480145439096,0.5282633425887632,-0.3700165383553614,1.0865963484799308,-0.3102799629788696,-0.0723927790567626,2.3592
-1.7783906067074082,-0.2270560763008608,-0.2421706668728601,0.190149532720064,-0.0086050221084071,0.2402968621363724,-0.6236560801370904,-0.5859227662921729,-0.3070576893670562,-0.7965
1.83007322353666,0.793250668696227,-0.0813943268194333,-0.141026590206047,-0.5766785921062697,-0.1518358083697489,-0.2962110546429476,-0.8296486930130843,,-1.0064
-2.3447815956298457,1.0857777787737806,-0.0352339283780986,-0.5490228442978743,-1.3242177630154468,2.9973233352307216,0.380931313118953,1.314006403204015,1.814625488306473,0.2581
0.4647475141004778,0.9939800074424832,0.2163250502014478,-0.3272114886899765,-0.9579496335016632,0.0087535352523429,-0.1929258262224669,0.2184848543961306,-1.0415811538130664,-1.4625
0.4103358040780389,1.1015921204712962,1.2982822912708472,0.5351799928753049,0.7255443552071039,-1.4200712294214977,1.2081202369125448,0.8397164393974764,,-0.0577
0.6296238168456226,0.481882847708161,-0.8117133497845054,0.2987714469285389,-0.0178949116231493,1.4769538086478673,,1.6669445808035683,-0.1916961849163536,-1.6671
0.608468460251783,-0.2688951086577111,0.3771690741297216,1.8060096601320703,,0.377955276136488,-0.4113069946164018,,-1.388187856067526,-0.4198
-0.0364950706579857,1.4994108034449125,0.5539065567481122,2.406426122795823,0.7175850599976767,0.3155853895284741,-1.3597810641597097,1.47543849173472,-0.5415100645343113,-0.9585
2.463827844163586,-1.8462229220657267,1.716796552159083,,0.1830431749885533,0.6935179411811465,2.4329662354634904,-1.6029709007891433,0.2681262775687196,-2.6799
0.0168036226956959,-1.9916471834654388,-0.7040756965814252,,0.0527031686469409,0.3014424533657162,-0.4763789514285773,0.2800845991387983,1.11703908149512,0.7189
0.6055243835721369,1.5848755725775403,-1.1489407259223612,0.6215169886964762,0.6191101516453587,-0.2699233587943678,1.4236173039170446,0.9455655340007488,-0.2268726378450329,-0.5531
0.4778799100127975,0.2516461505213003,-1.2949439356691224,-1.8787099891714103,0.4333508094635705,-0.0929369590536623,0.8112062172209256,-0.5642865473388541,-1.6860170187420824,-0.9538
0.8422498537351027,0.5719402609744126,0.183543112958235,-0.2333371446608141,-0.9237527689628156,-0.9421087362684828,0.2715595073826116,-0.6015607934862416,0.8572409907716769,N/A 
-0.2639216650722734,0.3866691587960476,,,-1.1710520551520756,1.0194409350073643,0.8947994804756843,0.247579017677245,-0.920934072457582,0.1485
0.7687192052013632,-1.7220919554535037,-0.1214851869819921,-0.5352774271462322,-0.9590227658374388,-0.0596014387240265,-0.100128262587629,-1.5459461576485922,1.0413842216329992,N/A 
1.8206644932849945,-0.0871440399511381,-1.2951593952516527,-0.1413402530855279,-0.9848219934245912,-0.7283117760710397,0.142395161802589,1.1870235585787876,-0.0779469280507288,1.5128
-0.3236436001056203,0.5104623800734107,0.9148080909565453,-0.934100299525261,-0.246677548211243,-0.7817215148178468,1.7013744149637973,-0.4017080733189054,-2.030294769491813,0.5655
0.2238328929216067,-0.5544435154952337,0.6056193839197666,-0.5250505501515262,0.26826997909504,-0.4793533039033382,0.0093643457536225,-0.9995406867993524,-0.1361238562796357,1.3803
1.7325173042653754,1.512310416254627,-0.4069286018051445,-0.451463843215306,-0.8784097691112568,-0.6435858518100577,-1.8311878748589208,-1.3477000466653717,-0.294168238058769,-0.4677
1.234064479749328,-1.0322326534319846,-0.9832746467971584,1.463654300178211,0.5932887696580097,0.4618490066072632,0.1493302448138342,-0.4939723598988153,0.857977933799669,1.7141
0.9208990271947974,-0.0939488670539507,0.1119413242157655,,1.5376149341042482,0.0219691309730377,-0.4746429469526596,-2.9782698333791737,-0.660588914020366,-0.6597
-0.3929229913576619,0.782841601645489,0.5239265402531664,,-0.3572222985875666,0.4310290153740216,-1.7712583971830282,-1.0069850284479411,-1.4291764833615097,1.3454
-0.9905172195401204,0.1578545565726815,2.389500354879691,-1.059942190771185,0.7396366232616686,1.0070811953802017,-1.3705572425356545,0.7991708470343217,-1.1834749022364062,N/A 
1.282313815612583,-0.8348945706415745,-1.0662044085698803,,-0.500444841371085,0.500284316634689,,-0.3597578808019626,-0.1823026535892054,-0.4367
0.6268136666897591,-1.3961043409166392,-0.8087856441264638,-0.6029384678505549,0.7632534402068444,-0.2318487197897682,0.0875383036000092,0.4519127008197049,-0.8181689507737071,N/A 
-0.2229761629382471,0.0358638191458165,1.9614311993003288,0.0390491889007488,1.1402567213915733,-0.410095203694573,0.9325970628491008,0.701747600768455,,0.0075
-0.2399984906573069,,0.4020180830317508,0.6067994538096214,-1.0970116346022796,2.277057220904012,-1.3250329583524258,-0.4095781016356221,,-0.6059
0.0644474663741418,-1.4476296335970609,-0.3693127166905988,-0.2131100135003929,-0.1459111322865827,-1.094830468942382,0.8501002384904455,0.8345773976173746,0.6314197325337256,1.2469
0.693275715361717,0.2687789974501182,-0.3319047859372493,-0.8546171398528435,-0.9276217255835456,1.2594861461673346,-0.4162912760865165,0.0763334978823916,1.0843702528126624,2.5749
-0.321451932048017,0.5870656895030034,1.0561491590408238,0.6311411632740944,-0.1838544019549938,,0.8558779535445,-1.2819900657482923,-0.6186784992493817,N/A 
1.8368476892292052,,0.8171731800170283,0.4215937888615203,-0.4762558081305859,1.51912264591686,1.0381241169117972,1.562880283515684,-0.1690612381923454,0.3255
-0.8611146159003032,0.7778872589028634,0.4124357308140745,-0.2132811097479806,-0.4473832374729676,0.1434333546558075,-0.5759896996076337,-0.0182570642752503,-0.6140986819472983,0.3932
-1.2803336090486794,0.2627131909697765,-0.0313993832647886,0.65617240954689,-1.281820265756265,0.0272675865251827,-0.8354090549212931,-0.6977128100602219,-0.5848495593825644,-1.1139
-1.904684078350344,-1.916952665514413,0.6340878377054431,,0.3619680909747896,0.2368990450817279,-1.8421112968318865,1.993883163648556,-0.1486942047133623,0.2338
0.1185311613968975,,-0.042347109897163,,1.36987713347319,-0.2922858892064847,-1.449739120581555,-1.5633282504836112,-1.5697852465703594,0.0398
0.3993249070126981,0.1645383613742085,-0.1924061481321657,,-1.0466663973460413,0.0333833454641572,,-1.1128844966952207,0.3467974522291682,1.7443
-1.3174844211416437,0.7047839152377996,0.2031297321093506,-0.9679674342198208,0.3222501137390823,1.0524804756143,-0.1794579244098999,-0.3672064865957101,0.3091677793489367,-0.3417
-0.8718103003345514,0.3388861070112896,-1.132088507951198,-0.8353774947749656,2.026357486500346,,-2.541280035859536,-0.5362741063213508,-0.4240517386816478,0.2502
0.9504622002652908,0.6255138525285143,0.9715073478868858,2.0479914366308343,0.3863049304087129,0.4575703201210909,0.0681166458400207,-0.9171768663841904,-0.2428653959938165,-1.1362
-0.0746177937815618,0.757763529638634,1.4216114081936757,1.0851882525294363,-1.7607885413714837,-0.3469153387634321,-0.6253234180669224,-0.587682670866388,-0.985072585415384,0.6357
-1.589499527162259,-0.1374973753134084,-1.2206033683421462,-0.644317996535813,-0.0218135757740443,-1.1032181292368246,1.390037264657444,-1.3223045439413277,1.993687014904972,-1.5914
-0.2762408461776085,-2.76065887647073,1.3380576162693236,-0.4099618475290333,1.2391871029630064,-0.7818132575146729,,0.3220217810168131,-1.190349900318115,-0.4984
-1.603076814327552,1.808085044061252,-0.2656659084634777,0.1711853340772009,-0.0574618954614133,1.951359796745623,0.4288655051297172,0.7417147438393296,-0.8730838335347526,2.6751
1.453369104446981,1.68521405469848,0.4371298727048568,-0.2281897304721486,-1.138778471855068,0.946082484657561,-0.807058023294322,1.40539959344696,-1.3355076131627377,-0.1255
-1.1624452611341016,,-0.1108884704464527,-1.3863006265641094,-0.4863626490715607,-0.3906815503925832,,-0.1960751364082011,-1.7769717728391627,-0.2012
1.0649884886016958,1.0854244565253128,-0.918195368700318,-0.1469153705440504,-0.5640340487010369,0.9536949581097716,0.6192070666572206,-0.9633375898208472,,-0.8597
1.7314392910150809,-0.3945892508971743,-0.522080645689066,-0.9549283203912674,0.6957805799981431,1.3060250886919866,0.2856545020303356,-0.3690628361910569,-1.2498657650406748,-0.2187
0.6333159248552902,-0.590919496631103,1.3158740158060105,0.9353248705161104,-0.3243470371200092,-1.152632947017234,-2.189482538334898,-0.1917916445018433,0.0775817090192143,-0.4114
-0.0392100201153269,,0.6267185421957939,1.1533989614742328,0.8164013854029316,0.1036197056709587,0.0610005235734544,-0.5522065009681019,,-0.2028
,0.8115056816332644,-1.1242088630744689,1.917607307200684,-0.3004032846850589,-0.6954534790964876,0.7735832486923738,-1.397611085469339,0.949562565823739,-0.0878
-1.0893234955913509,,1.036153910259737,-1.5742639557826872,,-0.5163689845415725,-0.1577960414588606,0.1629915570560447,-0.580810629007482,-1.1941
-0.6082999508625309,0.5690117482480114,-0.8071724235304883,-0.7909599810552438,1.1265651502883518,-0.5723213136790664,2.090477145879687,-0.8327462186527702,-0.045722343271584,0.2217
-0.5163794229042502,-2.207746948737396,-1.08567225885436,0.1233543522792122,-0.2412434707500025,0.1207836091540873,-2.201904637286221,0.2729171215753068,0.5630670806369503,-2.5744
0.2667860149837683,0.0348804577843244,-0.6253015485570184,,-0.8284106994951189,-2.434208674889996,0.3840377854987142,0.526014692943146,-0.3080923917645795,0.4507
-0.146236363068788,0.126116296867339,0.2132676877976679,-1.5838794232146356,0.320943749334897,-0.531705723260026,-0.2022326270982905,-1.0991417621202804,-0.5653783633448185,N/A 
0.110107171656487,1.7266543843164897,-1.0029241992158344,0.7210423692692093,,-1.3128221205540536,0.4097380610731199,-0.1274523642809028,0.5948203015011357,-0.5702
0.2350584942527106,-1.533843737289281,0.1571111996781549,-0.9857712167254836,0.4657011307136584,-0.5913333645259886,,-1.322784430926903,-1.0984904012340388,-0.1480
0.2039717505272431,0.0134068363432615,-0.4046509549143721,-1.684928231749946,-1.8877296433371016,-0.0076027880290218,,1.0927927294019222,0.865748675368962,N/A 
-0.3019319926764234,-0.0251107250019224,-1.7542699704674087,,-1.101983847173857,-0.1115952275650745,-0.2647529338205246,1.0153341722177711,0.7890398674318717,-0.3459
-0.5788546051647342,0.3000971418774234,-0.7813783644613373,-1.2342689284368096,-0.9067879828704226,0.222249364065535,0.6489173363592616,-0.327977971058334,1.468343732035031,-0.2955
0.1122156999929107,0.8359936563092115,-0.6886836443920377,-0.6554673323931985,-1.002483851598446,1.7070233864429578,-0.3860023963192684,-0.2126242331098802,1.1440495077813957,-1.5230
1.120157578281315,-1.426630951422745,-0.0146585056082816,-0.3416163146646004,1.3255760538836854,-0.1596679465163311,,1.165236331985987,0.4907715111740792,1.0398
0.2154667904665725,0.0967263317940026,-2.729596839714728,-0.6115129437664142,0.8821727800822972,-0.3090718699444683,-0.7131456668475972,-0.9655649405403685,-1.0034187598875808,-0.3715
-0.8031497172431714,0.3087731790460132,-0.2703758145657198,0.6966357739641479,1.1529133848616482,-1.274476704480341,0.8619357383078128,0.9543020289806222,-1.3491724966518126,1.2224
-1.0342212364560637,-0.4070120650265691,-0.154485166551518,1.3525934753098272,0.9400937942766732,,0.0045129753578914,-0.7271619995613204,0.4754163247872022,0.7710
1.2045370440323215,0.0212621147530615,-1.3280032209528327,-0.1595314803072423,-0.2109583162539879,-1.0578333678313596,1.0580462395792798,0.367447513188892,-0.0265756434648669,1.2521
-1.0240989151030466,0.2129205164823711,-0.4984146074816061,-1.085838951501884,-0.3564889669520129,0.8310820361564275,-2.552443669415734,0.5947475224670394,-1.1194576237267295,0.3604
0.0458420214422638,0.4560746653405236,1.798618361639578,-0.5079362536162675,-0.9135549629482668,0.6048306783821964,-0.4884804577882071,,,N/A 
0.1102425201936973,-0.3725412045558087,1.3814376687277496,,-1.4858935050846158,-0.0718529826546483,0.6150462045167696,1.169238738026953,0.7494680348371879,-0.1596
-0.0856187349645113,-0.2170126848749078,-0.4455271125714803,0.0609586205646439,0.3088920379908614,-3.1126449436056345,1.052463142221066,-0.1998543071604649,0.3867110908900807,0.8487
0.5717435059956988,1.29432076594196,0.0616514587191732,-0.1269774068434774,-1.016083832424513,0.5394551747702221,1.4500816182981733,-0.2523951825327349,,-0.7265
0.9843015918886296,0.3104401298446052,1.3152492230534034,-0.7385506738103406,-0.4026962879031952,,-0.4482825862501772,-0.8228999172645572,-0.9909783002781156,1.8787
-1.4190366676298982,0.7781298361572938,1.0119358391326143,0.2362290800059365,-0.4884431063326813,-0.5737957142861548,-0.3231928599779106,-0.9194550234048756,-0.2843437854311385,-0.7699
0.1166705916681499,-0.6573100965744579,0.1806337605885068,-1.1423129811845008,0.5787358430279961,1.0662736701931343,0.4831609461196568,0.4026433058109016,0.2383157712549107,-0.6528
1.6147019560729408,-0.7169822265215471,-1.7049032459447242,0.2810485216015898,-0.0901444429660306,-0.8408304538491432,-1.251201498659636,1.589101693350736,1.2760537183941705,0.1866
0.2306177867993097,0.1207029477537879,-0.2604112820972519,-0.2027297156656247,-0.4922627681605894,0.9134078709474928,0.190613477765169,-0.2546098348528375,-0.9244520819093388,2.5057
-1.2105114204876672,1.4294487870901904,0.1001004556118923,0.0855828385398732,-0.2412411885071163,-0.6091874709704508,0.5655365226141886,-1.6714230185335253,1.615208974293923,0.5665
0.6009389505737125,0.5486293646343121,-0.757732459454763,-0.6009393450957997,0.70993102192166,-0.6102088448106266,-0.833832407701721,1.759271380845331,-0.6761104038637543,-0.5693
0.686911029068556,0.2559669648290614,0.2254983633517822,0.1452312426456743,1.144543458224112,1.3525306229909515,1.718620108301396,-0.0065339376346325,-1.9913763308792771,-1.2415
0.670950398246652,0.2001614619963714,1.9664928078133015,0.0179659829153535,-0.29869127630164,0.8825550959037408,0.4587773255666583,-0.003884684712358,-1.88540579259832,-0.2223
-1.897005615555943,0.4251423553122526,0.1510764314524741,0.8093863479341936,-1.2408365344470955,0.9880335065510272,0.1747015786286354,0.9601483528816768,0.5780015733910414,-1.4121
1.8111269310359392,0.0933076655021832,-2.00871207291495,-1.1260661393600475,2.530438831864656,1.3089487946681837,,0.9855407670319218,-0.5058038755245373,0.2450
0.0718365148536105,-1.178085411503007,,0.9370212784697056,-0.6291366153015107,0.1779881218855778,-0.5994936513104464,-0.5012197164856715,-0.5450377766888426,-1.6026
-0.3097123045430076,-1.1808038494579671,-0.0004451702725969,-0.4611087317969207,1.447450964210017,-0.6499673592190687,-0.5717519820216684,-0.3983091858659432,0.0268304737133211,-0.8976
-1.977969043451717,-1.3211360700187436,0.0386811613570262,0.6171441138688475,0.5936034489086739,-0.8810510680995207,-0.7140955573289949,-0.0399157349238944,-2.006076493881157,0.5440
-0.5660623999180956,-0.0103708196568055,-0.244086982492285,0.363540947928337,0.7774766621021638,-0.2737401549189109,0.1224593095107503,-1.4540026582519334,0.8209908523362988,0.0483
0.6903312167934677,1.3652923796492966,-0.2067280613419501,-1.4655355790973308,-1.7397206491058177,0.0953317678672541,-0.7782011543345537,1.8478875438111544,-0.0042789127844411,1.4875
1.7280077471669102,0.2955020991667206,0.1384911727973696,-0.503576171847272,-0.6617811178687528,0.8078848206162383,0.4650592604971056,1.1538914896578083,-0.6524594092707037,1.8173
-1.0675627720604242,-0.1240403231768162,0.0903711757784307,0.8178734260220933,-0.9421396829016369,,-0.3365666507734615,-1.0804548137051713,-0.4416001847192093,0.5778
-2.037761701052677,0.3155572418540742,0.4057456160898081,1.2509353929182407,2.114673730445734,0.4166208333932752,-1.741946535665585,-1.310640128385337,-0.4718157198770925,-0.6964
1.8362451193973333,-0.0274018048097042,0.409284687093525,-0.4216940809853055,-0.7770572042902482,0.4669178005073965,-0.8614620364665132,1.498265609509032,0.4508684031431187,N/A 
2.541223614328908,-0.5692554525369965,-1.7660519089831508,0.6946516344379644,1.548467744558674,0.7721161771870003,,1.3778556781966516,0.1961065292123359,1.2001
-0.4568291120360773,0.4159633822768912,0.6424954226150497,-0.4368776110045344,0.835724819338253,-0.1334935708970774,1.9216313627504151,1.1834004783192869,0.1941413086150133,0.2632
-1.3270188378830667,-0.364094452041403,0.1906656323548103,1.5052186588264915,1.1459971665161734,1.63443018010403,-0.347347976977161,-0.7452978081911732,0.2722754046378209,0.0427
-0.8720950291178593,-0.4968395139126036,0.142651030306294,-0.0266277003543779,0.743573120716844,-1.3793824329610365,-0.0319102990917147,-0.5234328944768575,0.6160130668857887,-0.0091
-0.5411051885852055,0.638358740563405,0.7116342486902595,0.0390932459888102,2.009414600702411,0.2576522039527453,,-0.6950390918126755,0.6975174579842015,0.2666
0.4685447885587089,-1.1812658313624111,-0.8653826422964749,0.114622333163343,0.2758514872034042,-0.7647004374992692,1.8296960835820968,2.65390520392279,-0.3480304928305318,-0.5986
0.8546527778776677,-0.5166278117997425,0.997026255492863,-0.3917013617420366,-1.9433159846264705,-0.0126553015348641,0.6945637191695049,1.9382348521638213,1.3308033950524245,0.2410
-1.1529277609925226,-0.7670884903278816,-0.6164583956742917,-0.6945768784340248,0.3779026257943538,-0.975621256300508,1.9455563163623653,0.2947341292931652,0.2446284249082429,-0.7822
1.7451425474580369,0.3273131818480857,,0.4216675861951056,-0.5942433620954297,-0.9727801719105352,-1.6631026363726569,-1.977985792125431,-0.259460488286629,0.6288
-0.8798064724331581,-0.5861582225705693,-0.1365881562934634,-1.236572772385224,-0.4314442697354251,0.3397862483603728,,-0.6973658693331862,-1.6238091971977082,-0.0770
0.8963160376500691,-0.8051360001451074,0.4578515155049925,0.0390437759181997,2.1393979882132697,0.975555150350188,-1.0934469931832276,1.8480755314467583,-1.1140590189417103,-0.6129
0.8354041133957294,0.8113111041118829,0.2258861955145186,-1.049134042325339,0.4120872297710235,-0.0714368640385056,-1.867726229740284,-1.0902526974514823,-0.3553653147497051,-1.0897
-0.045400372137324,0.0046440324445956,-0.1307391973357666,-0.3604461076473598,0.1688385989921826,0.4620883939572364,1.3795425074777343,0.8895315098086242,0.8661132376658393,0.5307
-0.4652606177121167,-0.1702325455890472,1.198657694839094,0.3646923452643164,0.367226863570335,-1.958395843319752,0.2582017021898096,-1.9114906311923223,0.7449708915042862,1.0215
-1.2479130624806434,0.6032809543347756,1.6006219368599337,0.766959320148877,-0.641569174280271,0.3618066797921599,-1.399251466976562,1.5596604679103758,-0.4060762292599766,0.6034
-2.144040693002001,-1.5672989919815734,-0.0947435099088229,-0.5196375431108372,,0.3274751003335711,0.168702904123644,0.0181904914789922,0.9783437245364118,-0.9363
-0.4643638222641993,-1.163308215521785,1.5421406481448243,0.7508883130029355,-0.1154717935305976,0.2596203899461197,1.297147411012069,-0.8893619261083834,-0.0387143439963824,0.3612
0.0966427919032067,-0.5582495903142896,-0.8583516116032103,-0.1435634675125404,1.3000854754699274,-0.1716583620502966,-0.961149112411788,0.192887206380008,,0.5168
-1.165865398192509,-0.1248470264986416,-1.0470117479336096,-0.0392552237988868,1.7933546360521428,0.0042075090995181,-0.212838546034141,-0.2451590678892617,0.1905804693814806,0.7599
-0.2112469198730969,-0.0587792965960759,-0.3604481168505598,2.888752939175381,-1.2633214148010554,1.1004438313267824,0.149559123406514,-0.8342503522047955,0.2150504280386716,0.6056
1.6224173100278414,1.3493531244865933,0.0791084729239807,-1.3654428479667184,0.5124470204311627,-0.6454882061388195,-0.0799522117247858,-0.3260729075973431,-0.5317634820319324,0.1783
0.1025374187015376,-2.733416815984386,0.131204971865603,0.3406924045109947,-0.0793459013748072,1.538608911250576,0.838459350070611,0.8021489776828798,-0.4975805001817961,0.2897
-0.7642808740822693,1.1554978780970702,-0.55208312798874,-0.8964290623392928,0.7452434363985402,0.5904294788211761,-0.7110999914316256,-0.2170152542875229,-0.1897080619392741,1.3851
-0.3609207575894353,1.5296068368350233,0.4788941790982972,0.2270228759487786,0.4323823748448445,-0.5071450782662306,0.4037366958367466,0.6877726364337006,,1.4065
-0.5328351670708499,1.5988859115835907,0.4112710532251535,1.2522920538535047,0.696997878404623,-1.2066634716223603,1.1116812080154694,1.2287300364117837,-0.1002582377966355,-1.3754
2.0472287146969936,-1.1437702179360587,0.2676953475025297,-0.2014018459011144,,2.09560267876254,,0.4434849367022143,1.443823030377082,-1.4952
-0.5688429276365751,0.2828922894664198,-0.6472077854833053,1.5477244062743838,0.401914357408385,1.0249564549176446,-1.3184092658857818,1.874647246531088,-0.4583869143257168,-0.6284
-0.8426380402839985,-0.8240561437598459,-0.2959773410407659,-1.4631978087713242,-0.4598802379225098,-2.493328395291325,0.5708740452063394,1.2404441931329535,,-0.5556
0.5227592075191965,-0.6135143815265967,-0.1923712904205261,0.1931732417107743,-2.761605911137764,-0.1832249005558797,-1.3397235351012162,-0.4811091093392146,0.3308922425340118,1.0370
-1.361844602893132,0.4153589049135406,-0.1864605705199523,0.8648954658586847,0.2275661172845492,0.4783063444924094,-1.1345643110545218,0.4663478598729634,2.207322781729175,2.4701
0.3511120772022473,0.1128675846931674,-1.6034479370021515,0.5278122588029728,-0.981764867048026,0.4171752007652966,0.3200837866707069,2.178443589355428,-1.7532326358883428,-1.8880
-0.1626869274908861,-0.7346896661719203,0.7246567825400037,-1.0102535298474689,1.2647906153310486,-0.1702011076705033,-0.931420651756283,-0.0216282366721207,-0.2032622086836119,0.1115
-0.170362691545817,1.1655889868955776,-0.8707776544479031,1.0031090264733145,0.909245885276254,-0.5222099361147003,0.5545447239544449,0.0363528454912826,1.190320717769762,-0.9210
-0.330251618762427,,0.7001021459683159,-1.248410018043591,1.5345833384724912,-1.4152494695358158,-1.5895558611347549,-0.798031437114307,0.0201155209318998,0.4909
0.8874230676901959,-0.0105787503007758,-0.1939006196481416,-0.155947065822718,1.2600484622958537,-0.8368468099873083,-0.2361750707212553,-0.231508693072886,1.2072969454355331,-0.6244
-2.1021549032845965,-0.3618576198867999,0.0925520122001012,-0.8090377339811083,-0.3405014974222441,1.0531054329341172,-0.7324354655021053,-1.699388469006313,1.344378604519365,-0.2094
0.7746797272603818,-0.4161736149994364,-0.3041797033796009,1.1355373329471388,0.5599652138829974,-1.952717055601888,-0.2156035295152766,-1.1384990907567365,0.5301467663626136,-1.3013
-0.2488819902792919,-0.7934116514038517,-1.8214877547475663,-0.6226033895880303,-0.7393954366981265,0.3972244360747834,0.2099662895650139,-0.5035662259460435,0.2713264332447501,-0.5972
0.1012538612102339,-0.883187787605058,0.8259964562672947,1.1038021731187229,1.4291564078473462,0.244204165717024,-0.9600604707458326,-0.4600736371757868,,-1.4449
-0.4809302701121315,0.7249754528287107,,-0.0325554868031696,-0.2048385594951956,0.5740649236411536,-0.2902787493916907,-1.493137985420962,0.2649209585199267,0.1072
0.2839589837793742,0.2881671901401336,0.7419916634216779,1.150979960326199,0.1826238850576026,1.4616914433645358,-0.2442727405378592,-0.9157984740776536,0.0132107626272964,1.1597
0.2083874186922494,0.5516363217388196,-0.7191869513328454,1.8438669687994125,-0.1731793343835117,0.0547273060563076,,-0.0203802839763883,-0.9356059001665428,-1.0407
0.2108272990273283,0.3000905585221137,-0.9815187847056692,-0.9234454616347768,1.7160374966866856,-0.046224098139407,-1.1133436313659155,1.743629392176968,0.9663138699960304,-1.3889
1.2016426785405272,-0.3605568917924514,2.5237359521367217,-1.347689239016003,0.754355361403775,-1.159543842872632,-0.2858566779469924,2.2087180492900536,-1.2703407527792936,-0.1508
-0.0367972668854947,0.0635684806081616,0.421536935181408,-0.7138886654547387,,0.2508248866352388,1.0027997774156188,,0.0781518019500302,-0.6984
-0.4402564308124037,-0.0665410890845309,,-0.6148744816930436,0.5592869889656567,-0.9837949016711094,-0.5985680563702903,-0.60440835154461,1.101095666832202,0.3937
0.3179913482537273,-0.4953127242235856,-0.9067060838326048,0.773676004530537,0.6145332915453797,1.0911645813572377,1.3770833224669818,-0.4885807752206213,,0.7449
1.940636910045107,0.1232978571363304,-0.4794966466838588,-0.5945120318104489,-0.0525754695693784,-1.7197428166308135,0.2240495766847028,-1.0421256714218106,-0.6315703750610573,-0.3946
0.2248460359457167,-0.2227432791009194,1.5224749668006037,1.072704854048526,-0.9274210549503836,-2.509282689884627,,1.514719050047448,0.9425030495296712,-2.4277
0.0963298120087731,0.6809509861319459,0.4100856540844855,-0.0072121972457257,-1.0939669910522878,1.5252047017005,-0.3995032074972713,-0.4649504308589329,,-1.0875
1.5962491327187247,0.4635963493897997,-0.6424980544086974,0.5678557286232603,0.6443310105700385,-0.4847295932004874,2.083698316995754,0.9776441348277812,0.1830536097267297,-1.1860
0.4830161298184706,1.3825374867213998,-0.5066593810873842,1.8301471501800453,0.3773970054270526,0.9291112955433524,0.1566517569772702,0.9769060306868018,0.8468412861982171,-0.1545
-1.105358469259694,-0.3575085580474612,-0.0487716336593449,0.0508243922207975,-0.3614173345256313,-0.8583379540226369,-0.6398613811497725,0.5276311425015903,0.1175386538660666,0.1511
-0.1258098067318041,2.0842927612627475,-1.4872817449276938,0.2121868622607707,-0.0964977448748684,0.907219904173256,-1.189279365102527,-0.5449684675409238,-0.8643736613184461,-0.0103
0.4767615995269825,-0.0047266757928459,-0.0153198754753444,-0.2597059966188584,0.4835307994832134,1.0148012821646033,-0.5313297534354766,1.1949296272576666,1.295265095759416,0.2433
-0.7382285304543046,,0.5830759246518064,-1.378268392413969,1.2048851822847106,0.212262730760145,0.4825269671555384,-1.3711724621332968,-0.7115236373859888,-1.9201
0.3087295950463191,0.7638097298346098,0.5216951535909038,-0.511523010997338,0.4759596617886241,-0.0057770029336768,0.5185578735125835,0.9577489215502925,0.7492769368024459,-0.9792
-0.2136312991751825,0.2003491159443035,0.5129253342626231,-0.2088195792479668,1.185997531333025,-0.1474099892393589,0.5770096471810165,0.6159090455556983,-0.0790215772817273,-0.0203
-0.6753271692385105,0.6205986926634952,0.0939528398449832,0.1973580424928446,,-0.53038844042758,-1.444600248054304,-0.1160936038165932,0.6680875965567061,0.6349
1.246600746517751,1.5681796942885473,0.93338248080166,-0.5835681921923933,-1.1898229339933586,0.2881642960385303,-0.163504648120353,0.5247904593050248,-0.8796255272792692,1.6776
2.4061945063585246,0.4983535142618169,-0.209215018224137,-0.2006186662508776,-0.9508530343925496,0.4703947808384781,0.4486634672155661,-0.1296302606172019,0.1887950831142355,0.6169
-1.664438724121055,0.86832330483052,-1.20112481306398,1.6868861600990612,,0.8839326711056552,-0.4162216881994374,-0.4921692021215102,-1.294529111795351,0.4698
-0.6444345392156108,0.2568803158242639,0.3057218608820315,0.8873385145208222,-0.1209364942097507,0.3816804223132108,0.6238423642031249,-0.1040139159211593,0.2567589261241094,0.6116
-1.7618955074963571,-0.5978182179517169,1.110376842512494,-0.6767011067724764,0.940747039530492,1.0348181220255654,0.3511750231561856,-0.4969410518797378,1.2719734418533202,0.0994
1.0983851132718625,0.8297306211469626,0.8979647578723627,0.9955053386850504,-0.98237208193994,-0.9551346728607906,0.4579360817608772,-0.2782722146967912,0.5001193694927653,1.3620
1.4878437465934922,1.4204179343571623,-0.0466104464451066,0.6845342765489323,0.1098048307858513,-0.5800204849267232,-1.4267210415564169,-1.0815454999624452,-1.8899034118854916,N/A 
-0.5392441802217118,-0.0646349318482922,-0.0696979008440667,-0.1133314092841057,0.1640715519265858,-2.721227317642511,-0.0739826707134433,-0.5595546330828571,1.028710776635111,0.1775
-1.0421722497454464,-0.5087887117648441,1.5623263737444024,-0.6928810169391775,0.0314892763178538,-0.7398291026513014,0.7458472678023353,-0.5289815995327889,0.0236388519840722,0.2494
0.6993000675116672,0.0365310066503195,-0.1190552444864872,-0.2155193831645805,-0.1204377489756847,0.511345947633853,,0.3191702428518488,,1.1516
-0.8990986137406344,-1.2635080977984103,-1.1397689932764072,-0.0039090290792866,0.3567392391136751,3.7384254739158993,1.7841557132666142,-2.2605755021901883,1.1589434917544594,-2.6559
1.9927952553602115,1.9631377553732865,0.8246862978044847,-0.7935880592662674,-1.422299160163948,0.8873696925498518,-0.8079286556540674,,-0.51250216141876,N/A 
0.2856298770557464,-0.9106413582900724,0.1776221356395282,1.1818625858640277,0.5493747457580115,1.2651948659656729,-0.8608209519668175,1.1625848949433153,-0.436500984743299,1.7249
-1.225238788371661,1.1224936023009109,0.3406222563748722,-1.2316147951925644,0.8391406730951984,1.1185877971205895,-0.2950357443820791,-0.7911943996754753,-0.2802675415297538,0.8909
-0.7301498498888509,0.916218953955444,1.202642729578429,2.116389683788652,,-0.1795103000388009,1.0208281261390997,-2.23865156909486,0.074196134562746,-0.1810
-0.2638370644063403,0.1991027611157276,0.5780437144411172,-0.484616714199493,0.3154299988019056,0.543114318593069,-0.2692233548425176,1.907580669990261,0.8024787324262179,-1.0336
-1.128310486419891,-1.4397264406987909,0.4440653027853206,0.5202300932144408,-0.2198441569785487,1.3018817936314595,0.3776794839210524,-1.1437161685146806,0.589507688910039,0.1736
-0.9066917984631608,-1.992017320470911,0.9228343018995028,-0.6337398206099972,0.8738958874044825,1.0785319199087156,-0.1550913945607403,-1.789267414408238,-0.4244188575553894,-0.7033
-0.171483258129023,-0.1165472278537721,-1.205820865094748,1.0730395405844215,-0.6014829872249855,-1.46261653241256,1.783446128992579,1.0488842623537766,,0.5062
0.7903341522557331,2.50274336005363,-0.0127555888278879,-1.628134897176107,-2.111503646412431,1.1012400554397377,1.8825444041785129,0.948551595584115,-0.3957605429145719,0.8925
-0.2835045545287062,-0.1341692322294849,0.9481565424540932,-0.9426760557454432,1.0120410378989704,1.170882883701816,-0.110467723654891,0.2098130394143974,0.0308367262801263,-0.9802
0.9152304196895512,-1.4019897779199677,0.0288829542646699,-1.3243264229167666,-0.2978080933438057,-1.2253395413220458,,-1.1354817012210532,-1.2247208585460223,0.9056
1.0860478139994296,1.071292501030081,-1.648888349230311,-0.116062415344839,-0.7549508033308368,-0.1792098647842848,-1.224337057695035,0.3894779601937781,0.981711906429298,-0.4646
-0.428957592141133,-1.6203391802927951,-0.4372806032944416,0.1540588005049959,0.2130600294628229,0.5156871740685308,,0.0040601828815121,0.4333310244334051,1.1476
0.3015350294418014,0.1832673356980963,0.2767026442421431,-0.7806864728428906,-0.6482807179488721,-0.6879815908791256,0.3595405236268446,0.1919658670673773,-0.0267858219560587,0.1111
0.5692993344017347,,0.1966097871093455,-0.1837177360080699,0.1672674964323583,0.6606289274141839,1.548277299231244,-0.0829584285757204,-0.3605206834367758,1.4072
-1.105331075327987,0.8269060068220602,-0.1839597223166118,-0.4985748232007448,-0.9173532061296452,0.6911893514182171,0.2140809981015979,0.2537596775811966,0.4096009985890981,0.6095
0.4225680972990401,-0.5967425199475329,-0.4930759596745451,-1.774806007726693,-0.4789784744525388,0.6577804339831375,,-0.5306777355955493,-0.5289821952868982,-2.4810
-0.065564177343103,-0.5928770583793463,0.9295139074400042,-0.1058002472005662,0.4784487876624109,-1.942118087940056,0.7067903779156423,0.8734597452213854,0.0602569133540897,1.4842
1.257754408892548,-1.4004611449898818,-0.3414505163626577,0.3597083846525625,1.157609289665727,1.4808544930016527,-1.1346218806633197,0.7307485193562825,-0.3488044491637306,-1.5753
-2.967013520036397,0.5246133451644788,-0.9598471866034975,0.4050206800035226,,-0.3658641073349477,-0.0058662300450682,-0.2085658072989574,-0.2901830495562293,0.5619
0.2381339574754295,-0.7147313997944769,0.5997823611025804,-1.303399838095313,-0.6372176027511163,1.354420591963466,0.0082155099997518,-1.0426769310617745,0.702640794386992,-0.6170
0.7599115588077198,0.2331944024861132,0.820531141293653,-0.1093105636395699,2.031183085085698,0.7135691971129494,-1.0068522418105108,-0.2530184140659371,-0.1568053004736965,-0.3172
-0.3836404087580299,0.5691552882394655,1.5648797282356852,0.3400657998490952,-0.3196697520989426,-0.2599181408348516,0.1152329050851493,-0.5267021906314326,-1.1121875532554502,0.7064
-0.0035161693686576,0.3310003817599838,-0.4824605747524379,-1.4086517384567043,-1.2545373301572584,,-0.9379763252027152,-0.3148741297523765,1.722584029022992,-0.2410
1.0850743182046274,-1.7432441737631892,-1.3829655768563327,-1.446252543641398,-0.1592011556206377,1.11782266673691,0.7616763595146536,-1.2402685458481904,-0.2508917144544344,-2.0115
1.324854338896439,-0.5584435096293114,0.2650305844136868,-0.0006923738138692,0.0790341783204256,-0.5850004901210771,-0.6950894645057776,-0.3089137028525472,0.3370033691968353,N/A 
-0.8978811324093872,3.047485920257601,-0.2581785191723848,-0.7216552706867675,-0.1125226619626727,-2.437922047368494,0.2949862215883247,-0.1598215911033146,-0.2103696949567643,0.3515
-0.6405065536644325,-2.4916715609395643,-0.3695997639589922,0.5239721536761867,0.8494224105645473,1.3083353663075894,0.2172378679720863,0.3906599116375922,-0.941221480100352,0.3967
0.3444870592936239,-0.4012422636429406,1.052116414712034,0.2814664405025694,-2.6181497239234544,-0.7185219903465545,1.0054187489233433,0.0290084009700167,1.094691512524572,1.6027
0.6171849212633284,0.5551621151583861,-0.897221016492452,0.1488882052176623,-0.6809989603466663,2.340579257836205,-0.4089153402986514,-0.5214309060631548,0.1177055619997923,-0.5184
-1.735694394551624,0.7624796627356099,1.4057061479331263,-0.2034787402725034,1.4702183803919495,-0.0818650250554442,-1.6673138546047468,-0.2655258357167377,0.0112065311806227,0.5205
1.4048716214329815,0.9392636148636068,-1.1644309073587775,-0.5932090155614589,0.6528030712737692,1.1319659766022458,-2.638473090891789,,0.4365711015003237,0.5401
0.7998600911031523,,0.1636447430764086,-0.862979355251178,0.3013892297400893,-0.0026446878916593,-0.5572716110714001,-0.7257653562322895,1.0732174769542853,0.7014
0.5140658043632828,-1.0959163207222782,-0.1402224348084739,-0.9642221615804428,-0.8914904839995251,-0.5427275924306804,1.6354590676191725,1.5240380973581151,0.0155674198676018,0.1808
0.2048287629451043,0.5256735053750456,-1.829810742943815,-0.3601546180305846,2.287361400266702,-1.102616819945759,0.5481047531124832,-0.7065443719570477,-0.2176839903399334,1.0158
0.4753412816729441,-2.7030864893965405,-0.3730607765081548,0.668841987360583,-0.3427549389574323,0.7820696506491113,,-1.1907815857263933,2.061465768300552,0.4288
-0.3683552873759732,-0.8922409413970271,-1.068209458181372,-0.7568826615153864,2.48985796814182,-1.6195404881594575,-0.3769681149853346,0.0515469796900236,-0.5315925216967391,0.2498
-0.2727327397863575,-1.674964215100352,-0.3648528237839946,1.3349056507126935,0.437020593577468,-0.998614291568312,2.4371979465317564,-0.5243174272307789,0.1434769949220694,-2.9572
-0.3196709659917515,1.1906941727759563,-0.2504608191486009,-0.302119484455294,-0.98206327463329,1.235933485031648,2.324048745443136,0.3223925068176911,0.4679119939511124,-0.8240
1.5776060136707772,1.0750968470687388,-0.4132746712525919,-0.0802448211362923,1.1642171197734843,0.2702444506387378,-0.0461930671933927,-1.0956291523353012,-0.5629467859569862,-1.4840
0.1206829382384803,-0.4789323640188323,-0.6625138459036766,0.1229865226821722,0.1999416193964261,-0.3693146034511991,1.4060478376480143,-0.7797189339757514,0.4973332369835014,0.2222
-0.1623611185362264,1.0127449158046744,0.4142359771513343,2.803065690778197,-1.338691705856383,-0.1632153783137072,0.4269384480300248,-0.5270893809415151,0.6199579902951331,0.1656
0.7566218577281786,-1.983636497648969,-0.5387185317773264,1.1737324134228035,-1.5150756793500286,1.862951667320956,1.008282966705224,-0.7293992224712513,1.2147826500801726,0.0733
-0.087199831017822,-0.8699571540340421,-0.6507503887104807,,1.1029948715841005,0.3722140739887007,0.1820992255535119,0.9045658564675648,1.9486164460160071,0.7159
,-1.7011440041094077,0.8822267370072877,,-0.830206520342653,2.457554000398779,-0.0617769470996518,0.1476882042337507,2.108358459012013,-1.6749
0.5177296075638779,,-1.0527292276189006,,,0.1339760054071326,-0.4250939063537447,-0.5841564838972921,0.7036367438621197,-0.6709
-0.6766334263745629,0.2492726200935533,-0.047232274911802,-1.6702720346209676,0.6564415496711231,-0.895426953706415,1.493484510216256,-0.5271146108655739,0.0886386557457505,-2.0153
0.809906472055873,0.183779371237668,-1.400475689775917,0.1927009795735111,-2.150152609659953,0.5563242389820788,-1.707815379093704,-0.4674588116304727,0.1102080934696586,0.1646
0.935068722551342,1.6974036335528446,0.4108302176606028,2.749400873630276,-1.491111951988053,-0.2908215417868516,0.0908269264587638,-1.0153056188468814,-0.0506931396374239,2.1410
-0.5563691813265048,-0.499222031983612,0.1828020095587648,-0.5625842271978749,1.2403609533572284,-0.3497458397349488,-0.404424153190406,-0.6665302901942525,-2.194175016369233,0.4163
0.2875316356447726,-0.1364245179401357,0.954228340789622,-0.0896888320129599,0.0464137685993743,1.2011064788551795,-1.16596942478612,0.4538664837756556,0.5709999110216781,-0.5053
1.8236324130342143,0.0528018934422908,-0.7177930296835716,0.2561212699274643,0.4801589836164135,0.5902772283564178,0.967111657311478,,,0.6993
-0.1153027761301927,,-1.0282528816300405,-1.2207197335393758,-1.0177589145628094,2.208192136292591,-1.125202323959656,0.002024466172776,0.2664834788566264,0.5741
-1.4358483730712364,-0.2682240916581367,-1.7349340479931885,-1.5221137751426126,-0.3250812539684289,0.1584519691119817,0.923764889823068,0.1415252924330493,-0.6217315437758534,-0.1466
1.1460625472712604,-0.6535338133809236,0.1577899692685852,-0.5770785405730483,,0.9609818398241762,-1.29231900021356,-1.2054596703323692,0.3959905634792938,0.3767
-0.25436809977037,1.4344076094691431,-1.236718645936986,-1.4489489228279775,-1.1214577705322717,-0.1556808990699247,0.2029341077350855,0.9499567454441704,0.1425663742743014,-3.0166
-0.353999658268367,-0.219601200943738,-0.2345991249880711,1.5352074970076366,-1.395521747430915,-1.200681345037802,,-1.776944717082012,2.0358899293651365,-0.3910
-1.1880918046518958,0.0343881997044348,0.4821808190100322,1.570523044939783,0.8210016929215549,0.8796707206448636,1.0299053565013192,0.051877464159028,-0.8300700554398993,-0.2057
-1.1720799320302688,0.8277384410278755,0.5746795664200458,-0.6314498327819139,1.0484561331407367,1.5491667498026878,-0.6642998734811113,-0.0641948065618654,2.639880718093747,0.4930
1.0492304714390075,0.0785288151427538,0.7921897526955268,-0.1061179321744911,-0.4756451342025599,1.569927506322124,-1.0202628489048715,-1.499162582062671,-1.0761909674137446,2.2183
2.359034217628216,-0.3618723924697469,-0.4624234950169034,2.7526683950184494,-1.5663075282136911,0.3711779592152046,-0.6911980575374816,0.1637316696515976,-0.8215777491300148,-1.0680
0.5335620599569784,0.454905758395537,0.3665310372067033,0.7010284424898653,-0.428135343644722,-0.7962765335145163,-0.7284389383582928,-0.3259436579563654,1.2997437946621442,1.1969
-1.0447475505969424,-0.7444617534358902,-0.291509828464551,-0.9500339735499844,,,,0.090371544601142,1.193538432379756,N/A 
-0.9693981526739588,0.2178801457641397,1.283423140912434,-0.9542118687365868,-0.6778638957122741,0.02505690603144,-0.6134140976738682,-0.7196504585915708,-0.2519332083246937,-0.6461
-0.7672112160098953,-0.3398477320044504,0.0674598886725904,-1.0428905441462233,-0.2308385415584988,1.0955158233080575,-0.004199485196337,-0.5846151630611687,1.0913418695023087,-1.4282
1.172408493840079,-1.0619225649725093,1.15864020117196,,-1.451811008019996,0.1440638465184928,-0.4893627395575458,1.2084446469998824,1.4975551540791552,-0.0057
1.2847893749675767,-0.2312363646781508,-0.752904217241782,0.6322870410746674,-0.8992425907221667,0.5170998983679882,-0.9758957562528228,1.3566064073934014,0.0299877807308113,1.0219
-1.4901196253774436,1.2756769025233052,-1.2049732520735037,-0.5131885592554976,0.7619426595888084,-0.6742690029546158,-0.4671362994229719,1.1463472449657766,-0.8835116316578858,0.6831
0.7402473437836249,-0.4166346820347864,0.6576370954959221,1.9072443385515243,-1.34410722900134,0.3688279175386399,,0.8548852836223607,0.9949927938234704,N/A 
-1.4129811038903477,-0.3401966795149375,0.3719630041042451,,0.5870577964333169,0.5430487894019873,0.1333122033780938,0.0019969430508389,-0.4770182286087285,0.4688
1.7673134799808872,0.6912723179481084,-2.278212835041365,0.1937508088709505,-0.6717216767538066,0.6782987540856551,0.7440064010768045,2.7857404179460485,0.4806960385912127,-0.2682
0.3089036710709745,-0.9468613089421302,0.2856183766291443,-0.0885135369286359,-1.152713179452794,0.3465902170915027,,1.510799652796445,0.03047220227852,-1.8338
-0.6450088265388029,-0.4759695140211845,-1.40784191625631,-0.672109954291863,-0.513360313571741,0.5263538239691102,-1.0277073132872006,0.0923781380596826,,1.2073
-1.4062599218810852,-2.052002784121576,-0.576782511081232,,-1.3650397408940318,-1.0120607722860366,-1.2318334885560198,-0.9153070353126784,0.438331482498759,0.4931
-0.6488911184507752,-0.5648578477085494,0.6025538078527397,1.399863536158559,0.2138367483228953,-1.43514849663863,1.4739461029271943,1.7864594583189768,,0.3036
-0.9248390852573616,-1.5135090275267278,-0.7364387033895505,1.2671459569560894,-0.43055694434295,1.1712272592754074,-1.0221871853725932,-1.769421230621951,1.129676646308874,-0.4150
0.6470381696949878,0.0416644696269693,-0.5306384113858773,0.2815063655487906,0.1690019930415391,0.6870544747477296,-0.8574327900238293,1.6165515397783723,-2.6772012528755145,-0.3106
1.476030712241913,0.6011788634504431,1.2569808416440873,-0.4756099562251724,-0.463053958456294,0.4881883905171599,0.9678536674473692,0.4349262608650472,1.3011054187567102,N/A 
2.3836924137282614,-1.3797587130952846,1.7415489822674757,-1.5594169057655312,1.17121679783566,-0.0444092591819552,-0.6578129400228384,0.901176093814449,0.3050858583717754,1.5530
1.4941263277169063,0.4077547217505105,-0.8398342911456459,-1.3514726637480006,-1.035465655409688,0.4869435402230992,1.0632432555884317,-0.5125148621088774,-0.62518672849983,0.4757
0.0424803851999617,-0.3149347658267561,-0.4554162750671657,-1.028240209226348,0.6627048584720844,0.090991006910258,-0.8310041965000216,-0.312463078191272,-0.2434660796132176,0.5552
-1.4376636284353537,-0.8324371511027321,-0.3805237997604475,-1.0700162588004614,-0.1095736719831005,0.4125904946967573,-1.6224677127426723,-0.8785979613952261,0.1051543976045471,0.0762
-0.4375943025169601,0.930041766370022,0.9428501202989642,1.4419388844009489,-0.6346963498302217,0.062071561775303,0.4295417169504794,-0.0163513760316353,-0.2432078887241668,0.4907
-0.8194518499662649,0.9285450625123076,0.1438227619634614,-0.1827250481715537,0.7832460426138648,-1.0163555969201832,,1.2748213528061776,-0.9849723207769644,-0.2284
0.7550082559222256,-0.059896092242544,-0.1932437914968826,-0.7513171781397233,0.4389008655915465,-0.08870278901773,1.102457642443741,-0.8413915928842324,1.0866380976292696,0.7735
-0.2821694867962662,-0.2690093539924384,-0.8986366552559785,0.7561839036313818,0.9075246588772634,0.040455084943207,3.125357783092977,0.732985377975973,1.1400549559995612,N/A 
0.1698023654909473,1.6270496640956678,2.2947253640427228,-0.1631731432439929,0.8289807688473307,-0.958591610595783,,1.0669851468575096,-0.4133024607180522,-0.5853
-1.158287302662944,-0.2153632788982551,0.6634642008196131,-0.1190458538568137,-0.9243337664234862,,1.3525797648543918,0.9890681972060192,-0.002272281421263,-0.3827
-0.0619120294924042,-1.9545121200015048,0.2445439766479897,0.0895876125895161,1.1077082347826497,0.8269986226622651,0.9182691514794156,-0.7538929607476993,,-0.4821
-1.143092322863541,,-0.9994041461937764,-0.7017579781847088,1.5230903750878966,-1.6204275197838192,-1.8414763702071144,-0.5248695897861806,0.3989154655766365,N/A 
1.5070687260730482,-0.0106465979159289,-0.6597814378664167,0.2297766122358605,0.9471492788554874,1.276002662209412,-1.4981994317579428,-0.639158692787486,0.6569496984637101,-0.9461
-1.3732593073444244,0.0829059494390804,0.1128816407832729,0.009248886823075,0.0224031149234834,-0.3266277813216421,0.1710581355744548,1.2748012743568609,-0.3211240430799125,1.6427
-0.8168503436804317,0.519030178011203,-0.6459555336154342,-0.0988792534657159,0.6659422915767377,0.5794789615143915,-0.3200184423246821,,-0.3961606886222423,-0.2722
-0.5073259216129479,-0.3461171233008404,-0.8375280526856491,1.0934278596645457,-1.1195283578088078,-1.1311812710135425,0.7363142895981908,0.6212902751949393,1.134791118667731,1.4481
0.310391057590914,1.0508273969796569,0.994119155174424,1.8123154509174373,0.6742541156686525,-0.9939589919600732,0.1326874674766124,-0.3767423371914923,,0.7538
0.1837790259126679,1.5086191237416988,-0.4573219541901099,-0.4086418405032073,-1.390569017165855,0.62206433110259,3.007710535886013,1.651914902144917,-0.0246329091892515,-0.0708
-0.5438878603932721,-2.3873608160152626,0.6590815566614244,-0.8930408283155097,-0.4723017009843955,1.0387068980649186,-1.437947810829039,-0.5724237286819794,1.2127722307124775,-0.3078
-0.2945314136264837,-0.615180407528346,-1.4947869208610378,-1.2916008098903022,-0.97434983451806,-0.2772143509280081,0.0003720842003389,-0.9898713092927792,-0.2304822803711813,0.1090
0.0693457653981979,0.5159149746212635,-0.7861888037757411,1.018209508476433,-0.6816383134485096,,,0.0476546647279496,,0.5668
0.1496909683611057,,1.8558037162493388,1.5478801586844335,-0.7510695555768897,0.0061159164854553,-1.4825576221577763,0.8988895347109238,-0.7739376874953102,1.4706
0.0353890487067285,-0.6861131472484974,0.9867548157534808,-1.5794374836476923,-1.325535067752199,-0.9092164329860536,1.373917713688663,,-0.7446913196017738,-1.3489
-0.2417929426748025,,-0.9217852689352436,,-0.6498664976345166,,0.7104885183666808,-0.2832697724983564,0.0228983906113129,0.9530
-0.7530757463919011,-0.5017395119306847,-0.0285582428353682,0.467124404029958,1.3227558249841578,0.9964389989803498,-1.4416818555324984,-1.2289987130840625,-1.1649573285492552,0.0557
-0.828878772260602,0.0187836301545361,-0.971507965283998,0.2822994315245123,0.8393529663470377,-0.2134245498712176,1.1124788841207942,0.040244686980592,0.2117916219734506,-0.1396
0.291281013842528,1.4201314024240308,1.2806414133675452,-0.6046455069163197,-0.0113497967675221,-1.2372479647333796,-0.675171066300936,0.450933108219462,-0.9741756233727082,-0.1521
-0.0436885488165318,-1.5898913388603986,0.982240158356578,-0.4902245196117404,-0.9115233592832414,1.6624647548917373,-1.2390288545219674,0.2427572062023304,-0.9406659383673578,0.6240
0.1475690987981298,0.8031662312942749,-1.808490071246857,0.5303476183701527,-1.2650852697003767,1.1622774998854564,0.6065978842886293,1.7433368221734529,0.0543689704593378,0.6924
-1.7411922421144637,0.3370702240078861,-1.3640687111747622,1.6308241728876858,0.0301140646736224,1.9123280531897493,,-1.099641939375012,0.6629074948571583,0.8666
-0.1756435983568488,0.366351100184166,-0.4030067336310217,0.2269207622738782,1.140651871407624,1.457515172958366,0.2214536632198379,-0.0442603773878928,-0.5065952962013119,1.2326
0.5629217927555064,-0.6049877179216091,0.1921222930941934,0.9705595266688666,-0.25355801802716,0.7038787208366574,0.7371789811206226,0.6274509686233909,-0.3399486220010188,1.2029
0.6097810639731622,0.8103229744351712,0.0489012572888976,0.5423942348530542,1.0978565426446083,,-0.6422920246605269,-0.0810597212020107,-0.7799886594761711,0.7699
-0.3415116395988449,0.6424506244340201,-1.8945938876457724,1.4406974018785552,0.3921338013602793,-0.3902178639300671,-1.014339176135432,0.0697737143893012,-0.1603570680030665,-0.3318
0.555171124123753,0.2396940928095188,-0.0392471713437479,0.1436255996425414,0.0963005610885149,0.2985459525547536,0.5756570395532612,-0.8005055076661225,0.5119966986219635,-1.0001
1.914411547230767,-0.6467699182103517,1.2281909027875857,-0.771003069945216,-0.3775957839348446,0.2391706332998803,-0.0901511325223043,-1.151540861994761,1.518070863231629,-0.7898
-0.1211867701968753,-1.3565708002954784,0.1074501747252875,-1.0557019779666832,-0.2760900921449429,0.8930945098428309,0.6091088195111602,-1.0276309615347552,-1.0577604080442986,-0.4468
-0.3559751658836745,-0.403694810248846,0.4240813807121295,,-0.114764760492205,-0.919055219003462,-0.0344862428337377,-0.0643417359177202,0.3313347822166415,0.9865
0.1250893699064855,-1.4434517280875867,-0.2943215665821296,-0.8628652076036181,1.6234588679136122,2.4185423766433747,-0.0493710416352106,0.4263186123592309,1.219050170568197,-0.2351
0.4012842222179214,-1.1164306973174043,-0.442377881562107,-0.2122639899015139,-0.0473055468562415,,-2.087799889104985,0.3429978127856318,-0.2888926077605185,-1.0617
0.8359444018214821,1.4186699241912155,0.62632181831069,0.6131353122537202,1.2777548232330425,1.5937896774783686,-1.201934168510184,-0.5604083799587543,-0.2667077146182587,1.2955
-0.4373973206135916,-1.04728606335173,0.839212276365789,0.7840067855687652,-0.838529833778287,0.5316839437999346,0.2284229781766226,-1.8195522989089687,-1.0081130038240556,-1.4100
-0.6711144918484779,0.6064380068057653,-0.2788551781152208,0.0520654646818758,0.9259583513949684,0.9313003266867786,0.5957074708754785,-0.1326158711934597,0.9983117733245308,1.8435
-0.5376068508059806,-0.8047704181018601,-1.1268066356333013,-0.8419013534114226,-0.898712659009099,-0.0726175632884065,,0.552968527930262,1.792069167590361,1.2564
0.4275568203125816,-1.4101407419802665,-1.5768369620377043,-0.3884131947339523,-1.5745834471602589,2.5680275836472948,-1.7756646178751263,0.6460653325037006,-0.4366097423822156,1.1629
0.9455496487741766,-0.9411364430816826,0.9700375117657192,-0.014361687136884,0.7196562214747476,0.2590017581861278,-1.34077885244009,2.06006734594238,-0.8478337378459962,-1.3700
-0.3805654531564824,0.7936603441823954,-1.006668014582712,-1.967090606181976,0.1285388001915525,-0.448297295248228,1.853571564077228,0.7023228430371125,-2.0393197908987077,-0.0593
1.062841452834275,-0.0070379142084784,-1.5378284484454667,0.9737845775726248,,-0.0386520157169934,-0.1241367738678961,-1.9001698643126737,-1.2435027187378942,-0.6679
-0.9711654739686582,2.0081038638281354,-2.13239725201541,-1.2544356034024502,-0.207018330025819,-0.2455045881011522,-0.0561637068291355,-0.4735916024658313,1.4023301165924789,0.4322
-1.3057561422979054,-1.169217724709388,0.6279041918343422,0.0206038284366579,-0.6220216571917329,-1.2662462376997654,0.7579500140427629,0.4236902114586793,-0.6669349848534376,0.1215
-0.0554643517396535,0.5131635602499331,0.6111018873409008,-1.040223793292014,0.6905695767232434,-2.0995023444215115,-0.2939668063876422,,-0.5193134521728382,1.1293
-0.7678991729090444,0.2602701464304414,-0.9518807920705374,0.2480676472398795,-0.8149422634760465,-1.392407057233923,-0.4062278006832938,0.2501547417589422,1.7560779724166522,1.8948
0.578565722353169,0.4151472536524631,0.6827966321999791,-0.3476819347475888,-0.2650109920452627,1.4253536021876887,-1.0029419988085717,0.9957339827971278,-1.995348980883839,0.8440
-1.3327252585186995,,0.2114478591196331,1.1325254871323034,,-0.0986162926204532,0.3652662413068541,-0.207569925025863,-0.0078292155748619,-0.4000
0.2840299234576116,0.4234563507980929,-0.6323860456928555,,,0.0558200503778638,0.1122860150167071,,-0.7447059137994,-0.6797
0.045963997570402,1.1453492194870527,1.255560097009231,-0.7267891910281574,-0.3880937137032209,,0.0757787421301999,2.0724595326543374,-1.9400266633114072,-0.2132
-0.7014353225653965,0.5712116923046985,0.7652179599794212,0.5467824485105688,-1.478091333039035,0.7185609046321645,-0.9575640221452688,0.6523832702608987,-1.3262014281609802,0.0043
-0.2042278933282263,-0.5988582977571266,,-0.7328020319367367,-0.2997386141206908,-1.4496116661843832,-0.1530148461412163,1.045867686684813,-0.0061768085359706,-0.7008
-0.00436995169929,,,-1.0801893126747837,1.0994528009110245,2.0572575017698105,-1.45985161103055,0.8709868023972553,-1.4734391492731904,0.1278
0.060808466503425,0.3211124231427786,-0.1107913610597128,-0.4513974704029511,-0.5821246541567088,-0.5997021522484133,-0.5166281481449441,-0.8224430230711837,-0.9100987136881123,-0.8047
-0.0365315479312792,-2.708702209349038,-1.5006687191681116,0.6662771979144542,0.5043025862134382,0.0165300769499197,,0.4603727650238808,-2.0624352567363267,0.0721
-0.4273296920041735,-0.9402155442768804,-0.8028224518878064,-0.3707596540656721,-0.3622595735551024,-0.030655676459939,-0.0107346157367131,0.6476538065808854,-0.3755222329215317,-0.4456
-1.5483401999519126,,0.4204674013853502,-0.1674744225122408,-0.4004207344237939,0.4639177947411033,0.2575091232991068,0.526431678071282,0.8144721198954992,0.6618
0.3593747141032919,-1.1432818677302974,-1.1402895082518911,0.073878921336294,-1.7394445982401272,-0.3301997720394222,-0.2670161116727222,-0.3550306028648019,0.1615030150965768,-0.8219
-1.4381661802310586,,,0.4209446679063109,1.0349162511767984,0.3617966190598667,0.4441799405645359,2.414320130021325,-0.7834192481554777,-0.5174
-0.9393699017000364,0.5081580433262685,-0.2241320100021341,-0.297669493868072,-0.4768394922061815,,0.1319402147638703,0.4794470493160409,1.5409192204560198,0.0470
-0.1951517156063078,0.2581623777936053,-0.0043073607517035,-1.43018592983934,0.041236288930614,-0.5927973890181647,1.586430849963561,0.9164078086753322,,-0.2657
1.064128646033858,1.5050199275505798,0.6555969909616532,0.6494460354845921,-0.5300025642636261,-1.327589160084524,0.3097622237164093,-0.0212649187105594,-0.5314199575878049,0.5654
-0.900167285779275,1.4961985002118396,0.0571155440413392,2.081032923031034,-1.691027357707657,0.0659414907051124,-1.956835310645512,-0.7104218931532921,1.4295338247154667,-0.6904
1.2446317467866246,-0.0783193644026755,0.4008875036651627,-0.365268749451151,-0.348697157131733,-0.0959129253096696,0.8853220573925411,0.0746165535878443,-0.8194532908235086,-0.6826
-0.704620004467595,0.0701543737734745,-0.6657657311843238,-0.1491327066056719,-0.3223634922389624,-0.2250968503446007,-0.3042001701783497,-0.3537627307018556,0.1519274208558741,-1.1789
0.5329259897135598,-0.1631937566916034,0.8046282633159637,,1.3555197841294984,1.5454281335604667,1.0892592249779809,0.7362487813626153,,-0.7865
0.0257940180776613,-1.2095663657393805,-0.1607018670608732,-0.6682303053780049,-1.784776203303766,,-1.1694287653015043,0.475745553314813,1.5811867919983598,N/A 
0.5537501016520942,-0.0092633324763639,-0.6646289722708263,-0.04307179037233,0.3171479037516604,-0.9875797190965416,0.3077015487931468,-0.0821804255109138,-0.2601126197243169,3.3251
-0.1190518977570593,-0.311418650912403,-0.1901914796289308,,-0.5055833574878276,-0.8236791683037578,-0.6160563637832882,0.1759823319450964,-0.1079197297578274,N/A 
-0.1857188728661713,1.191102482094507,0.7768768664090984,2.288365915550054,0.1088717971961764,-0.0320724271904649,1.2275810934980929,0.7419717760527004,0.3083295473144573,-1.9077
0.5407335567763706,-1.5158480836301813,-0.0486265632051241,-0.7205475439527105,-0.2550081207113311,1.0049465125352943,0.2490973741752216,-0.5768533064652249,0.2702707983584306,-0.6420
0.5207429382967627,1.389785198749251,0.3009729596174655,0.9788299828159563,-0.0628699415777563,-1.3769103405232803,-0.2093966845924625,0.8945175527112846,1.089585147078019,0.4443
0.8636782527176637,0.2640931080825781,0.9152017228746192,0.3322681814069839,0.5534019167440666,-0.2385788974079796,-1.9065810864750472,-0.4304036418239583,0.1214827661726336,-0.3728
0.2514592406180917,-1.8222124292610185,1.8518610166636644,0.6448427210567436,-1.1195692729045252,-0.3525644167416888,1.278715659488667,-1.2540407935259434,-0.9146868010423176,1.0802
0.5231775949384171,-0.7010104987544225,0.1339216200873858,-0.5283919186990038,-1.0588255679632002,0.0259544738413472,0.8665803465463869,-0.2721384492369476,-0.4326426548938135,1.2017
0.5697023105659037,0.4627566257296455,-0.9250549325027208,2.619802657160357,-0.8275657917931364,-0.8080589449206715,0.1816064306687028,-2.229507457768218,0.7494062951935445,1.2596
-1.8172406334951787,0.94770598456244,-0.191786023828623,0.364121213238952,0.073088076597635,1.2827401954706312,-0.4880415649380928,,-1.166459310216599,-2.6088
-0.1530635130368751,0.7223510362645358,-1.3735670710251109,-0.4606283540326567,0.1177344876721175,0.3700258693013356,1.317730087840162,0.6568683948497487,-0.1578016680120079,1.5396
0.4163634446017786,-0.4196586510804887,1.7657350220853496,1.26605478860654,0.6278204899840606,0.109041617548084,-0.1618745659847819,-0.3399480720812649,0.5661367839921831,-0.8528
0.4315789425761647,0.8462231290200163,-0.8143255949334239,-0.2496320253619202,0.5774494032815755,0.3109009828571376,0.9749117387702798,,-1.281779152640983,-1.1438
-0.0373090043858699,0.8655494542064515,0.1315330385187975,0.0504508361280159,-0.5006828067970114,-1.2402152926342018,-0.7607165343899136,-0.9166537757010784,1.57980771412845,0.7619
0.5039795786832469,0.6192894654558334,0.5077522152225907,-0.0987457440795076,0.6857971963602875,,0.089641500540314,-0.3225950025160752,1.0833276326851786,0.3344
1.2126057074381962,0.7870455724603429,-0.034677538502088,-1.288110532654713,0.6185303126566134,0.2110536269809362,,-0.3016167594605131,-0.711183091010975,-0.4630
-0.9269542262273603,-0.187602518205336,1.2358944483362964,0.5486572325719923,,-0.4900834655711749,-2.534909946487206,-0.687423080906842,-0.2376087958403893,0.3515
0.2394723527745387,0.3431223865774462,-0.0497304854196904,-0.474732843935746,0.4410046579951052,-2.102797689096214,0.4632139757587309,-0.6314725191440815,0.2762251587618524,0.5359
2.811829553823686,1.5534853639380353,1.236506871935533,0.5311537807860418,1.5830036551175015,0.1885629736870121,-0.1785919550165875,-0.4713686063352169,1.1447429919717145,-0.1901
1.105407857835911,-0.4619389625589867,-0.2874475242346542,2.0788857266094807,-0.4666244644529567,-0.8390458104014925,1.1301649839785122,-2.7918277932958366,,1.2805
-1.605668109611567,0.4975043336124258,1.142827440743864,1.359970352202164,-0.7354313590838797,1.0030382655536156,1.026483811859929,-0.2335668638173095,,0.6463
1.573712868092531,-0.764330125650857,-0.878991630676696,1.0266701971907255,-1.5197600406879304,-0.362920881959732,-0.3274669744454668,,0.0261836934672747,0.9775
0.9366611858547826,0.7539726647924417,,,1.00814585328495,,-0.7191030579749021,-0.5080169587100365,0.9052105841927084,-0.8510
,0.2961585136853389,0.2202147503060602,-1.184097998623401,0.1328588607501879,0.7689843682200513,1.5190272845046693,-0.3549630324183572,-0.271215568823534,-0.9387
0.3710376612283876,-2.0152019291037617,1.050947306223915,1.1762134562474378,-1.2893511206120978,-0.903427724997446,-0.5903543393662476,-0.7351215522099092,0.8031601987524105,-0.7361
-1.5197259445620928,-0.2817471531279098,0.2262293519487422,-0.3349039643841737,-1.273372593166871,-0.9088921904234336,0.4864326151479816,0.099575214331118,-0.7461677231001344,0.2118
0.2991505469614224,1.131345348990107,0.9240782628521368,0.1909050224965907,0.3332851229827497,-1.404648200567188,0.7006367448760927,-0.0393527663424786,0.5203703035851681,-0.2019
0.6920974291056147,,0.7329007960435693,-1.0245991461446309,0.095645842321247,0.4991472301461315,0.5974597379901714,-0.9051026751569576,-0.3419846510813495,0.0190
-0.0869297444025744,0.5780194293938886,-0.5431416967948158,0.5704313940905451,,0.0747174795733483,0.7348779576739239,1.356833557776475,,N/A 
1.2892958059751956,-0.6213199821831037,-0.5715403662014089,0.1172300995664642,-0.1496477653394708,1.3342750368496044,1.9394733837267677,0.0443443171306627,0.3797715323204799,-0.3317
-1.6892866814324534,1.1298301474426178,0.321949982510102,-1.7345361541616608,1.1191770383771509,0.5092627463724007,,1.4930446215917408,-1.601894943575066,0.0866
0.4064192986777666,-0.2543319380165201,0.5354956108673373,-1.5061189285321692,0.2441464557384318,0.4458422960231888,1.2693081986526913,0.0049597827324362,-0.1463986344003819,-0.8040
-0.1576023257374326,1.223663873686185,1.30960155639152,0.329023941279905,-1.1526783485230692,1.7609840657764937,-0.8738194295063231,1.0053737149619904,0.4446454186583026,-0.6337
-0.2026785758652567,,-0.8525095710349262,0.7993630849353216,0.7522016903674281,2.944071572698457,1.8976096523977235,-0.7041969945702192,0.391807610336552,0.3599
-0.5740540719567582,-0.7443163440260157,0.0644782166057897,-0.6169373887759316,-0.0188993098454505,0.2121732050754972,0.3935711705014607,,-0.3882199893215868,-0.9090
0.4974991547481513,0.7676268716999395,0.6376884193355886,-0.7419172596150518,0.0716309769449639,1.1528352275436409,-1.8419251957069436,0.2209805244393339,0.8950240206523792,-0.9970
-0.8921347871478399,0.2520405093647693,-0.6083542140223662,,0.9259993090250744,-0.9086863733881924,1.090006596931432,-0.5139300871932725,-0.9560295576913084,-0.4567
-0.8804223398025807,-0.2815255610608529,-0.591047812344036,-1.1159096990554118,0.9208528340463268,-1.7569539664313014,0.1011601046301292,1.7389748398752838,0.1710993660426265,N/A 
-1.2855741755730437,-0.2366223810826428,0.3376333254328478,,-1.3511068325187054,-0.9734685210546018,0.2113273078577089,-0.637907325007887,0.6910753456372936,0.2327
0.585128996798963,0.3665470801430485,0.7805008236138496,0.9621463924609726,-0.3606203285884438,0.1355772681422174,1.5654424823886202,0.0516589195125611,-1.377625425843925,-0.5990
-0.1480778392730876,0.4540605563227335,-0.6046096375632352,0.2684148520645038,-0.3442966437788848,0.4498586319952564,0.1572326172208518,-0.19119076386614,1.333675765066398,0.7357
-0.721060333360402,0.1531734101924915,0.4835295610546949,,0.8999840787370817,-0.9874077603992948,-1.3860687728035506,0.0433022263738623,-1.8383142886463053,1.2699
0.9055030808584756,-0.3433397054634812,-0.1521589674590885,0.8170691115557814,-0.3680151514128186,-0.7862499702554727,,0.2273367852421679,-0.4739197902610083,1.2468
,-0.649347803847591,0.2158397490192533,0.5044354381117991,-2.25784430487942,0.9393497941399268,0.5235565735952764,-1.0274281721189271,,0.1426
-0.8067020657624058,-0.5649741228865465,-0.8897521096132008,,-0.3808292471691213,-0.2202337116250854,0.5924198472576085,0.5911255680976913,-0.1932791606907201,N/A 
1.660864253947801,-0.8781436542065689,-0.5130956771607713,-1.4686049915166146,-1.212580491115224,1.94925262712113,-0.0610236914524523,1.2922228233349835,-0.3485620675634873,0.3596
0.2401110172605247,0.9236124468880802,-0.0916095603178509,-2.127430333991947,2.0357627889883108,-0.2492233688521743,0.2447166377271374,-0.6132404077237645,0.4409132710104064,-1.2717
1.334988332078314,,0.2452598756093577,1.1874146331628466,0.9613501241388388,,0.0506535976762728,0.2282172284597436,,0.8102
-1.856185480611148,-1.9943937697410572,1.7448141483393012,0.3933412170817397,1.9850845914257311,0.2172651451180396,-2.131712108481604,-0.2227736991029996,-0.0658478477112011,-0.0488
0.2323339884164571,-0.1558168558874643,,0.2535458591860405,0.1132682936463804,0.5342657869532947,0.3770215479543404,-1.9282156385381048,-0.1002499389324884,0.3936
0.6823981974680702,,-0.4662260285193562,0.2186706643715296,-1.040314083089252,0.0331535207047943,0.7198459793469572,,-0.2239305469015856,-1.0767
-0.4151004727714758,-0.0044636474013706,0.5926775679576779,1.995775494517664,-0.4996076381873021,0.209157286843805,0.8124178060834657,0.810463591911564,-0.2880029559320745,-1.5488
0.3039945586760308,1.0148950833041466,-0.0249554147517581,-1.8670709596264845,-0.7954477877733337,-0.1798138145364736,-1.8489429330926272,-2.3729362742131075,0.9343378050949656,1.8899
-2.0361399103113973,-1.036574190194901,1.1220808694253432,-0.4339298457733209,0.2067368847096725,2.3323087241481515,-0.4808222267004532,-0.4956312649234257,,1.3748
0.6319046786773382,-0.4590715822792858,-0.5373445386977597,-1.3885128778001292,-0.9457522121089468,1.6259058159263484,1.393386323067475,-0.1130546322227945,1.060264579538069,0.5523
-1.8788855174803416,-0.3776487213623333,-0.4419121414129554,0.3088652188358068,0.1256977629316069,-0.2998264422425255,-1.369665365591626,,-0.3834369107696346,0.7301
-0.4915286647651543,0.8410185393948837,0.6610101490773753,0.1915225033894213,2.502878972514069,0.4235962960843479,-0.3110896662191054,-0.4219623940932432,-1.3784288370984203,-0.0276
-0.1573363144070334,-1.4591857283728875,0.9499314673195174,1.154927918993089,0.1374634989459051,0.9809216166143392,-0.1767498622505136,-1.2765155299760478,-0.3414354748768572,1.5773
